Type,SKU,Name,Published,Is featured?,Visibility in catalog,Short description,Description,Tax status,In stock?,Regular price,Categories,Images,Brands,Attribute 1 name,Attribute 1 value(s),Attribute 1 visible,Attribute 1 global,Attribute 2 name,Attribute 2 value(s),Attribute 2 visible,Attribute 2 global,Attribute 3 name,Attribute 3 value(s),Attribute 3 visible,Attribute 3 global,Attribute 4 name,Attribute 4 value(s),Attribute 4 visible,Attribute 4 global,Attribute 5 name,Attribute 5 value(s),Attribute 5 visible,Attribute 5 global,Attribute 6 name,Attribute 6 value(s),Attribute 6 visible,Attribute 6 global,Attribute 7 name,Attribute 7 value(s),Attribute 7 visible,Attribute 7 global,Attribute 8 name,Attribute 8 value(s),Attribute 8 visible,Attribute 8 global,Attribute 9 name,Attribute 9 value(s),Attribute 9 visible,Attribute 9 global,Meta: _bf_preis_auf_anfrage,Meta: _bf_herkunft
simple,BF-V-3119C020,Elesa+Ganter GN 21 Stellfuß Teller Ø100,1,0,visible,Edelstahl-Stellfuß mit gedrehtem Teller ohne Befestigungslöcher. Preis und Lieferzeit auf Anfrage.,"<p>Edelstahl-Stellfuß mit gedrehtem Teller ohne Befestigungslöcher.</p><table><tbody><tr><th>Hersteller</th><td>Elesa+Ganter</td></tr><tr><th>Serie / Artikel</th><td>GN 21 Stellfuß Teller Ø100</td></tr><tr><th>Maß / Ø (mm)</th><td>Teller 100</td></tr><tr><th>Material</th><td>Teller AISI 304, Spindel AISI 303, optional NBR-Belag</td></tr><tr><th>Gewinde / Anschluss</th><td>M8-M24</td></tr></tbody></table><p>Technische Angaben nach Herstellerunterlagen, ohne Gewähr. Passende Ausführung, Preis und Lieferzeit nennen wir Ihnen auf Anfrage.</p>",taxable,1,,Edelstahl-Stellbeine,,Elesa+Ganter,Anwendung,"Gastronomiegerät, Arbeitstisch / Möbel",1,1,Funktion,Höhenverstellung,1,1,Bauform,Stellbein,1,1,Material,Edelstahl,1,1,Gewinde,"M8, M10, M12, M14, M16, M20, M24",1,1,Durchmesser,Teller 100 mm,1,0,,,,,,,,,,,,,1,vergleich
simple,BF-V-1345E40E,Elesa+Ganter GN 21 Stellfuß Teller Ø120,1,0,visible,Edelstahl-Stellfuß mit gedrehtem Teller ohne Befestigungslöcher. Preis und Lieferzeit auf Anfrage.,"<p>Edelstahl-Stellfuß mit gedrehtem Teller ohne Befestigungslöcher.</p><table><tbody><tr><th>Hersteller</th><td>Elesa+Ganter</td></tr><tr><th>Serie / Artikel</th><td>GN 21 Stellfuß Teller Ø120</td></tr><tr><th>Maß / Ø (mm)</th><td>Teller 120</td></tr><tr><th>Material</th><td>Teller AISI 304, Spindel AISI 303, optional NBR-Belag</td></tr><tr><th>Gewinde / Anschluss</th><td>M20-M30</td></tr></tbody></table><p>Technische Angaben nach Herstellerunterlagen, ohne Gewähr. Passende Ausführung, Preis und Lieferzeit nennen wir Ihnen auf Anfrage.</p>",taxable,1,,Edelstahl-Stellbeine,,Elesa+Ganter,Anwendung,"Gastronomiegerät, Arbeitstisch / Möbel",1,1,Funktion,Höhenverstellung,1,1,Bauform,Stellbein,1,1,Material,Edelstahl,1,1,Gewinde,"M20, M24, M30",1,1,Durchmesser,Teller 120 mm,1,0,,,,,,,,,,,,,1,vergleich
simple,BF-V-0BB10C0F,Elesa+Ganter GN 21 Stellfuß Teller Ø80,1,0,visible,Edelstahl-Stellfuß mit gedrehtem Teller ohne Befestigungslöcher. Preis und Lieferzeit auf Anfrage.,"<p>Edelstahl-Stellfuß mit gedrehtem Teller ohne Befestigungslöcher.</p><table><tbody><tr><th>Hersteller</th><td>Elesa+Ganter</td></tr><tr><th>Serie / Artikel</th><td>GN 21 Stellfuß Teller Ø80</td></tr><tr><th>Maß / Ø (mm)</th><td>Teller 80</td></tr><tr><th>Material</th><td>Teller AISI 304, Spindel AISI 303, optional NBR-Belag</td></tr><tr><th>Gewinde / Anschluss</th><td>M8-M24</td></tr></tbody></table><p>Technische Angaben nach Herstellerunterlagen, ohne Gewähr. Passende Ausführung, Preis und Lieferzeit nennen wir Ihnen auf Anfrage.</p>",taxable,1,,Edelstahl-Stellbeine,,Elesa+Ganter,Anwendung,"Gastronomiegerät, Arbeitstisch / Möbel",1,1,Funktion,Höhenverstellung,1,1,Bauform,Stellbein,1,1,Material,Edelstahl,1,1,Gewinde,"M8, M10, M12, M14, M16, M20, M24",1,1,Durchmesser,Teller 80 mm,1,0,,,,,,,,,,,,,1,vergleich
simple,BF-V-E93F01AF,Elesa+Ganter GN 44 Stellfuß Teller Ø40,1,0,visible,"Korrosionsbeständiger Stellfuß, Gewindebolzen oder Innengewinde, optional Gummiauflage. Preis und Lieferzeit auf Anfrage.","<p>Korrosionsbeständiger Stellfuß, Gewindebolzen oder Innengewinde, optional Gummiauflage.</p><table><tbody><tr><th>Hersteller</th><td>Elesa+Ganter</td></tr><tr><th>Serie / Artikel</th><td>GN 44 Stellfuß Teller Ø40</td></tr><tr><th>Maß / Ø (mm)</th><td>Teller 40</td></tr><tr><th>Material</th><td>Edelstahl AISI 316L, Kappe TPE / Belag NBR</td></tr><tr><th>Gewinde / Anschluss</th><td>M8-M16</td></tr><tr><th>Traglast (N)</th><td>8000-12000</td></tr></tbody></table><p>Technische Angaben nach Herstellerunterlagen, ohne Gewähr. Passende Ausführung, Preis und Lieferzeit nennen wir Ihnen auf Anfrage.</p>",taxable,1,,Edelstahl-Stellbeine,,Elesa+Ganter,Anwendung,"Gastronomiegerät, Arbeitstisch / Möbel",1,1,Funktion,Höhenverstellung,1,1,Bauform,Stellbein,1,1,Material,Edelstahl,1,1,Gewinde,"M8, M10, M12, M14, M16",1,1,Traglast,8000-12000 N,1,0,Durchmesser,Teller 40 mm,1,0,,,,,,,,,1,vergleich
simple,BF-V-202C08B0,Elesa+Ganter GN 44 Stellfuß Teller Ø50,1,0,visible,"Korrosionsbeständiger Stellfuß, Gewindebolzen oder Innengewinde, optional Gummiauflage. Preis und Lieferzeit auf Anfrage.","<p>Korrosionsbeständiger Stellfuß, Gewindebolzen oder Innengewinde, optional Gummiauflage.</p><table><tbody><tr><th>Hersteller</th><td>Elesa+Ganter</td></tr><tr><th>Serie / Artikel</th><td>GN 44 Stellfuß Teller Ø50</td></tr><tr><th>Maß / Ø (mm)</th><td>Teller 50</td></tr><tr><th>Material</th><td>Edelstahl AISI 316L, Kappe TPE / Belag NBR</td></tr><tr><th>Gewinde / Anschluss</th><td>M8-M16</td></tr><tr><th>Traglast (N)</th><td>8000-14000</td></tr></tbody></table><p>Technische Angaben nach Herstellerunterlagen, ohne Gewähr. Passende Ausführung, Preis und Lieferzeit nennen wir Ihnen auf Anfrage.</p>",taxable,1,,Edelstahl-Stellbeine,,Elesa+Ganter,Anwendung,"Gastronomiegerät, Arbeitstisch / Möbel",1,1,Funktion,Höhenverstellung,1,1,Bauform,Stellbein,1,1,Material,Edelstahl,1,1,Gewinde,"M8, M10, M12, M14, M16",1,1,Traglast,8000-14000 N,1,0,Durchmesser,Teller 50 mm,1,0,,,,,,,,,1,vergleich
simple,BF-V-C669B20A,Elesa+Ganter GN 44 Stellfuß Teller Ø60,1,0,visible,"Korrosionsbeständiger Stellfuß, Gewindebolzen oder Innengewinde, optional Gummiauflage. Preis und Lieferzeit auf Anfrage.","<p>Korrosionsbeständiger Stellfuß, Gewindebolzen oder Innengewinde, optional Gummiauflage.</p><table><tbody><tr><th>Hersteller</th><td>Elesa+Ganter</td></tr><tr><th>Serie / Artikel</th><td>GN 44 Stellfuß Teller Ø60</td></tr><tr><th>Maß / Ø (mm)</th><td>Teller 60</td></tr><tr><th>Material</th><td>Edelstahl AISI 316L, Kappe TPE / Belag NBR</td></tr><tr><th>Gewinde / Anschluss</th><td>M8-M16</td></tr><tr><th>Traglast (N)</th><td>8000-16000</td></tr></tbody></table><p>Technische Angaben nach Herstellerunterlagen, ohne Gewähr. Passende Ausführung, Preis und Lieferzeit nennen wir Ihnen auf Anfrage.</p>",taxable,1,,Edelstahl-Stellbeine,,Elesa+Ganter,Anwendung,"Gastronomiegerät, Arbeitstisch / Möbel",1,1,Funktion,Höhenverstellung,1,1,Bauform,Stellbein,1,1,Material,Edelstahl,1,1,Gewinde,"M8, M10, M12, M14, M16",1,1,Traglast,8000-16000 N,1,0,Durchmesser,Teller 60 mm,1,0,,,,,,,,,1,vergleich
simple,BF-V-3E4213C2,Elesa+Ganter GN 44 Stellfuß Teller Ø80,1,0,visible,"Korrosionsbeständiger Stellfuß, Gewindebolzen oder Innengewinde, optional Gummiauflage. Preis und Lieferzeit auf Anfrage.","<p>Korrosionsbeständiger Stellfuß, Gewindebolzen oder Innengewinde, optional Gummiauflage.</p><table><tbody><tr><th>Hersteller</th><td>Elesa+Ganter</td></tr><tr><th>Serie / Artikel</th><td>GN 44 Stellfuß Teller Ø80</td></tr><tr><th>Maß / Ø (mm)</th><td>Teller 80</td></tr><tr><th>Material</th><td>Edelstahl AISI 316L, Kappe TPE / Belag NBR</td></tr><tr><th>Gewinde / Anschluss</th><td>M8-M24</td></tr><tr><th>Traglast (N)</th><td>8000-22000</td></tr></tbody></table><p>Technische Angaben nach Herstellerunterlagen, ohne Gewähr. Passende Ausführung, Preis und Lieferzeit nennen wir Ihnen auf Anfrage.</p>",taxable,1,,Edelstahl-Stellbeine,,Elesa+Ganter,Anwendung,"Gastronomiegerät, Arbeitstisch / Möbel",1,1,Funktion,Höhenverstellung,1,1,Bauform,Stellbein,1,1,Material,Edelstahl,1,1,Gewinde,"M8, M10, M12, M14, M16, M20, M24",1,1,Traglast,8000-22000 N,1,0,Durchmesser,Teller 80 mm,1,0,,,,,,,,,1,vergleich
simple,BF-V-B8F773FB,Elesa+Ganter LV.F-PP-SST Teller D100,1,0,visible,"Stellfuß mit PP-Teller zum Bodenverschrauben, Edelstahlspindel. Preis und Lieferzeit auf Anfrage.","<p>Stellfuß mit PP-Teller zum Bodenverschrauben, Edelstahlspindel.</p><table><tbody><tr><th>Hersteller</th><td>Elesa+Ganter</td></tr><tr><th>Serie / Artikel</th><td>LV.F-PP-SST Teller D100</td></tr><tr><th>Maß / Ø (mm)</th><td>Teller 100</td></tr><tr><th>Material</th><td>Teller PP grau, Spindel Edelstahl AISI 304, optional EPDM-Scheibe</td></tr><tr><th>Gewinde / Anschluss</th><td>M16, M20, M24</td></tr><tr><th>Traglast (N)</th><td>5000</td></tr><tr><th>Varianten laut Hersteller</th><td>11</td></tr></tbody></table><p>Technische Angaben nach Herstellerunterlagen, ohne Gewähr. Passende Ausführung, Preis und Lieferzeit nennen wir Ihnen auf Anfrage.</p>",taxable,1,,Edelstahl-Stellbeine,,Elesa+Ganter,Anwendung,"Gastronomiegerät, Arbeitstisch / Möbel",1,1,Funktion,Höhenverstellung,1,1,Bauform,Stellbein,1,1,Material,"Edelstahl, Kunststoff",1,1,Gewinde,"M16, M20, M24",1,1,Traglast,5000 N,1,0,Durchmesser,Teller 100 mm,1,0,,,,,,,,,1,vergleich
simple,BF-V-1368DE11,Elesa+Ganter LV.F-PP-SST Teller D80,1,0,visible,"Stellfuß mit PP-Teller zum Bodenverschrauben, Edelstahlspindel. Preis und Lieferzeit auf Anfrage.","<p>Stellfuß mit PP-Teller zum Bodenverschrauben, Edelstahlspindel.</p><table><tbody><tr><th>Hersteller</th><td>Elesa+Ganter</td></tr><tr><th>Serie / Artikel</th><td>LV.F-PP-SST Teller D80</td></tr><tr><th>Maß / Ø (mm)</th><td>Teller 80</td></tr><tr><th>Material</th><td>Teller PP grau, Spindel Edelstahl AISI 304, optional EPDM-Scheibe</td></tr><tr><th>Gewinde / Anschluss</th><td>M16, M20, M24</td></tr><tr><th>Traglast (N)</th><td>4000</td></tr><tr><th>Varianten laut Hersteller</th><td>11</td></tr></tbody></table><p>Technische Angaben nach Herstellerunterlagen, ohne Gewähr. Passende Ausführung, Preis und Lieferzeit nennen wir Ihnen auf Anfrage.</p>",taxable,1,,Edelstahl-Stellbeine,,Elesa+Ganter,Anwendung,"Gastronomiegerät, Arbeitstisch / Möbel",1,1,Funktion,Höhenverstellung,1,1,Bauform,Stellbein,1,1,Material,"Edelstahl, Kunststoff",1,1,Gewinde,"M16, M20, M24",1,1,Traglast,4000 N,1,0,Durchmesser,Teller 80 mm,1,0,,,,,,,,,1,vergleich
simple,BF-V-3E1679F1,Elesa+Ganter LV.F-SST Teller D100,1,0,visible,"Stellelement mit PA-Teller und Edelstahlspindel, Bodenbefestigung möglich. Preis und Lieferzeit auf Anfrage.","<p>Stellelement mit PA-Teller und Edelstahlspindel, Bodenbefestigung möglich.</p><table><tbody><tr><th>Hersteller</th><td>Elesa+Ganter</td></tr><tr><th>Serie / Artikel</th><td>LV.F-SST Teller D100</td></tr><tr><th>Maß / Ø (mm)</th><td>Teller 100</td></tr><tr><th>Material</th><td>Teller PA glasfaserverstärkt, Spindel AISI 304, optional NBR</td></tr><tr><th>Gewinde / Anschluss</th><td>M8-M24</td></tr><tr><th>Traglast (N)</th><td>18000-25000</td></tr></tbody></table><p>Technische Angaben nach Herstellerunterlagen, ohne Gewähr. Passende Ausführung, Preis und Lieferzeit nennen wir Ihnen auf Anfrage.</p>",taxable,1,,Edelstahl-Stellbeine,,Elesa+Ganter,Anwendung,"Gastronomiegerät, Arbeitstisch / Möbel",1,1,Funktion,Höhenverstellung,1,1,Bauform,Stellbein,1,1,Material,"Edelstahl, Kunststoff",1,1,Gewinde,"M8, M10, M12, M14, M16, M20, M24",1,1,Traglast,18000-25000 N,1,0,Durchmesser,Teller 100 mm,1,0,,,,,,,,,1,vergleich
simple,BF-V-99C97FC3,Elesa+Ganter LV.F-SST Teller D125,1,0,visible,Großes Stellelement mit PA-Teller und Edelstahlspindel. Preis und Lieferzeit auf Anfrage.,"<p>Großes Stellelement mit PA-Teller und Edelstahlspindel.</p><table><tbody><tr><th>Hersteller</th><td>Elesa+Ganter</td></tr><tr><th>Serie / Artikel</th><td>LV.F-SST Teller D125</td></tr><tr><th>Maß / Ø (mm)</th><td>Teller 125</td></tr><tr><th>Material</th><td>Teller PA glasfaserverstärkt, Spindel AISI 304, optional NBR</td></tr><tr><th>Gewinde / Anschluss</th><td>M16, M20, M24</td></tr><tr><th>Traglast (N)</th><td>28000</td></tr></tbody></table><p>Technische Angaben nach Herstellerunterlagen, ohne Gewähr. Passende Ausführung, Preis und Lieferzeit nennen wir Ihnen auf Anfrage.</p>",taxable,1,,Edelstahl-Stellbeine,,Elesa+Ganter,Anwendung,"Gastronomiegerät, Arbeitstisch / Möbel",1,1,Funktion,"Höhenverstellung, Hohe Traglast",1,1,Bauform,Stellbein,1,1,Material,"Edelstahl, Kunststoff",1,1,Gewinde,"M16, M20, M24",1,1,Traglast,28000 N,1,0,Durchmesser,Teller 125 mm,1,0,,,,,,,,,1,vergleich
simple,BF-V-3C015501,Elesa+Ganter LV.F-SST Teller D80,1,0,visible,"Stellelement mit PA-Teller und Edelstahlspindel, Bodenbefestigung möglich. Preis und Lieferzeit auf Anfrage.","<p>Stellelement mit PA-Teller und Edelstahlspindel, Bodenbefestigung möglich.</p><table><tbody><tr><th>Hersteller</th><td>Elesa+Ganter</td></tr><tr><th>Serie / Artikel</th><td>LV.F-SST Teller D80</td></tr><tr><th>Maß / Ø (mm)</th><td>Teller 80</td></tr><tr><th>Material</th><td>Teller PA glasfaserverstärkt, Spindel AISI 304, optional NBR</td></tr><tr><th>Gewinde / Anschluss</th><td>M8-M24</td></tr><tr><th>Traglast (N)</th><td>16000-18000</td></tr></tbody></table><p>Technische Angaben nach Herstellerunterlagen, ohne Gewähr. Passende Ausführung, Preis und Lieferzeit nennen wir Ihnen auf Anfrage.</p>",taxable,1,,Edelstahl-Stellbeine,,Elesa+Ganter,Anwendung,"Gastronomiegerät, Arbeitstisch / Möbel",1,1,Funktion,Höhenverstellung,1,1,Bauform,Stellbein,1,1,Material,"Edelstahl, Kunststoff",1,1,Gewinde,"M8, M10, M12, M14, M16, M20, M24",1,1,Traglast,16000-18000 N,1,0,Durchmesser,Teller 80 mm,1,0,,,,,,,,,1,vergleich
simple,BF-V-DD933EE3,"Kason Industries 1750 Economy Leg 1-5/8""",1,0,visible,"Edelstahl-Rundrohrbein für Gastrogeräte, Länge nach Wunsch. Preis und Lieferzeit auf Anfrage.","<p>Edelstahl-Rundrohrbein für Gastrogeräte, Länge nach Wunsch.</p><table><tbody><tr><th>Hersteller</th><td>Kason Industries</td></tr><tr><th>Serie / Artikel</th><td>1750 Economy Leg 1-5/8&quot;</td></tr><tr><th>Maß / Ø (mm)</th><td>41,3 (1-5/8&quot; OD), Höhe 102-914</td></tr><tr><th>Material</th><td>Edelstahl 300er Serie 16 ga, #4 satiniert</td></tr><tr><th>Gewinde / Anschluss</th><td>Gewindebolzen, Anschraubplatte geschweißt oder separat</td></tr></tbody></table><p>Technische Angaben nach Herstellerunterlagen, ohne Gewähr. Passende Ausführung, Preis und Lieferzeit nennen wir Ihnen auf Anfrage.</p>",taxable,1,,Edelstahl-Stellbeine,,Kason Industries,Anwendung,"Gastronomiegerät, Arbeitstisch / Möbel",1,1,Funktion,Höhenverstellung,1,1,Bauform,Stellbein,1,1,Material,Edelstahl,1,1,Durchmesser,"41,3 (1-5/8"" OD) · Höhe 102-914 mm",1,0,,,,,,,,,,,,,,,,,1,vergleich
simple,BF-V-8BFC9756,"Kason Industries 1751 HD Leg 2""",1,0,visible,Schwerlast-Edelstahlbein 2 Zoll mit integriertem Stellfuß. Preis und Lieferzeit auf Anfrage.,"<p>Schwerlast-Edelstahlbein 2 Zoll mit integriertem Stellfuß.</p><table><tbody><tr><th>Hersteller</th><td>Kason Industries</td></tr><tr><th>Serie / Artikel</th><td>1751 HD Leg 2&quot;</td></tr><tr><th>Maß / Ø (mm)</th><td>50,8 (2&quot; OD), Höhe 102-914</td></tr><tr><th>Material</th><td>Edelstahl 300er Serie 16 ga, #4 satiniert</td></tr><tr><th>Gewinde / Anschluss</th><td>Gewindebolzen, Anschraubplatte geschweißt oder separat</td></tr><tr><th>Traglast (N)</th><td>8896 (2000 lb)</td></tr><tr><th>Verstellbereich (mm)</th><td>37 Standard, 76 optional</td></tr></tbody></table><p>Technische Angaben nach Herstellerunterlagen, ohne Gewähr. Passende Ausführung, Preis und Lieferzeit nennen wir Ihnen auf Anfrage.</p>",taxable,1,,Edelstahl-Stellbeine,,Kason Industries,Anwendung,"Gastronomiegerät, Arbeitstisch / Möbel",1,1,Funktion,Höhenverstellung,1,1,Bauform,Stellbein,1,1,Material,Edelstahl,1,1,Traglast,8896 (2000 lb) N,1,0,Durchmesser,"50,8 (2"" OD) · Höhe 102-914 mm",1,0,,,,,,,,,,,,,1,vergleich
simple,BF-V-DAB24D4F,"Kason Industries 1752 HD Leg 1-5/8""",1,0,visible,Schwerlast-Edelstahlbein 1-5/8 Zoll mit integriertem Stellfuß. Preis und Lieferzeit auf Anfrage.,"<p>Schwerlast-Edelstahlbein 1-5/8 Zoll mit integriertem Stellfuß.</p><table><tbody><tr><th>Hersteller</th><td>Kason Industries</td></tr><tr><th>Serie / Artikel</th><td>1752 HD Leg 1-5/8&quot;</td></tr><tr><th>Maß / Ø (mm)</th><td>41,3 (1-5/8&quot; OD), Höhe 102-914</td></tr><tr><th>Material</th><td>Edelstahl 300er Serie 16 ga, #4 satiniert</td></tr><tr><th>Gewinde / Anschluss</th><td>Gewindebolzen, Anschraubplatte geschweißt oder separat</td></tr><tr><th>Traglast (N)</th><td>8896 (2000 lb)</td></tr><tr><th>Verstellbereich (mm)</th><td>37 Standard, 76 optional</td></tr></tbody></table><p>Technische Angaben nach Herstellerunterlagen, ohne Gewähr. Passende Ausführung, Preis und Lieferzeit nennen wir Ihnen auf Anfrage.</p>",taxable,1,,Edelstahl-Stellbeine,,Kason Industries,Anwendung,"Gastronomiegerät, Arbeitstisch / Möbel",1,1,Funktion,Höhenverstellung,1,1,Bauform,Stellbein,1,1,Material,Edelstahl,1,1,Traglast,8896 (2000 lb) N,1,0,Durchmesser,"41,3 (1-5/8"" OD) · Höhe 102-914 mm",1,0,,,,,,,,,,,,,1,vergleich
simple,BF-V-ACBF7D7A,"Kason Industries 1753 Leg 2""",1,0,visible,Edelstahl-Gerätebein 2 Zoll mit Montageplatte. Preis und Lieferzeit auf Anfrage.,"<p>Edelstahl-Gerätebein 2 Zoll mit Montageplatte.</p><table><tbody><tr><th>Hersteller</th><td>Kason Industries</td></tr><tr><th>Serie / Artikel</th><td>1753 Leg 2&quot;</td></tr><tr><th>Maß / Ø (mm)</th><td>50,8 (2&quot; OD)</td></tr><tr><th>Material</th><td>Edelstahl 300er Serie 1,5 mm, #4 satiniert</td></tr><tr><th>Gewinde / Anschluss</th><td>Gewindebolzen, Platte geschweißt oder separat</td></tr><tr><th>Traglast (N)</th><td>8896 (2000 lb)</td></tr></tbody></table><p>Technische Angaben nach Herstellerunterlagen, ohne Gewähr. Passende Ausführung, Preis und Lieferzeit nennen wir Ihnen auf Anfrage.</p>",taxable,1,,Edelstahl-Stellbeine,,Kason Industries,Anwendung,"Gastronomiegerät, Arbeitstisch / Möbel",1,1,Funktion,Höhenverstellung,1,1,Bauform,Stellbein,1,1,Material,Edelstahl,1,1,Traglast,8896 (2000 lb) N,1,0,Durchmesser,"50,8 (2"" OD) mm",1,0,,,,,,,,,,,,,1,vergleich
simple,BF-V-5AABA2D8,Kason Industries 1760 Clad Leg,1,0,visible,"Edelstahlummanteltes Kunststoffbein mit verstellbarem Fuß, drei Höhen. Preis und Lieferzeit auf Anfrage.","<p>Edelstahlummanteltes Kunststoffbein mit verstellbarem Fuß, drei Höhen.</p><table><tbody><tr><th>Hersteller</th><td>Kason Industries</td></tr><tr><th>Serie / Artikel</th><td>1760 Clad Leg</td></tr><tr><th>Material</th><td>Edelstahlmantel über technischem Kunststoff</td></tr><tr><th>Gewinde / Anschluss</th><td>Abnehmbare Montageplatte (separat)</td></tr><tr><th>Traglast (N)</th><td>8896 (2000 lb)</td></tr><tr><th>Varianten laut Hersteller</th><td>3</td></tr></tbody></table><p>Technische Angaben nach Herstellerunterlagen, ohne Gewähr. Passende Ausführung, Preis und Lieferzeit nennen wir Ihnen auf Anfrage.</p>",taxable,1,,Edelstahl-Stellbeine,,Kason Industries,Anwendung,"Gastronomiegerät, Arbeitstisch / Möbel",1,1,Funktion,Höhenverstellung,1,1,Bauform,Stellbein,1,1,Material,"Edelstahl, Kunststoff",1,1,Traglast,8896 (2000 lb) N,1,0,,,,,,,,,,,,,,,,,1,vergleich
simple,BF-V-EAF2794A,Martin Levelling MASSIV Edelstahl Ø100,1,0,visible,"Massiver Edelstahl-Stellfuß, optional NBR-Belag oder Bohrungen. Preis und Lieferzeit auf Anfrage.","<p>Massiver Edelstahl-Stellfuß, optional NBR-Belag oder Bohrungen.</p><table><tbody><tr><th>Hersteller</th><td>Martin Levelling</td></tr><tr><th>Serie / Artikel</th><td>MASSIV Edelstahl Ø100</td></tr><tr><th>Maß / Ø (mm)</th><td>Teller 100</td></tr><tr><th>Material</th><td>Edelstahl, optional NBR</td></tr><tr><th>Gewinde / Anschluss</th><td>M16, M20 (Spindel 50-200)</td></tr></tbody></table><p>Technische Angaben nach Herstellerunterlagen, ohne Gewähr. Passende Ausführung, Preis und Lieferzeit nennen wir Ihnen auf Anfrage.</p>",taxable,1,,Edelstahl-Stellbeine,,Martin Levelling,Anwendung,"Gastronomiegerät, Arbeitstisch / Möbel",1,1,Funktion,Höhenverstellung,1,1,Bauform,Stellbein,1,1,Material,Edelstahl,1,1,Gewinde,"M16, M20",1,1,Durchmesser,Teller 100 mm,1,0,,,,,,,,,,,,,1,vergleich
simple,BF-V-171BBB60,Martin Levelling MASSIV Edelstahl Ø120,1,0,visible,"Massiver Edelstahl-Stellfuß, optional NBR-Belag oder Bohrungen. Preis und Lieferzeit auf Anfrage.","<p>Massiver Edelstahl-Stellfuß, optional NBR-Belag oder Bohrungen.</p><table><tbody><tr><th>Hersteller</th><td>Martin Levelling</td></tr><tr><th>Serie / Artikel</th><td>MASSIV Edelstahl Ø120</td></tr><tr><th>Maß / Ø (mm)</th><td>Teller 120</td></tr><tr><th>Material</th><td>Edelstahl, optional NBR</td></tr><tr><th>Gewinde / Anschluss</th><td>M20, M24 (Spindel 125-175)</td></tr></tbody></table><p>Technische Angaben nach Herstellerunterlagen, ohne Gewähr. Passende Ausführung, Preis und Lieferzeit nennen wir Ihnen auf Anfrage.</p>",taxable,1,,Edelstahl-Stellbeine,,Martin Levelling,Anwendung,"Gastronomiegerät, Arbeitstisch / Möbel",1,1,Funktion,Höhenverstellung,1,1,Bauform,Stellbein,1,1,Material,Edelstahl,1,1,Gewinde,"M20, M24",1,1,Durchmesser,Teller 120 mm,1,0,,,,,,,,,,,,,1,vergleich
simple,BF-V-FDB606CC,Martin Levelling MASSIV Edelstahl Ø30,1,0,visible,"Massiver Edelstahl-Stellfuß, optional NBR-Belag oder Bohrungen. Preis und Lieferzeit auf Anfrage.","<p>Massiver Edelstahl-Stellfuß, optional NBR-Belag oder Bohrungen.</p><table><tbody><tr><th>Hersteller</th><td>Martin Levelling</td></tr><tr><th>Serie / Artikel</th><td>MASSIV Edelstahl Ø30</td></tr><tr><th>Maß / Ø (mm)</th><td>Teller 30</td></tr><tr><th>Material</th><td>Edelstahl, optional NBR</td></tr><tr><th>Gewinde / Anschluss</th><td>M8 (Spindel 25-50)</td></tr></tbody></table><p>Technische Angaben nach Herstellerunterlagen, ohne Gewähr. Passende Ausführung, Preis und Lieferzeit nennen wir Ihnen auf Anfrage.</p>",taxable,1,,Edelstahl-Stellbeine,,Martin Levelling,Anwendung,"Gastronomiegerät, Arbeitstisch / Möbel",1,1,Funktion,Höhenverstellung,1,1,Bauform,Stellbein,1,1,Material,Edelstahl,1,1,Gewinde,M8,1,1,Durchmesser,Teller 30 mm,1,0,,,,,,,,,,,,,1,vergleich
simple,BF-V-BAF05656,Martin Levelling MASSIV Edelstahl Ø40,1,0,visible,"Massiver Edelstahl-Stellfuß, optional NBR-Belag oder Bohrungen. Preis und Lieferzeit auf Anfrage.","<p>Massiver Edelstahl-Stellfuß, optional NBR-Belag oder Bohrungen.</p><table><tbody><tr><th>Hersteller</th><td>Martin Levelling</td></tr><tr><th>Serie / Artikel</th><td>MASSIV Edelstahl Ø40</td></tr><tr><th>Maß / Ø (mm)</th><td>Teller 40</td></tr><tr><th>Material</th><td>Edelstahl, optional NBR</td></tr><tr><th>Gewinde / Anschluss</th><td>M8, M10 (Spindel 25-75)</td></tr></tbody></table><p>Technische Angaben nach Herstellerunterlagen, ohne Gewähr. Passende Ausführung, Preis und Lieferzeit nennen wir Ihnen auf Anfrage.</p>",taxable,1,,Edelstahl-Stellbeine,,Martin Levelling,Anwendung,"Gastronomiegerät, Arbeitstisch / Möbel",1,1,Funktion,Höhenverstellung,1,1,Bauform,Stellbein,1,1,Material,Edelstahl,1,1,Gewinde,"M8, M10",1,1,Durchmesser,Teller 40 mm,1,0,,,,,,,,,,,,,1,vergleich
simple,BF-V-A49D2D3F,Martin Levelling MASSIV Edelstahl Ø50,1,0,visible,"Massiver Edelstahl-Stellfuß, optional NBR-Belag oder Bohrungen. Preis und Lieferzeit auf Anfrage.","<p>Massiver Edelstahl-Stellfuß, optional NBR-Belag oder Bohrungen.</p><table><tbody><tr><th>Hersteller</th><td>Martin Levelling</td></tr><tr><th>Serie / Artikel</th><td>MASSIV Edelstahl Ø50</td></tr><tr><th>Maß / Ø (mm)</th><td>Teller 50</td></tr><tr><th>Material</th><td>Edelstahl, optional NBR</td></tr><tr><th>Gewinde / Anschluss</th><td>M12 (Spindel 25)</td></tr></tbody></table><p>Technische Angaben nach Herstellerunterlagen, ohne Gewähr. Passende Ausführung, Preis und Lieferzeit nennen wir Ihnen auf Anfrage.</p>",taxable,1,,Edelstahl-Stellbeine,,Martin Levelling,Anwendung,"Gastronomiegerät, Arbeitstisch / Möbel",1,1,Funktion,Höhenverstellung,1,1,Bauform,Stellbein,1,1,Material,Edelstahl,1,1,Gewinde,M12,1,1,Durchmesser,Teller 50 mm,1,0,,,,,,,,,,,,,1,vergleich
simple,BF-V-6303D9CA,Martin Levelling MASSIV Edelstahl Ø60,1,0,visible,"Massiver Edelstahl-Stellfuß, optional NBR-Belag oder Bohrungen. Preis und Lieferzeit auf Anfrage.","<p>Massiver Edelstahl-Stellfuß, optional NBR-Belag oder Bohrungen.</p><table><tbody><tr><th>Hersteller</th><td>Martin Levelling</td></tr><tr><th>Serie / Artikel</th><td>MASSIV Edelstahl Ø60</td></tr><tr><th>Maß / Ø (mm)</th><td>Teller 60</td></tr><tr><th>Material</th><td>Edelstahl, optional NBR</td></tr><tr><th>Gewinde / Anschluss</th><td>M10, M12 (Spindel 100)</td></tr></tbody></table><p>Technische Angaben nach Herstellerunterlagen, ohne Gewähr. Passende Ausführung, Preis und Lieferzeit nennen wir Ihnen auf Anfrage.</p>",taxable,1,,Edelstahl-Stellbeine,,Martin Levelling,Anwendung,"Gastronomiegerät, Arbeitstisch / Möbel",1,1,Funktion,Höhenverstellung,1,1,Bauform,Stellbein,1,1,Material,Edelstahl,1,1,Gewinde,"M10, M12",1,1,Durchmesser,Teller 60 mm,1,0,,,,,,,,,,,,,1,vergleich
simple,BF-V-88A4059A,Martin Levelling MASSIV Edelstahl Ø65,1,0,visible,"Massiver Edelstahl-Stellfuß, optional NBR-Belag oder Bohrungen. Preis und Lieferzeit auf Anfrage.","<p>Massiver Edelstahl-Stellfuß, optional NBR-Belag oder Bohrungen.</p><table><tbody><tr><th>Hersteller</th><td>Martin Levelling</td></tr><tr><th>Serie / Artikel</th><td>MASSIV Edelstahl Ø65</td></tr><tr><th>Maß / Ø (mm)</th><td>Teller 65</td></tr><tr><th>Material</th><td>Edelstahl, optional NBR</td></tr><tr><th>Gewinde / Anschluss</th><td>M16 (Spindel 100)</td></tr></tbody></table><p>Technische Angaben nach Herstellerunterlagen, ohne Gewähr. Passende Ausführung, Preis und Lieferzeit nennen wir Ihnen auf Anfrage.</p>",taxable,1,,Edelstahl-Stellbeine,,Martin Levelling,Anwendung,"Gastronomiegerät, Arbeitstisch / Möbel",1,1,Funktion,Höhenverstellung,1,1,Bauform,Stellbein,1,1,Material,Edelstahl,1,1,Gewinde,M16,1,1,Durchmesser,Teller 65 mm,1,0,,,,,,,,,,,,,1,vergleich
simple,BF-V-E4E11F57,Martin Levelling MASSIV Edelstahl Ø75,1,0,visible,"Massiver Edelstahl-Stellfuß, optional NBR-Belag oder Bohrungen. Preis und Lieferzeit auf Anfrage.","<p>Massiver Edelstahl-Stellfuß, optional NBR-Belag oder Bohrungen.</p><table><tbody><tr><th>Hersteller</th><td>Martin Levelling</td></tr><tr><th>Serie / Artikel</th><td>MASSIV Edelstahl Ø75</td></tr><tr><th>Maß / Ø (mm)</th><td>Teller 75</td></tr><tr><th>Material</th><td>Edelstahl, optional NBR</td></tr><tr><th>Gewinde / Anschluss</th><td>M12, M20 (Spindel 75-125)</td></tr></tbody></table><p>Technische Angaben nach Herstellerunterlagen, ohne Gewähr. Passende Ausführung, Preis und Lieferzeit nennen wir Ihnen auf Anfrage.</p>",taxable,1,,Edelstahl-Stellbeine,,Martin Levelling,Anwendung,"Gastronomiegerät, Arbeitstisch / Möbel",1,1,Funktion,Höhenverstellung,1,1,Bauform,Stellbein,1,1,Material,Edelstahl,1,1,Gewinde,"M12, M20",1,1,Durchmesser,Teller 75 mm,1,0,,,,,,,,,,,,,1,vergleich
simple,BF-V-1454A637,Martin Levelling MASSIV Edelstahl Ø80,1,0,visible,"Massiver Edelstahl-Stellfuß, optional NBR-Belag oder Bohrungen. Preis und Lieferzeit auf Anfrage.","<p>Massiver Edelstahl-Stellfuß, optional NBR-Belag oder Bohrungen.</p><table><tbody><tr><th>Hersteller</th><td>Martin Levelling</td></tr><tr><th>Serie / Artikel</th><td>MASSIV Edelstahl Ø80</td></tr><tr><th>Maß / Ø (mm)</th><td>Teller 80</td></tr><tr><th>Material</th><td>Edelstahl, optional NBR</td></tr><tr><th>Gewinde / Anschluss</th><td>M20 (Spindel 125-150)</td></tr></tbody></table><p>Technische Angaben nach Herstellerunterlagen, ohne Gewähr. Passende Ausführung, Preis und Lieferzeit nennen wir Ihnen auf Anfrage.</p>",taxable,1,,Edelstahl-Stellbeine,,Martin Levelling,Anwendung,"Gastronomiegerät, Arbeitstisch / Möbel",1,1,Funktion,Höhenverstellung,1,1,Bauform,Stellbein,1,1,Material,Edelstahl,1,1,Gewinde,M20,1,1,Durchmesser,Teller 80 mm,1,0,,,,,,,,,,,,,1,vergleich
simple,BF-V-911165B2,Martin Levelling TEKNO-HYGIENIC 3-A Ø100,1,0,visible,"Hygiene-Stellfuß Edelstahl, 3-A, optional mit Laschen/Bohrungen. Preis und Lieferzeit auf Anfrage.","<p>Hygiene-Stellfuß Edelstahl, 3-A, optional mit Laschen/Bohrungen.</p><table><tbody><tr><th>Hersteller</th><td>Martin Levelling</td></tr><tr><th>Serie / Artikel</th><td>TEKNO-HYGIENIC 3-A Ø100</td></tr><tr><th>Maß / Ø (mm)</th><td>Teller 100</td></tr><tr><th>Material</th><td>Edelstahl, Belag NBR/EPDM</td></tr><tr><th>Gewinde / Anschluss</th><td>M16-M30 (Spindel 135-190)</td></tr></tbody></table><p>Technische Angaben nach Herstellerunterlagen, ohne Gewähr. Passende Ausführung, Preis und Lieferzeit nennen wir Ihnen auf Anfrage.</p>",taxable,1,,Edelstahl-Stellbeine,,Martin Levelling,Anwendung,"Gastronomiegerät, Arbeitstisch / Möbel",1,1,Funktion,Höhenverstellung,1,1,Bauform,Stellbein,1,1,Material,Edelstahl,1,1,Gewinde,"M16, M20, M24, M30",1,1,Durchmesser,Teller 100 mm,1,0,,,,,,,,,,,,,1,vergleich
simple,BF-V-1046960A,Martin Levelling TEKNO-HYGIENIC 3-A Ø120,1,0,visible,"Hygiene-Stellfuß Edelstahl, 3-A, mit 0-2 Befestigungslaschen. Preis und Lieferzeit auf Anfrage.","<p>Hygiene-Stellfuß Edelstahl, 3-A, mit 0-2 Befestigungslaschen.</p><table><tbody><tr><th>Hersteller</th><td>Martin Levelling</td></tr><tr><th>Serie / Artikel</th><td>TEKNO-HYGIENIC 3-A Ø120</td></tr><tr><th>Maß / Ø (mm)</th><td>Teller 120</td></tr><tr><th>Material</th><td>Edelstahl, Belag NBR/EPDM</td></tr><tr><th>Gewinde / Anschluss</th><td>M16-M36 (Spindel 140-235)</td></tr></tbody></table><p>Technische Angaben nach Herstellerunterlagen, ohne Gewähr. Passende Ausführung, Preis und Lieferzeit nennen wir Ihnen auf Anfrage.</p>",taxable,1,,Edelstahl-Stellbeine,,Martin Levelling,Anwendung,"Gastronomiegerät, Arbeitstisch / Möbel",1,1,Funktion,Höhenverstellung,1,1,Bauform,Stellbein,1,1,Material,Edelstahl,1,1,Gewinde,"M16, M20, M24, M30, M36",1,1,Durchmesser,Teller 120 mm,1,0,,,,,,,,,,,,,1,vergleich
simple,BF-V-76754EAA,Martin Levelling TEKNO-HYGIENIC 3-A Ø150,1,0,visible,Großer Hygiene-Stellfuß Edelstahl für Schwerlast. Preis und Lieferzeit auf Anfrage.,"<p>Großer Hygiene-Stellfuß Edelstahl für Schwerlast.</p><table><tbody><tr><th>Hersteller</th><td>Martin Levelling</td></tr><tr><th>Serie / Artikel</th><td>TEKNO-HYGIENIC 3-A Ø150</td></tr><tr><th>Maß / Ø (mm)</th><td>Teller 150</td></tr><tr><th>Material</th><td>Edelstahl, Belag NBR</td></tr><tr><th>Gewinde / Anschluss</th><td>M36 (Spindel 235)</td></tr></tbody></table><p>Technische Angaben nach Herstellerunterlagen, ohne Gewähr. Passende Ausführung, Preis und Lieferzeit nennen wir Ihnen auf Anfrage.</p>",taxable,1,,Edelstahl-Stellbeine,,Martin Levelling,Anwendung,"Gastronomiegerät, Arbeitstisch / Möbel",1,1,Funktion,Höhenverstellung,1,1,Bauform,Stellbein,1,1,Material,Edelstahl,1,1,Gewinde,M36,1,1,Durchmesser,Teller 150 mm,1,0,,,,,,,,,,,,,1,vergleich
simple,BF-V-BF1F0CBB,Martin Levelling TEKNO-HYGIENIC 3-A Ø60,1,0,visible,"Hygiene-Gelenkstellfuß Edelstahl, 3-A zertifiziert, 15° Gelenk. Preis und Lieferzeit auf Anfrage.","<p>Hygiene-Gelenkstellfuß Edelstahl, 3-A zertifiziert, 15° Gelenk.</p><table><tbody><tr><th>Hersteller</th><td>Martin Levelling</td></tr><tr><th>Serie / Artikel</th><td>TEKNO-HYGIENIC 3-A Ø60</td></tr><tr><th>Maß / Ø (mm)</th><td>Teller 60</td></tr><tr><th>Material</th><td>Edelstahl, Belag NBR/EPDM</td></tr><tr><th>Gewinde / Anschluss</th><td>M12-M20 (Spindel 140-190)</td></tr><tr><th>Traglast (N)</th><td>40000 (M16x190)</td></tr><tr><th>Verstellbereich (mm)</th><td>70 (M16x190)</td></tr></tbody></table><p>Technische Angaben nach Herstellerunterlagen, ohne Gewähr. Passende Ausführung, Preis und Lieferzeit nennen wir Ihnen auf Anfrage.</p>",taxable,1,,Edelstahl-Stellbeine,,Martin Levelling,Anwendung,"Gastronomiegerät, Arbeitstisch / Möbel",1,1,Funktion,"Höhenverstellung, Hohe Traglast",1,1,Bauform,Stellbein,1,1,Material,Edelstahl,1,1,Gewinde,"M12, M14, M16, M20",1,1,Traglast,40000 (M16x190) N,1,0,Durchmesser,Teller 60 mm,1,0,,,,,,,,,1,vergleich
simple,BF-V-AA1A5310,Martin Levelling TEKNOCLEAN Ø100,1,0,visible,"Leicht reinigbarer Edelstahl-Stellfuß, große Spindel. Preis und Lieferzeit auf Anfrage.","<p>Leicht reinigbarer Edelstahl-Stellfuß, große Spindel.</p><table><tbody><tr><th>Hersteller</th><td>Martin Levelling</td></tr><tr><th>Serie / Artikel</th><td>TEKNOCLEAN Ø100</td></tr><tr><th>Maß / Ø (mm)</th><td>Teller 100</td></tr><tr><th>Material</th><td>Edelstahl, Belag NBR</td></tr><tr><th>Gewinde / Anschluss</th><td>M30 (Spindel 200)</td></tr></tbody></table><p>Technische Angaben nach Herstellerunterlagen, ohne Gewähr. Passende Ausführung, Preis und Lieferzeit nennen wir Ihnen auf Anfrage.</p>",taxable,1,,Edelstahl-Stellbeine,,Martin Levelling,Anwendung,"Gastronomiegerät, Arbeitstisch / Möbel",1,1,Funktion,Höhenverstellung,1,1,Bauform,Stellbein,1,1,Material,Edelstahl,1,1,Gewinde,M30,1,1,Durchmesser,Teller 100 mm,1,0,,,,,,,,,,,,,1,vergleich
simple,BF-V-5A07C449,Martin Levelling TEKNOCLEAN Ø120,1,0,visible,"Leicht reinigbarer Edelstahl-Stellfuß, große Spindel. Preis und Lieferzeit auf Anfrage.","<p>Leicht reinigbarer Edelstahl-Stellfuß, große Spindel.</p><table><tbody><tr><th>Hersteller</th><td>Martin Levelling</td></tr><tr><th>Serie / Artikel</th><td>TEKNOCLEAN Ø120</td></tr><tr><th>Maß / Ø (mm)</th><td>Teller 120</td></tr><tr><th>Material</th><td>Edelstahl, Belag NBR</td></tr><tr><th>Gewinde / Anschluss</th><td>M24 (Spindel 150)</td></tr></tbody></table><p>Technische Angaben nach Herstellerunterlagen, ohne Gewähr. Passende Ausführung, Preis und Lieferzeit nennen wir Ihnen auf Anfrage.</p>",taxable,1,,Edelstahl-Stellbeine,,Martin Levelling,Anwendung,"Gastronomiegerät, Arbeitstisch / Möbel",1,1,Funktion,Höhenverstellung,1,1,Bauform,Stellbein,1,1,Material,Edelstahl,1,1,Gewinde,M24,1,1,Durchmesser,Teller 120 mm,1,0,,,,,,,,,,,,,1,vergleich
simple,BF-V-D62B62EF,Martin Levelling TEKNOCLEAN Ø60,1,0,visible,"Leicht reinigbarer Edelstahl-Stellfuß, Belag wählbar. Preis und Lieferzeit auf Anfrage.","<p>Leicht reinigbarer Edelstahl-Stellfuß, Belag wählbar.</p><table><tbody><tr><th>Hersteller</th><td>Martin Levelling</td></tr><tr><th>Serie / Artikel</th><td>TEKNOCLEAN Ø60</td></tr><tr><th>Maß / Ø (mm)</th><td>Teller 60</td></tr><tr><th>Material</th><td>Edelstahl, Belag NBR/EPDM</td></tr><tr><th>Gewinde / Anschluss</th><td>M16 (Spindel 125-150)</td></tr></tbody></table><p>Technische Angaben nach Herstellerunterlagen, ohne Gewähr. Passende Ausführung, Preis und Lieferzeit nennen wir Ihnen auf Anfrage.</p>",taxable,1,,Edelstahl-Stellbeine,,Martin Levelling,Anwendung,"Gastronomiegerät, Arbeitstisch / Möbel",1,1,Funktion,Höhenverstellung,1,1,Bauform,Stellbein,1,1,Material,Edelstahl,1,1,Gewinde,M16,1,1,Durchmesser,Teller 60 mm,1,0,,,,,,,,,,,,,1,vergleich
simple,BF-V-648F0321,Martin Levelling TEKNOCLEAN Ø80,1,0,visible,"Leicht reinigbarer Edelstahl-Stellfuß, optional Lasche. Preis und Lieferzeit auf Anfrage.","<p>Leicht reinigbarer Edelstahl-Stellfuß, optional Lasche.</p><table><tbody><tr><th>Hersteller</th><td>Martin Levelling</td></tr><tr><th>Serie / Artikel</th><td>TEKNOCLEAN Ø80</td></tr><tr><th>Maß / Ø (mm)</th><td>Teller 80</td></tr><tr><th>Material</th><td>Edelstahl, Belag NBR/EPDM</td></tr><tr><th>Gewinde / Anschluss</th><td>M16, M20 (Spindel 125-200)</td></tr></tbody></table><p>Technische Angaben nach Herstellerunterlagen, ohne Gewähr. Passende Ausführung, Preis und Lieferzeit nennen wir Ihnen auf Anfrage.</p>",taxable,1,,Edelstahl-Stellbeine,,Martin Levelling,Anwendung,"Gastronomiegerät, Arbeitstisch / Möbel",1,1,Funktion,Höhenverstellung,1,1,Bauform,Stellbein,1,1,Material,Edelstahl,1,1,Gewinde,"M16, M20",1,1,Durchmesser,Teller 80 mm,1,0,,,,,,,,,,,,,1,vergleich
simple,BF-V-5465A128,"MOVET 45850020 Stellfuß Ø44,5/56,5 M10x30",1,0,visible,"Edelstahl-Rohrstellfuß mit 30-mm-Spindel, PVC-Gleiter. Preis und Lieferzeit auf Anfrage.","<p>Edelstahl-Rohrstellfuß mit 30-mm-Spindel, PVC-Gleiter.</p><table><tbody><tr><th>Hersteller</th><td>MOVET</td></tr><tr><th>Serie / Artikel</th><td>45850020 Stellfuß Ø44,5/56,5 M10x30</td></tr><tr><th>Maß / Ø (mm)</th><td>Ø44,5 / 56,5</td></tr><tr><th>Material</th><td>Edelstahl, PVC-Gleiter</td></tr><tr><th>Gewinde / Anschluss</th><td>M10x30</td></tr><tr><th>Verstellbereich (mm)</th><td>50</td></tr><tr><th>Varianten laut Hersteller</th><td>1</td></tr></tbody></table><p>Technische Angaben nach Herstellerunterlagen, ohne Gewähr. Passende Ausführung, Preis und Lieferzeit nennen wir Ihnen auf Anfrage.</p>",taxable,1,,Edelstahl-Stellbeine,,MOVET,Anwendung,"Gastronomiegerät, Arbeitstisch / Möbel",1,1,Funktion,Höhenverstellung,1,1,Bauform,Stellbein,1,1,Material,"Edelstahl, Kunststoff",1,1,Gewinde,M10,1,1,Durchmesser,"Ø44,5 / 56,5 mm",1,0,,,,,,,,,,,,,1,vergleich
simple,BF-V-4462289E,"MOVET 45850030 Stellfuß Ø56,6/64 M10x30",1,0,visible,"Edelstahl-Rohrstellfuß für Gastro-Rohrbeine, PVC-Gleiter. Preis und Lieferzeit auf Anfrage.","<p>Edelstahl-Rohrstellfuß für Gastro-Rohrbeine, PVC-Gleiter.</p><table><tbody><tr><th>Hersteller</th><td>MOVET</td></tr><tr><th>Serie / Artikel</th><td>45850030 Stellfuß Ø56,6/64 M10x30</td></tr><tr><th>Maß / Ø (mm)</th><td>Ø56,6 / 64</td></tr><tr><th>Material</th><td>Edelstahl, PVC-Gleiter</td></tr><tr><th>Gewinde / Anschluss</th><td>M10x30</td></tr><tr><th>Verstellbereich (mm)</th><td>50</td></tr><tr><th>Varianten laut Hersteller</th><td>1</td></tr></tbody></table><p>Technische Angaben nach Herstellerunterlagen, ohne Gewähr. Passende Ausführung, Preis und Lieferzeit nennen wir Ihnen auf Anfrage.</p>",taxable,1,,Edelstahl-Stellbeine,,MOVET,Anwendung,"Gastronomiegerät, Arbeitstisch / Möbel",1,1,Funktion,Höhenverstellung,1,1,Bauform,Stellbein,1,1,Material,"Edelstahl, Kunststoff",1,1,Gewinde,M10,1,1,Durchmesser,"Ø56,6 / 64 mm",1,0,,,,,,,,,,,,,1,vergleich
simple,BF-V-DBC1920D,"MOVET 45850030/M12 Stellfuß Ø56,6/64 M12x30",1,0,visible,"Edelstahl-Rohrstellfuß mit M12-Spindel, PVC-Gleiter. Preis und Lieferzeit auf Anfrage.","<p>Edelstahl-Rohrstellfuß mit M12-Spindel, PVC-Gleiter.</p><table><tbody><tr><th>Hersteller</th><td>MOVET</td></tr><tr><th>Serie / Artikel</th><td>45850030/M12 Stellfuß Ø56,6/64 M12x30</td></tr><tr><th>Maß / Ø (mm)</th><td>Ø56,6 / 64</td></tr><tr><th>Material</th><td>Edelstahl, PVC-Gleiter</td></tr><tr><th>Gewinde / Anschluss</th><td>M12x30</td></tr><tr><th>Verstellbereich (mm)</th><td>50</td></tr><tr><th>Varianten laut Hersteller</th><td>1</td></tr></tbody></table><p>Technische Angaben nach Herstellerunterlagen, ohne Gewähr. Passende Ausführung, Preis und Lieferzeit nennen wir Ihnen auf Anfrage.</p>",taxable,1,,Edelstahl-Stellbeine,,MOVET,Anwendung,"Gastronomiegerät, Arbeitstisch / Möbel",1,1,Funktion,Höhenverstellung,1,1,Bauform,Stellbein,1,1,Material,"Edelstahl, Kunststoff",1,1,Gewinde,M12,1,1,Durchmesser,"Ø56,6 / 64 mm",1,0,,,,,,,,,,,,,1,vergleich
simple,BF-V-EF7B51BC,"MOVET 45850039/N Stellfuß Ø44,5/52 M10",1,0,visible,"Kompakter Edelstahl-Rohrstellfuß, kurzer Verstellweg. Preis und Lieferzeit auf Anfrage.","<p>Kompakter Edelstahl-Rohrstellfuß, kurzer Verstellweg.</p><table><tbody><tr><th>Hersteller</th><td>MOVET</td></tr><tr><th>Serie / Artikel</th><td>45850039/N Stellfuß Ø44,5/52 M10</td></tr><tr><th>Maß / Ø (mm)</th><td>Ø44,5 / 52</td></tr><tr><th>Material</th><td>Edelstahl, PVC-Gleiter</td></tr><tr><th>Gewinde / Anschluss</th><td>M10</td></tr><tr><th>Verstellbereich (mm)</th><td>25</td></tr><tr><th>Varianten laut Hersteller</th><td>1</td></tr></tbody></table><p>Technische Angaben nach Herstellerunterlagen, ohne Gewähr. Passende Ausführung, Preis und Lieferzeit nennen wir Ihnen auf Anfrage.</p>",taxable,1,,Edelstahl-Stellbeine,,MOVET,Anwendung,"Gastronomiegerät, Arbeitstisch / Möbel",1,1,Funktion,Höhenverstellung,1,1,Bauform,Stellbein,1,1,Material,"Edelstahl, Kunststoff",1,1,Gewinde,M10,1,1,Durchmesser,"Ø44,5 / 52 mm",1,0,,,,,,,,,,,,,1,vergleich
simple,BF-V-AEA013E1,"MOVET 45850039/V Stellfuß Ø44,5/52 M10",1,0,visible,"Edelstahl-Rohrstellfuß, Ausführung V. Preis und Lieferzeit auf Anfrage.","<p>Edelstahl-Rohrstellfuß, Ausführung V.</p><table><tbody><tr><th>Hersteller</th><td>MOVET</td></tr><tr><th>Serie / Artikel</th><td>45850039/V Stellfuß Ø44,5/52 M10</td></tr><tr><th>Maß / Ø (mm)</th><td>Ø44,5 / 52</td></tr><tr><th>Material</th><td>Edelstahl, PVC-Gleiter</td></tr><tr><th>Gewinde / Anschluss</th><td>M10</td></tr><tr><th>Varianten laut Hersteller</th><td>1</td></tr></tbody></table><p>Technische Angaben nach Herstellerunterlagen, ohne Gewähr. Passende Ausführung, Preis und Lieferzeit nennen wir Ihnen auf Anfrage.</p>",taxable,1,,Edelstahl-Stellbeine,,MOVET,Anwendung,"Gastronomiegerät, Arbeitstisch / Möbel",1,1,Funktion,Höhenverstellung,1,1,Bauform,Stellbein,1,1,Material,"Edelstahl, Kunststoff",1,1,Gewinde,M10,1,1,Durchmesser,"Ø44,5 / 52 mm",1,0,,,,,,,,,,,,,1,vergleich
simple,BF-V-3CE8A471,"MOVET 45850040 Stellfuß Ø44,5/56,5 M10",1,0,visible,"Edelstahl-Rohrstellfuß für Ø44,5 Rohrbeine, PVC-Gleiter. Preis und Lieferzeit auf Anfrage.","<p>Edelstahl-Rohrstellfuß für Ø44,5 Rohrbeine, PVC-Gleiter.</p><table><tbody><tr><th>Hersteller</th><td>MOVET</td></tr><tr><th>Serie / Artikel</th><td>45850040 Stellfuß Ø44,5/56,5 M10</td></tr><tr><th>Maß / Ø (mm)</th><td>Ø44,5 / 56,5</td></tr><tr><th>Material</th><td>Edelstahl, PVC-Gleiter</td></tr><tr><th>Gewinde / Anschluss</th><td>M10</td></tr><tr><th>Verstellbereich (mm)</th><td>50</td></tr><tr><th>Varianten laut Hersteller</th><td>1</td></tr></tbody></table><p>Technische Angaben nach Herstellerunterlagen, ohne Gewähr. Passende Ausführung, Preis und Lieferzeit nennen wir Ihnen auf Anfrage.</p>",taxable,1,,Edelstahl-Stellbeine,,MOVET,Anwendung,"Gastronomiegerät, Arbeitstisch / Möbel",1,1,Funktion,Höhenverstellung,1,1,Bauform,Stellbein,1,1,Material,"Edelstahl, Kunststoff",1,1,Gewinde,M10,1,1,Durchmesser,"Ø44,5 / 56,5 mm",1,0,,,,,,,,,,,,,1,vergleich
simple,BF-V-9D7CA43F,"MOVET 45850050 Stellfuß Ø56,6/64 M10",1,0,visible,"Edelstahl-Rohrstellfuß, Variante mit M10-Spindel. Preis und Lieferzeit auf Anfrage.","<p>Edelstahl-Rohrstellfuß, Variante mit M10-Spindel.</p><table><tbody><tr><th>Hersteller</th><td>MOVET</td></tr><tr><th>Serie / Artikel</th><td>45850050 Stellfuß Ø56,6/64 M10</td></tr><tr><th>Maß / Ø (mm)</th><td>Ø56,6 / 64</td></tr><tr><th>Material</th><td>Edelstahl, PVC-Gleiter</td></tr><tr><th>Gewinde / Anschluss</th><td>M10</td></tr><tr><th>Verstellbereich (mm)</th><td>50</td></tr><tr><th>Varianten laut Hersteller</th><td>1</td></tr></tbody></table><p>Technische Angaben nach Herstellerunterlagen, ohne Gewähr. Passende Ausführung, Preis und Lieferzeit nennen wir Ihnen auf Anfrage.</p>",taxable,1,,Edelstahl-Stellbeine,,MOVET,Anwendung,"Gastronomiegerät, Arbeitstisch / Möbel",1,1,Funktion,Höhenverstellung,1,1,Bauform,Stellbein,1,1,Material,"Edelstahl, Kunststoff",1,1,Gewinde,M10,1,1,Durchmesser,"Ø56,6 / 64 mm",1,0,,,,,,,,,,,,,1,vergleich
simple,BF-V-146A30E3,RS PRO RS 237-8166 Stellfuß M24 Ø100,1,0,visible,"Schwerer Edelstahl-Gelenkstellfuß, 10° neigbar. Preis und Lieferzeit auf Anfrage.","<p>Schwerer Edelstahl-Gelenkstellfuß, 10° neigbar.</p><table><tbody><tr><th>Hersteller</th><td>RS PRO</td></tr><tr><th>Serie / Artikel</th><td>RS 237-8166 Stellfuß M24 Ø100</td></tr><tr><th>Maß / Ø (mm)</th><td>Teller 100, Höhe 192</td></tr><tr><th>Material</th><td>Edelstahl AISI 304</td></tr><tr><th>Gewinde / Anschluss</th><td>M24 Gewindebolzen 150 lang</td></tr><tr><th>Traglast (N)</th><td>14710 (1500 kg)</td></tr><tr><th>Verstellbereich (mm)</th><td>Gewindelänge 150</td></tr><tr><th>Varianten laut Hersteller</th><td>1</td></tr></tbody></table><p>Technische Angaben nach Herstellerunterlagen, ohne Gewähr. Passende Ausführung, Preis und Lieferzeit nennen wir Ihnen auf Anfrage.</p>",taxable,1,,Edelstahl-Stellbeine,,RS PRO,Anwendung,"Gastronomiegerät, Arbeitstisch / Möbel",1,1,Funktion,Höhenverstellung,1,1,Bauform,Stellbein,1,1,Material,Edelstahl,1,1,Gewinde,M24,1,1,Traglast,14710 (1500 kg) N,1,0,Durchmesser,Teller 100 · Höhe 192 mm,1,0,,,,,,,,,1,vergleich
simple,BF-V-4787B9E1,RS PRO RS 237-8168 Stellfuß M16 Ø80,1,0,visible,"Edelstahl-Gelenkstellfuß bis 10° neigbar, vulkanisierte Gummisohle. Preis und Lieferzeit auf Anfrage.","<p>Edelstahl-Gelenkstellfuß bis 10° neigbar, vulkanisierte Gummisohle.</p><table><tbody><tr><th>Hersteller</th><td>RS PRO</td></tr><tr><th>Serie / Artikel</th><td>RS 237-8168 Stellfuß M16 Ø80</td></tr><tr><th>Maß / Ø (mm)</th><td>Teller 80, Höhe 163</td></tr><tr><th>Material</th><td>Edelstahl AISI 304, NBR 85 Shore</td></tr><tr><th>Gewinde / Anschluss</th><td>M16 Gewindebolzen 125 lang</td></tr><tr><th>Traglast (N)</th><td>9807 (1000 kg)</td></tr><tr><th>Verstellbereich (mm)</th><td>Gewindelänge 125</td></tr><tr><th>Varianten laut Hersteller</th><td>1</td></tr></tbody></table><p>Technische Angaben nach Herstellerunterlagen, ohne Gewähr. Passende Ausführung, Preis und Lieferzeit nennen wir Ihnen auf Anfrage.</p>",taxable,1,,Edelstahl-Stellbeine,,RS PRO,Anwendung,"Gastronomiegerät, Arbeitstisch / Möbel",1,1,Funktion,Höhenverstellung,1,1,Bauform,Stellbein,1,1,Material,Edelstahl,1,1,Gewinde,M16,1,1,Traglast,9807 (1000 kg) N,1,0,Durchmesser,Teller 80 · Höhe 163 mm,1,0,,,,,,,,,1,vergleich
simple,BF-V-C1FE1F23,RS PRO RS 237-8186 Stellfuß M24 Ø100 2500 kg,1,0,visible,"Schwerlast-Edelstahl-Gelenkstellfuß, 15° neigbar. Preis und Lieferzeit auf Anfrage.","<p>Schwerlast-Edelstahl-Gelenkstellfuß, 15° neigbar.</p><table><tbody><tr><th>Hersteller</th><td>RS PRO</td></tr><tr><th>Serie / Artikel</th><td>RS 237-8186 Stellfuß M24 Ø100 2500 kg</td></tr><tr><th>Maß / Ø (mm)</th><td>Teller 100, Höhe 196</td></tr><tr><th>Material</th><td>Edelstahl</td></tr><tr><th>Gewinde / Anschluss</th><td>M24 Gewindebolzen 140 lang</td></tr><tr><th>Traglast (N)</th><td>24517 (2500 kg)</td></tr><tr><th>Verstellbereich (mm)</th><td>Gewindelänge 140</td></tr><tr><th>Varianten laut Hersteller</th><td>1</td></tr></tbody></table><p>Technische Angaben nach Herstellerunterlagen, ohne Gewähr. Passende Ausführung, Preis und Lieferzeit nennen wir Ihnen auf Anfrage.</p>",taxable,1,,Edelstahl-Stellbeine,,RS PRO,Anwendung,"Gastronomiegerät, Arbeitstisch / Möbel",1,1,Funktion,"Höhenverstellung, Hohe Traglast",1,1,Bauform,Stellbein,1,1,Material,Edelstahl,1,1,Gewinde,M24,1,1,Traglast,24517 (2500 kg) N,1,0,Durchmesser,Teller 100 · Höhe 196 mm,1,0,,,,,,,,,1,vergleich
simple,BF-V-EF145E35,RS PRO RS 237-8188 Stellfuß M12 Ø60,1,0,visible,"Edelstahl-Gelenkstellfuß bis 15° neigbar, Gummiauflage. Preis und Lieferzeit auf Anfrage.","<p>Edelstahl-Gelenkstellfuß bis 15° neigbar, Gummiauflage.</p><table><tbody><tr><th>Hersteller</th><td>RS PRO</td></tr><tr><th>Serie / Artikel</th><td>RS 237-8188 Stellfuß M12 Ø60</td></tr><tr><th>Maß / Ø (mm)</th><td>Teller 60, Höhe 191</td></tr><tr><th>Material</th><td>Edelstahl AISI 304, NBR-Belag</td></tr><tr><th>Gewinde / Anschluss</th><td>M12 Gewindebolzen 140 lang</td></tr><tr><th>Traglast (N)</th><td>9807 (1000 kg)</td></tr><tr><th>Verstellbereich (mm)</th><td>Gewindelänge 140</td></tr><tr><th>Varianten laut Hersteller</th><td>1</td></tr></tbody></table><p>Technische Angaben nach Herstellerunterlagen, ohne Gewähr. Passende Ausführung, Preis und Lieferzeit nennen wir Ihnen auf Anfrage.</p>",taxable,1,,Edelstahl-Stellbeine,,RS PRO,Anwendung,"Gastronomiegerät, Arbeitstisch / Möbel",1,1,Funktion,Höhenverstellung,1,1,Bauform,Stellbein,1,1,Material,Edelstahl,1,1,Gewinde,M12,1,1,Traglast,9807 (1000 kg) N,1,0,Durchmesser,Teller 60 · Höhe 191 mm,1,0,,,,,,,,,1,vergleich
simple,BF-V-CC792DD3,RS PRO RS 237-8200 Stellfuß M16 Ø80 lang,1,0,visible,"Edelstahl-Gelenkstellfuß mit langer Spindel, 15° neigbar. Preis und Lieferzeit auf Anfrage.","<p>Edelstahl-Gelenkstellfuß mit langer Spindel, 15° neigbar.</p><table><tbody><tr><th>Hersteller</th><td>RS PRO</td></tr><tr><th>Serie / Artikel</th><td>RS 237-8200 Stellfuß M16 Ø80 lang</td></tr><tr><th>Maß / Ø (mm)</th><td>Teller 80, Höhe 243</td></tr><tr><th>Material</th><td>Edelstahl AISI 304, NBR 85 Shore</td></tr><tr><th>Gewinde / Anschluss</th><td>M16 Gewindebolzen 190 lang</td></tr><tr><th>Traglast (N)</th><td>19613 (2000 kg)</td></tr><tr><th>Verstellbereich (mm)</th><td>Gewindelänge 190</td></tr><tr><th>Varianten laut Hersteller</th><td>1</td></tr></tbody></table><p>Technische Angaben nach Herstellerunterlagen, ohne Gewähr. Passende Ausführung, Preis und Lieferzeit nennen wir Ihnen auf Anfrage.</p>",taxable,1,,Edelstahl-Stellbeine,,RS PRO,Anwendung,"Gastronomiegerät, Arbeitstisch / Möbel",1,1,Funktion,Höhenverstellung,1,1,Bauform,Stellbein,1,1,Material,Edelstahl,1,1,Gewinde,M16,1,1,Traglast,19613 (2000 kg) N,1,0,Durchmesser,Teller 80 · Höhe 243 mm,1,0,,,,,,,,,1,vergleich
simple,BF-V-2CB386FC,"Kason Industries 1649 Adjustable Leg 6""",1,0,visible,"Kunststoff-Gerätebein für Kühlgeräte und Theken, höhenverstellbar. Preis und Lieferzeit auf Anfrage.","<p>Kunststoff-Gerätebein für Kühlgeräte und Theken, höhenverstellbar.</p><table><tbody><tr><th>Hersteller</th><td>Kason Industries</td></tr><tr><th>Serie / Artikel</th><td>1649 Adjustable Leg 6&quot;</td></tr><tr><th>Maß / Ø (mm)</th><td>Höhe 152</td></tr><tr><th>Material</th><td>ABS schwarz, Stahlbolzen verzinkt</td></tr><tr><th>Gewinde / Anschluss</th><td>Bolzen, optional mit Platten</td></tr><tr><th>Verstellbereich (mm)</th><td>45</td></tr></tbody></table><p>Technische Angaben nach Herstellerunterlagen, ohne Gewähr. Passende Ausführung, Preis und Lieferzeit nennen wir Ihnen auf Anfrage.</p>",taxable,1,,Edelstahl-Stellbeine > Gerätebeine,,Kason Industries,Anwendung,"Gastronomiegerät, Arbeitstisch / Möbel",1,1,Funktion,Höhenverstellung,1,1,Bauform,Stellbein,1,1,Material,Stahl,1,1,Durchmesser,Höhe 152 mm,1,0,,,,,,,,,,,,,,,,,1,vergleich
simple,BF-V-59BCC126,"Kason Industries 1658 Adjustable Leg 6""",1,0,visible,"Zamak-Gerätebein mit Sechskantfuß, für Gastro-Unterbauten. Preis und Lieferzeit auf Anfrage.","<p>Zamak-Gerätebein mit Sechskantfuß, für Gastro-Unterbauten.</p><table><tbody><tr><th>Hersteller</th><td>Kason Industries</td></tr><tr><th>Serie / Artikel</th><td>1658 Adjustable Leg 6&quot;</td></tr><tr><th>Maß / Ø (mm)</th><td>Höhe 152</td></tr><tr><th>Material</th><td>Zamak Druckguss</td></tr><tr><th>Gewinde / Anschluss</th><td>Gewindebolzen Stahl, Platten separat</td></tr><tr><th>Verstellbereich (mm)</th><td>35</td></tr></tbody></table><p>Technische Angaben nach Herstellerunterlagen, ohne Gewähr. Passende Ausführung, Preis und Lieferzeit nennen wir Ihnen auf Anfrage.</p>",taxable,1,,Edelstahl-Stellbeine > Gerätebeine,,Kason Industries,Anwendung,"Gastronomiegerät, Arbeitstisch / Möbel",1,1,Funktion,Höhenverstellung,1,1,Bauform,Stellbein,1,1,Material,Zinkdruckguss,1,1,Durchmesser,Höhe 152 mm,1,0,,,,,,,,,,,,,,,,,1,vergleich
simple,BF-V-57DA6E7B,"Kason Industries 1658MINI Adjustable Leg 4""",1,0,visible,Kompaktes Zamak-Gerätebein mit Sechskantfuß. Preis und Lieferzeit auf Anfrage.,"<p>Kompaktes Zamak-Gerätebein mit Sechskantfuß.</p><table><tbody><tr><th>Hersteller</th><td>Kason Industries</td></tr><tr><th>Serie / Artikel</th><td>1658MINI Adjustable Leg 4&quot;</td></tr><tr><th>Maß / Ø (mm)</th><td>Höhe 102 (nominal)</td></tr><tr><th>Material</th><td>Zamak Druckguss</td></tr><tr><th>Gewinde / Anschluss</th><td>Gewindebolzen Stahl</td></tr><tr><th>Traglast (N)</th><td>8896 (2000 lb)</td></tr><tr><th>Verstellbereich (mm)</th><td>32</td></tr></tbody></table><p>Technische Angaben nach Herstellerunterlagen, ohne Gewähr. Passende Ausführung, Preis und Lieferzeit nennen wir Ihnen auf Anfrage.</p>",taxable,1,,Edelstahl-Stellbeine > Gerätebeine,,Kason Industries,Anwendung,"Gastronomiegerät, Arbeitstisch / Möbel",1,1,Funktion,Höhenverstellung,1,1,Bauform,Stellbein,1,1,Material,Zinkdruckguss,1,1,Traglast,8896 (2000 lb) N,1,0,Durchmesser,Höhe 102 (nominal) mm,1,0,,,,,,,,,,,,,1,vergleich
simple,BF-V-A92176B9,"Kason Industries 1725 Countertop Leg 2-1/2""",1,0,visible,"Niedriger Gerätefuß für Tischgeräte, optional Saugfuß. Preis und Lieferzeit auf Anfrage.","<p>Niedriger Gerätefuß für Tischgeräte, optional Saugfuß.</p><table><tbody><tr><th>Hersteller</th><td>Kason Industries</td></tr><tr><th>Serie / Artikel</th><td>1725 Countertop Leg 2-1/2&quot;</td></tr><tr><th>Maß / Ø (mm)</th><td>Höhe 64</td></tr><tr><th>Material</th><td>Thermoplast oder Zamak vernickelt</td></tr><tr><th>Gewinde / Anschluss</th><td>Bolzen 3/8-16 oder 1/4-20 UNC</td></tr><tr><th>Varianten laut Hersteller</th><td>2</td></tr></tbody></table><p>Technische Angaben nach Herstellerunterlagen, ohne Gewähr. Passende Ausführung, Preis und Lieferzeit nennen wir Ihnen auf Anfrage.</p>",taxable,1,,Edelstahl-Stellbeine > Gerätebeine,,Kason Industries,Anwendung,"Gastronomiegerät, Arbeitstisch / Möbel",1,1,Funktion,Höhenverstellung,1,1,Bauform,Stellbein,1,1,Material,Zinkdruckguss,1,1,Gewinde,"1/4"" UNC",1,1,Durchmesser,Höhe 64 mm,1,0,,,,,,,,,,,,,1,vergleich
simple,BF-V-89740EA5,"Kason Industries 1740 Countertop Leg 4""",1,0,visible,Fester Gerätefuß für Tischgeräte mit Durchgangsbolzen. Preis und Lieferzeit auf Anfrage.,"<p>Fester Gerätefuß für Tischgeräte mit Durchgangsbolzen.</p><table><tbody><tr><th>Hersteller</th><td>Kason Industries</td></tr><tr><th>Serie / Artikel</th><td>1740 Countertop Leg 4&quot;</td></tr><tr><th>Maß / Ø (mm)</th><td>Höhe 102</td></tr><tr><th>Material</th><td>Thermoplast oder Zamak vernickelt</td></tr><tr><th>Gewinde / Anschluss</th><td>Bolzen 3/8-16 oder 1/4-20 UNC</td></tr><tr><th>Varianten laut Hersteller</th><td>4</td></tr></tbody></table><p>Technische Angaben nach Herstellerunterlagen, ohne Gewähr. Passende Ausführung, Preis und Lieferzeit nennen wir Ihnen auf Anfrage.</p>",taxable,1,,Edelstahl-Stellbeine > Gerätebeine,,Kason Industries,Anwendung,"Gastronomiegerät, Arbeitstisch / Möbel",1,1,Funktion,Höhenverstellung,1,1,Bauform,Stellbein,1,1,Material,Zinkdruckguss,1,1,Gewinde,"1/4"" UNC",1,1,Durchmesser,Höhe 102 mm,1,0,,,,,,,,,,,,,1,vergleich
simple,BF-V-C696A50D,"Kason Industries 1749 Adjustable Appliance Leg 4""",1,0,visible,"Thermoplast-Gerätebein mit vernickeltem Flanschfuß, verstellbar. Preis und Lieferzeit auf Anfrage.","<p>Thermoplast-Gerätebein mit vernickeltem Flanschfuß, verstellbar.</p><table><tbody><tr><th>Hersteller</th><td>Kason Industries</td></tr><tr><th>Serie / Artikel</th><td>1749 Adjustable Appliance Leg 4&quot;</td></tr><tr><th>Maß / Ø (mm)</th><td>Höhe 102 (nominal)</td></tr><tr><th>Material</th><td>Thermoplast hitzebeständig, Fuß Druckguss vernickelt</td></tr><tr><th>Gewinde / Anschluss</th><td>Bolzen 3/8-16 oder 1/2-13 UNC</td></tr><tr><th>Traglast (N)</th><td>8896 (2000 lb)</td></tr><tr><th>Verstellbereich (mm)</th><td>32</td></tr><tr><th>Varianten laut Hersteller</th><td>4</td></tr></tbody></table><p>Technische Angaben nach Herstellerunterlagen, ohne Gewähr. Passende Ausführung, Preis und Lieferzeit nennen wir Ihnen auf Anfrage.</p>",taxable,1,,Edelstahl-Stellbeine > Gerätebeine,,Kason Industries,Anwendung,"Gastronomiegerät, Arbeitstisch / Möbel",1,1,Funktion,Höhenverstellung,1,1,Bauform,Stellbein,1,1,Gewinde,"1/2"" UNC",1,1,Traglast,8896 (2000 lb) N,1,0,Durchmesser,Höhe 102 (nominal) mm,1,0,,,,,,,,,,,,,1,vergleich
simple,BF-V-636C1764,"MOVET 45850000 Reduziersockel Ø56,5/44,5 H180",1,0,visible,"Edelstahl-Rohrfußsockel mit Anschraubplatte, verstellbar. Preis und Lieferzeit auf Anfrage.","<p>Edelstahl-Rohrfußsockel mit Anschraubplatte, verstellbar.</p><table><tbody><tr><th>Hersteller</th><td>MOVET</td></tr><tr><th>Serie / Artikel</th><td>45850000 Reduziersockel Ø56,5/44,5 H180</td></tr><tr><th>Maß / Ø (mm)</th><td>Ø56,5 / 44,5, Höhe 180</td></tr><tr><th>Material</th><td>Edelstahl</td></tr><tr><th>Gewinde / Anschluss</th><td>Platte mit 4 Bohrungen Ø8</td></tr><tr><th>Verstellbereich (mm)</th><td>50</td></tr><tr><th>Varianten laut Hersteller</th><td>1</td></tr></tbody></table><p>Technische Angaben nach Herstellerunterlagen, ohne Gewähr. Passende Ausführung, Preis und Lieferzeit nennen wir Ihnen auf Anfrage.</p>",taxable,1,,Edelstahl-Stellbeine > Gerätebeine,,MOVET,Anwendung,"Gastronomiegerät, Arbeitstisch / Möbel",1,1,Funktion,Höhenverstellung,1,1,Bauform,Stellbein,1,1,Material,Edelstahl,1,1,Durchmesser,"Ø56,5 / 44,5 · Höhe 180 mm",1,0,,,,,,,,,,,,,,,,,1,vergleich
simple,BF-V-DD89A61D,"MOVET 45850010 Reduziersockel Ø64/56,6 H180",1,0,visible,Edelstahl-Rohrfußsockel mit Anschraubplatte für Gastro-Unterbauten. Preis und Lieferzeit auf Anfrage.,"<p>Edelstahl-Rohrfußsockel mit Anschraubplatte für Gastro-Unterbauten.</p><table><tbody><tr><th>Hersteller</th><td>MOVET</td></tr><tr><th>Serie / Artikel</th><td>45850010 Reduziersockel Ø64/56,6 H180</td></tr><tr><th>Maß / Ø (mm)</th><td>Ø64 / 56,6, Höhe 180</td></tr><tr><th>Material</th><td>Edelstahl</td></tr><tr><th>Gewinde / Anschluss</th><td>Platte mit 4 Bohrungen Ø8</td></tr><tr><th>Verstellbereich (mm)</th><td>50</td></tr><tr><th>Varianten laut Hersteller</th><td>1</td></tr></tbody></table><p>Technische Angaben nach Herstellerunterlagen, ohne Gewähr. Passende Ausführung, Preis und Lieferzeit nennen wir Ihnen auf Anfrage.</p>",taxable,1,,Edelstahl-Stellbeine > Gerätebeine,,MOVET,Anwendung,"Gastronomiegerät, Arbeitstisch / Möbel",1,1,Funktion,Höhenverstellung,1,1,Bauform,Stellbein,1,1,Material,Edelstahl,1,1,Durchmesser,"Ø64 / 56,6 · Höhe 180 mm",1,0,,,,,,,,,,,,,,,,,1,vergleich
simple,BF-V-46D9552F,MOVET 45850019 Stellfuß Ø30/40 M10x15,1,0,visible,Kleiner Edelstahl-Möbelstellfuß mit PVC-Gleiter. Preis und Lieferzeit auf Anfrage.,"<p>Kleiner Edelstahl-Möbelstellfuß mit PVC-Gleiter.</p><table><tbody><tr><th>Hersteller</th><td>MOVET</td></tr><tr><th>Serie / Artikel</th><td>45850019 Stellfuß Ø30/40 M10x15</td></tr><tr><th>Maß / Ø (mm)</th><td>Ø30 / 40</td></tr><tr><th>Material</th><td>Edelstahl, PVC-Gleiter</td></tr><tr><th>Gewinde / Anschluss</th><td>M10x15</td></tr><tr><th>Varianten laut Hersteller</th><td>1</td></tr></tbody></table><p>Technische Angaben nach Herstellerunterlagen, ohne Gewähr. Passende Ausführung, Preis und Lieferzeit nennen wir Ihnen auf Anfrage.</p>",taxable,1,,Edelstahl-Stellbeine > Gerätebeine,,MOVET,Anwendung,"Gastronomiegerät, Arbeitstisch / Möbel",1,1,Funktion,Höhenverstellung,1,1,Bauform,Stellbein,1,1,Material,"Edelstahl, Kunststoff",1,1,Gewinde,M10,1,1,Durchmesser,Ø30 / 40 mm,1,0,,,,,,,,,,,,,1,vergleich
simple,BF-V-9AB2383E,MOVET 45850019/F Stellfuß Ø30/40 M10x15 mit Lasche,1,0,visible,Kleiner Edelstahl-Stellfuß mit Befestigungslasche. Preis und Lieferzeit auf Anfrage.,"<p>Kleiner Edelstahl-Stellfuß mit Befestigungslasche.</p><table><tbody><tr><th>Hersteller</th><td>MOVET</td></tr><tr><th>Serie / Artikel</th><td>45850019/F Stellfuß Ø30/40 M10x15 mit Lasche</td></tr><tr><th>Maß / Ø (mm)</th><td>Ø30 / 40</td></tr><tr><th>Material</th><td>Edelstahl</td></tr><tr><th>Gewinde / Anschluss</th><td>M10x15, Lasche 7x12</td></tr><tr><th>Verstellbereich (mm)</th><td>30</td></tr><tr><th>Varianten laut Hersteller</th><td>1</td></tr></tbody></table><p>Technische Angaben nach Herstellerunterlagen, ohne Gewähr. Passende Ausführung, Preis und Lieferzeit nennen wir Ihnen auf Anfrage.</p>",taxable,1,,Edelstahl-Stellbeine > Gerätebeine,,MOVET,Anwendung,"Gastronomiegerät, Arbeitstisch / Möbel",1,1,Funktion,Höhenverstellung,1,1,Bauform,Stellbein,1,1,Material,Edelstahl,1,1,Gewinde,M10,1,1,Durchmesser,Ø30 / 40 mm,1,0,,,,,,,,,,,,,1,vergleich
simple,BF-V-D438EE5E,"BK Resources BK-PLAF Plastic Bullet Foot 1-5/8""",1,0,visible,"Kunststoff-Bullet-Fuß für Rundrohr, verstellbar, leichte Gastrotische. Preis und Lieferzeit auf Anfrage.","<p>Kunststoff-Bullet-Fuß für Rundrohr, verstellbar, leichte Gastrotische.</p><table><tbody><tr><th>Hersteller</th><td>BK Resources</td></tr><tr><th>Serie / Artikel</th><td>BK-PLAF Plastic Bullet Foot 1-5/8&quot;</td></tr><tr><th>Maß / Ø (mm)</th><td>41,3 (1-5/8&quot; OD, 16 ga)</td></tr><tr><th>Material</th><td>Kunststoff</td></tr><tr><th>Gewinde / Anschluss</th><td>Einsteckfuß</td></tr><tr><th>Traglast (N)</th><td>890 (200 lbs)</td></tr><tr><th>Verstellbereich (mm)</th><td>ca. 32 (Höhe 3,5-4,75&quot;)</td></tr><tr><th>Varianten laut Hersteller</th><td>1</td></tr></tbody></table><p>Technische Angaben nach Herstellerunterlagen, ohne Gewähr. Passende Ausführung, Preis und Lieferzeit nennen wir Ihnen auf Anfrage.</p>",taxable,1,,Einschlagfüße > Rundrohr,,BK Resources,Anwendung,"Arbeitstisch / Möbel, Regal / Gestell, Gastronomiegerät",1,1,Funktion,Höhenverstellung,1,1,Bauform,Einschlagfuß,1,1,Material,Kunststoff,1,1,Rohrmaß,Rund 1 5/8 Zoll (41.3 mm),1,1,Traglast,890 (200 lbs) N,1,0,Durchmesser,"41,3 (1-5/8"" OD · 16 ga) mm",1,0,,,,,,,,,1,vergleich
simple,BF-V-AF2F0BA9,"BK Resources BK-SSAF Bullet Foot 1-5/8""",1,0,visible,"Gastro-Bullet-Fuß zum Einstecken in Rundrohr, höhenverstellbar. Preis und Lieferzeit auf Anfrage.","<p>Gastro-Bullet-Fuß zum Einstecken in Rundrohr, höhenverstellbar.</p><table><tbody><tr><th>Hersteller</th><td>BK Resources</td></tr><tr><th>Serie / Artikel</th><td>BK-SSAF Bullet Foot 1-5/8&quot;</td></tr><tr><th>Maß / Ø (mm)</th><td>41,3 (1-5/8&quot; OD, 16 ga)</td></tr><tr><th>Material</th><td>Edelstahlhülle über Weißmetall (Zink-Druckguss)</td></tr><tr><th>Gewinde / Anschluss</th><td>Einsteckfuß</td></tr><tr><th>Traglast (N)</th><td>4448 (1000 lbs)</td></tr><tr><th>Verstellbereich (mm)</th><td>ca. 25 (Höhe 3,25-4,25&quot;)</td></tr><tr><th>Varianten laut Hersteller</th><td>1</td></tr></tbody></table><p>Technische Angaben nach Herstellerunterlagen, ohne Gewähr. Passende Ausführung, Preis und Lieferzeit nennen wir Ihnen auf Anfrage.</p>",taxable,1,,Einschlagfüße > Rundrohr,,BK Resources,Anwendung,"Arbeitstisch / Möbel, Regal / Gestell, Gastronomiegerät",1,1,Funktion,Höhenverstellung,1,1,Bauform,Einschlagfuß,1,1,Material,Edelstahl,1,1,Rohrmaß,Rund 1 5/8 Zoll (41.3 mm),1,1,Traglast,4448 (1000 lbs) N,1,0,Durchmesser,"41,3 (1-5/8"" OD · 16 ga) mm",1,0,,,,,,,,,1,vergleich
simple,BF-V-77EA0C2B,"BK Resources BK-SSPAF Stainless over Plastic 1-5/8""",1,0,visible,Bullet-Fuß mit Edelstahlmantel und Kunststoffkern für Rundrohr. Preis und Lieferzeit auf Anfrage.,"<p>Bullet-Fuß mit Edelstahlmantel und Kunststoffkern für Rundrohr.</p><table><tbody><tr><th>Hersteller</th><td>BK Resources</td></tr><tr><th>Serie / Artikel</th><td>BK-SSPAF Stainless over Plastic 1-5/8&quot;</td></tr><tr><th>Maß / Ø (mm)</th><td>41,3 (1-5/8&quot; OD, 16 ga)</td></tr><tr><th>Material</th><td>Edelstahlmantel, Kunststoffkern</td></tr><tr><th>Gewinde / Anschluss</th><td>Einsteckfuß</td></tr><tr><th>Traglast (N)</th><td>890 (200 lbs)</td></tr><tr><th>Verstellbereich (mm)</th><td>ca. 32 (Höhe 3,5-4,75&quot;)</td></tr><tr><th>Varianten laut Hersteller</th><td>1</td></tr></tbody></table><p>Technische Angaben nach Herstellerunterlagen, ohne Gewähr. Passende Ausführung, Preis und Lieferzeit nennen wir Ihnen auf Anfrage.</p>",taxable,1,,Einschlagfüße > Rundrohr,,BK Resources,Anwendung,"Arbeitstisch / Möbel, Regal / Gestell, Gastronomiegerät",1,1,Funktion,Höhenverstellung,1,1,Bauform,Einschlagfuß,1,1,Material,Edelstahl,1,1,Rohrmaß,Rund 1 5/8 Zoll (41.3 mm),1,1,Traglast,890 (200 lbs) N,1,0,Durchmesser,"41,3 (1-5/8"" OD · 16 ga) mm",1,0,,,,,,,,,1,vergleich
simple,BF-V-1F498E5D,Elesa+Ganter GN 448 Gewindebuchse Ø20,1,0,visible,Kunststoff-Einschlagbuchse für Rundrohr mit Innengewinde für Stellfüße. Preis und Lieferzeit auf Anfrage.,"<p>Kunststoff-Einschlagbuchse für Rundrohr mit Innengewinde für Stellfüße.</p><table><tbody><tr><th>Hersteller</th><td>Elesa+Ganter</td></tr><tr><th>Serie / Artikel</th><td>GN 448 Gewindebuchse Ø20</td></tr><tr><th>Maß / Ø (mm)</th><td>20 (Wand 2)</td></tr><tr><th>Material</th><td>PA glasfaserverstärkt schwarz, Gewindebuchse Messing</td></tr><tr><th>Gewinde / Anschluss</th><td>M8</td></tr><tr><th>Traglast (N)</th><td>4500</td></tr></tbody></table><p>Technische Angaben nach Herstellerunterlagen, ohne Gewähr. Passende Ausführung, Preis und Lieferzeit nennen wir Ihnen auf Anfrage.</p>",taxable,1,,Einschlagfüße > Rundrohr,,Elesa+Ganter,Anwendung,"Arbeitstisch / Möbel, Regal / Gestell, Gastronomiegerät",1,1,Funktion,Höhenverstellung,1,1,Bauform,Gewindeeinsatz,1,1,Material,Kunststoff,1,1,Rohrmaß,Rund 20 mm,1,1,Gewinde,M8,1,1,Traglast,4500 N,1,0,Durchmesser,20 (Wand 2) mm,1,0,,,,,1,vergleich
simple,BF-V-CE0BB7DA,Elesa+Ganter GN 448 Gewindebuchse Ø25,1,0,visible,Kunststoff-Einschlagbuchse für Rundrohr mit Innengewinde für Stellfüße. Preis und Lieferzeit auf Anfrage.,"<p>Kunststoff-Einschlagbuchse für Rundrohr mit Innengewinde für Stellfüße.</p><table><tbody><tr><th>Hersteller</th><td>Elesa+Ganter</td></tr><tr><th>Serie / Artikel</th><td>GN 448 Gewindebuchse Ø25</td></tr><tr><th>Maß / Ø (mm)</th><td>25 (Wand 2)</td></tr><tr><th>Material</th><td>PA glasfaserverstärkt schwarz, Gewindebuchse Messing</td></tr><tr><th>Gewinde / Anschluss</th><td>M8, M10</td></tr><tr><th>Traglast (N)</th><td>4500</td></tr></tbody></table><p>Technische Angaben nach Herstellerunterlagen, ohne Gewähr. Passende Ausführung, Preis und Lieferzeit nennen wir Ihnen auf Anfrage.</p>",taxable,1,,Einschlagfüße > Rundrohr,,Elesa+Ganter,Anwendung,"Arbeitstisch / Möbel, Regal / Gestell, Gastronomiegerät",1,1,Funktion,Höhenverstellung,1,1,Bauform,Gewindeeinsatz,1,1,Material,Kunststoff,1,1,Rohrmaß,Rund 25 mm,1,1,Gewinde,"M8, M10",1,1,Traglast,4500 N,1,0,Durchmesser,25 (Wand 2) mm,1,0,,,,,1,vergleich
simple,BF-V-D493C883,Elesa+Ganter GN 448 Gewindebuchse Ø30,1,0,visible,Kunststoff-Einschlagbuchse für Rundrohr mit Innengewinde für Stellfüße. Preis und Lieferzeit auf Anfrage.,"<p>Kunststoff-Einschlagbuchse für Rundrohr mit Innengewinde für Stellfüße.</p><table><tbody><tr><th>Hersteller</th><td>Elesa+Ganter</td></tr><tr><th>Serie / Artikel</th><td>GN 448 Gewindebuchse Ø30</td></tr><tr><th>Maß / Ø (mm)</th><td>30 (Wand 1-2,5)</td></tr><tr><th>Material</th><td>PA glasfaserverstärkt schwarz, Gewindebuchse Messing</td></tr><tr><th>Gewinde / Anschluss</th><td>M8-M16</td></tr><tr><th>Traglast (N)</th><td>4500</td></tr></tbody></table><p>Technische Angaben nach Herstellerunterlagen, ohne Gewähr. Passende Ausführung, Preis und Lieferzeit nennen wir Ihnen auf Anfrage.</p>",taxable,1,,Einschlagfüße > Rundrohr,,Elesa+Ganter,Anwendung,"Arbeitstisch / Möbel, Regal / Gestell, Gastronomiegerät",1,1,Funktion,Höhenverstellung,1,1,Bauform,Gewindeeinsatz,1,1,Material,Kunststoff,1,1,Rohrmaß,Rund 30 mm,1,1,Gewinde,"M8, M10, M12, M14, M16",1,1,Traglast,4500 N,1,0,Durchmesser,"30 (Wand 1-2,5) mm",1,0,,,,,1,vergleich
simple,BF-V-856CE54C,Elesa+Ganter GN 448 Gewindebuchse Ø32,1,0,visible,Kunststoff-Einschlagbuchse für Rundrohr mit Innengewinde für Stellfüße. Preis und Lieferzeit auf Anfrage.,"<p>Kunststoff-Einschlagbuchse für Rundrohr mit Innengewinde für Stellfüße.</p><table><tbody><tr><th>Hersteller</th><td>Elesa+Ganter</td></tr><tr><th>Serie / Artikel</th><td>GN 448 Gewindebuchse Ø32</td></tr><tr><th>Maß / Ø (mm)</th><td>32 (Wand 2)</td></tr><tr><th>Material</th><td>PA glasfaserverstärkt schwarz, Gewindebuchse Messing</td></tr><tr><th>Gewinde / Anschluss</th><td>M8, M10</td></tr><tr><th>Traglast (N)</th><td>4500</td></tr></tbody></table><p>Technische Angaben nach Herstellerunterlagen, ohne Gewähr. Passende Ausführung, Preis und Lieferzeit nennen wir Ihnen auf Anfrage.</p>",taxable,1,,Einschlagfüße > Rundrohr,,Elesa+Ganter,Anwendung,"Arbeitstisch / Möbel, Regal / Gestell, Gastronomiegerät",1,1,Funktion,Höhenverstellung,1,1,Bauform,Gewindeeinsatz,1,1,Material,Kunststoff,1,1,Rohrmaß,Rund 32 mm,1,1,Gewinde,"M8, M10",1,1,Traglast,4500 N,1,0,Durchmesser,32 (Wand 2) mm,1,0,,,,,1,vergleich
simple,BF-V-7186CFDF,Elesa+Ganter GN 448 Gewindebuchse Ø35,1,0,visible,Kunststoff-Einschlagbuchse für Rundrohr mit Innengewinde für Stellfüße. Preis und Lieferzeit auf Anfrage.,"<p>Kunststoff-Einschlagbuchse für Rundrohr mit Innengewinde für Stellfüße.</p><table><tbody><tr><th>Hersteller</th><td>Elesa+Ganter</td></tr><tr><th>Serie / Artikel</th><td>GN 448 Gewindebuchse Ø35</td></tr><tr><th>Maß / Ø (mm)</th><td>35 (Wand 2)</td></tr><tr><th>Material</th><td>PA glasfaserverstärkt schwarz, Gewindebuchse Messing</td></tr><tr><th>Gewinde / Anschluss</th><td>M10, M12</td></tr><tr><th>Traglast (N)</th><td>4500</td></tr></tbody></table><p>Technische Angaben nach Herstellerunterlagen, ohne Gewähr. Passende Ausführung, Preis und Lieferzeit nennen wir Ihnen auf Anfrage.</p>",taxable,1,,Einschlagfüße > Rundrohr,,Elesa+Ganter,Anwendung,"Arbeitstisch / Möbel, Regal / Gestell, Gastronomiegerät",1,1,Funktion,Höhenverstellung,1,1,Bauform,Gewindeeinsatz,1,1,Material,Kunststoff,1,1,Rohrmaß,Rund 35 mm,1,1,Gewinde,"M10, M12",1,1,Traglast,4500 N,1,0,Durchmesser,35 (Wand 2) mm,1,0,,,,,1,vergleich
simple,BF-V-F5A9FD8F,Elesa+Ganter GN 448 Gewindebuchse Ø38,1,0,visible,Kunststoff-Einschlagbuchse für Rundrohr mit Innengewinde für Stellfüße. Preis und Lieferzeit auf Anfrage.,"<p>Kunststoff-Einschlagbuchse für Rundrohr mit Innengewinde für Stellfüße.</p><table><tbody><tr><th>Hersteller</th><td>Elesa+Ganter</td></tr><tr><th>Serie / Artikel</th><td>GN 448 Gewindebuchse Ø38</td></tr><tr><th>Maß / Ø (mm)</th><td>38 (Wand 1,5-2,5)</td></tr><tr><th>Material</th><td>PA glasfaserverstärkt schwarz, Gewindebuchse Messing</td></tr><tr><th>Gewinde / Anschluss</th><td>M8-M16</td></tr><tr><th>Traglast (N)</th><td>5000</td></tr></tbody></table><p>Technische Angaben nach Herstellerunterlagen, ohne Gewähr. Passende Ausführung, Preis und Lieferzeit nennen wir Ihnen auf Anfrage.</p>",taxable,1,,Einschlagfüße > Rundrohr,,Elesa+Ganter,Anwendung,"Arbeitstisch / Möbel, Regal / Gestell, Gastronomiegerät",1,1,Funktion,Höhenverstellung,1,1,Bauform,Gewindeeinsatz,1,1,Material,Kunststoff,1,1,Rohrmaß,Rund 38 mm,1,1,Gewinde,"M8, M10, M12, M14, M16",1,1,Traglast,5000 N,1,0,Durchmesser,"38 (Wand 1,5-2,5) mm",1,0,,,,,1,vergleich
simple,BF-V-EDDB5534,Elesa+Ganter GN 448 Gewindebuchse Ø40,1,0,visible,Kunststoff-Einschlagbuchse für Rundrohr mit Innengewinde für Stellfüße. Preis und Lieferzeit auf Anfrage.,"<p>Kunststoff-Einschlagbuchse für Rundrohr mit Innengewinde für Stellfüße.</p><table><tbody><tr><th>Hersteller</th><td>Elesa+Ganter</td></tr><tr><th>Serie / Artikel</th><td>GN 448 Gewindebuchse Ø40</td></tr><tr><th>Maß / Ø (mm)</th><td>40 (Wand 3)</td></tr><tr><th>Material</th><td>PA glasfaserverstärkt schwarz, Gewindebuchse Messing</td></tr><tr><th>Gewinde / Anschluss</th><td>M10, M12</td></tr><tr><th>Traglast (N)</th><td>5000</td></tr></tbody></table><p>Technische Angaben nach Herstellerunterlagen, ohne Gewähr. Passende Ausführung, Preis und Lieferzeit nennen wir Ihnen auf Anfrage.</p>",taxable,1,,Einschlagfüße > Rundrohr,,Elesa+Ganter,Anwendung,"Arbeitstisch / Möbel, Regal / Gestell, Gastronomiegerät",1,1,Funktion,Höhenverstellung,1,1,Bauform,Gewindeeinsatz,1,1,Material,Kunststoff,1,1,Rohrmaß,Rund 40 mm,1,1,Gewinde,"M10, M12",1,1,Traglast,5000 N,1,0,Durchmesser,40 (Wand 3) mm,1,0,,,,,1,vergleich
simple,BF-V-DE782EF3,Elesa+Ganter GN 448 Gewindebuchse Ø42,1,0,visible,Kunststoff-Einschlagbuchse für Rundrohr mit Innengewinde für Stellfüße. Preis und Lieferzeit auf Anfrage.,"<p>Kunststoff-Einschlagbuchse für Rundrohr mit Innengewinde für Stellfüße.</p><table><tbody><tr><th>Hersteller</th><td>Elesa+Ganter</td></tr><tr><th>Serie / Artikel</th><td>GN 448 Gewindebuchse Ø42</td></tr><tr><th>Maß / Ø (mm)</th><td>42 (Wand 3)</td></tr><tr><th>Material</th><td>PA glasfaserverstärkt schwarz, Gewindebuchse Messing</td></tr><tr><th>Gewinde / Anschluss</th><td>M10, M12</td></tr><tr><th>Traglast (N)</th><td>5000</td></tr></tbody></table><p>Technische Angaben nach Herstellerunterlagen, ohne Gewähr. Passende Ausführung, Preis und Lieferzeit nennen wir Ihnen auf Anfrage.</p>",taxable,1,,Einschlagfüße > Rundrohr,,Elesa+Ganter,Anwendung,"Arbeitstisch / Möbel, Regal / Gestell, Gastronomiegerät",1,1,Funktion,Höhenverstellung,1,1,Bauform,Gewindeeinsatz,1,1,Material,Kunststoff,1,1,Rohrmaß,Rund 42 mm,1,1,Gewinde,"M10, M12",1,1,Traglast,5000 N,1,0,Durchmesser,42 (Wand 3) mm,1,0,,,,,1,vergleich
simple,BF-V-7CD16CF9,"Elesa+Ganter GN 448 Gewindebuchse Ø42,4",1,0,visible,Kunststoff-Einschlagbuchse für Rundrohr mit Innengewinde für Stellfüße. Preis und Lieferzeit auf Anfrage.,"<p>Kunststoff-Einschlagbuchse für Rundrohr mit Innengewinde für Stellfüße.</p><table><tbody><tr><th>Hersteller</th><td>Elesa+Ganter</td></tr><tr><th>Serie / Artikel</th><td>GN 448 Gewindebuchse Ø42,4</td></tr><tr><th>Maß / Ø (mm)</th><td>42,4 (Wand 1,5-2,5)</td></tr><tr><th>Material</th><td>PA glasfaserverstärkt schwarz, Gewindebuchse Messing</td></tr><tr><th>Gewinde / Anschluss</th><td>M8-M20</td></tr><tr><th>Traglast (N)</th><td>5000-8000</td></tr></tbody></table><p>Technische Angaben nach Herstellerunterlagen, ohne Gewähr. Passende Ausführung, Preis und Lieferzeit nennen wir Ihnen auf Anfrage.</p>",taxable,1,,Einschlagfüße > Rundrohr,,Elesa+Ganter,Anwendung,"Arbeitstisch / Möbel, Regal / Gestell, Gastronomiegerät",1,1,Funktion,Höhenverstellung,1,1,Bauform,Gewindeeinsatz,1,1,Material,Kunststoff,1,1,Rohrmaß,"Rund 42,4 mm",1,1,Gewinde,"M8, M10, M12, M14, M16, M20",1,1,Traglast,5000-8000 N,1,0,Durchmesser,"42,4 (Wand 1,5-2,5) mm",1,0,,,,,1,vergleich
simple,BF-V-450DA070,Elesa+Ganter GN 448 Gewindebuchse Ø45,1,0,visible,Kunststoff-Einschlagbuchse für Rundrohr mit Innengewinde für Stellfüße. Preis und Lieferzeit auf Anfrage.,"<p>Kunststoff-Einschlagbuchse für Rundrohr mit Innengewinde für Stellfüße.</p><table><tbody><tr><th>Hersteller</th><td>Elesa+Ganter</td></tr><tr><th>Serie / Artikel</th><td>GN 448 Gewindebuchse Ø45</td></tr><tr><th>Maß / Ø (mm)</th><td>45 (Wand 3)</td></tr><tr><th>Material</th><td>PA glasfaserverstärkt schwarz, Gewindebuchse Messing</td></tr><tr><th>Gewinde / Anschluss</th><td>M12, M16</td></tr><tr><th>Traglast (N)</th><td>5000</td></tr></tbody></table><p>Technische Angaben nach Herstellerunterlagen, ohne Gewähr. Passende Ausführung, Preis und Lieferzeit nennen wir Ihnen auf Anfrage.</p>",taxable,1,,Einschlagfüße > Rundrohr,,Elesa+Ganter,Anwendung,"Arbeitstisch / Möbel, Regal / Gestell, Gastronomiegerät",1,1,Funktion,Höhenverstellung,1,1,Bauform,Gewindeeinsatz,1,1,Material,Kunststoff,1,1,Rohrmaß,Rund 45 mm,1,1,Gewinde,"M12, M16",1,1,Traglast,5000 N,1,0,Durchmesser,45 (Wand 3) mm,1,0,,,,,1,vergleich
simple,BF-V-74B3E2B6,Elesa+Ganter GN 448 Gewindebuchse Ø48,1,0,visible,Kunststoff-Einschlagbuchse für Rundrohr mit Innengewinde für Stellfüße. Preis und Lieferzeit auf Anfrage.,"<p>Kunststoff-Einschlagbuchse für Rundrohr mit Innengewinde für Stellfüße.</p><table><tbody><tr><th>Hersteller</th><td>Elesa+Ganter</td></tr><tr><th>Serie / Artikel</th><td>GN 448 Gewindebuchse Ø48</td></tr><tr><th>Maß / Ø (mm)</th><td>48 (Wand 3)</td></tr><tr><th>Material</th><td>PA glasfaserverstärkt schwarz, Gewindebuchse Messing</td></tr><tr><th>Gewinde / Anschluss</th><td>M12, M16</td></tr><tr><th>Traglast (N)</th><td>5500</td></tr></tbody></table><p>Technische Angaben nach Herstellerunterlagen, ohne Gewähr. Passende Ausführung, Preis und Lieferzeit nennen wir Ihnen auf Anfrage.</p>",taxable,1,,Einschlagfüße > Rundrohr,,Elesa+Ganter,Anwendung,"Arbeitstisch / Möbel, Regal / Gestell, Gastronomiegerät",1,1,Funktion,Höhenverstellung,1,1,Bauform,Gewindeeinsatz,1,1,Material,Kunststoff,1,1,Rohrmaß,Rund 48 mm,1,1,Gewinde,"M12, M16",1,1,Traglast,5500 N,1,0,Durchmesser,48 (Wand 3) mm,1,0,,,,,1,vergleich
simple,BF-V-4B73816F,"Elesa+Ganter GN 448 Gewindebuchse Ø48,3",1,0,visible,Kunststoff-Einschlagbuchse für Rundrohr mit Innengewinde für Stellfüße. Preis und Lieferzeit auf Anfrage.,"<p>Kunststoff-Einschlagbuchse für Rundrohr mit Innengewinde für Stellfüße.</p><table><tbody><tr><th>Hersteller</th><td>Elesa+Ganter</td></tr><tr><th>Serie / Artikel</th><td>GN 448 Gewindebuchse Ø48,3</td></tr><tr><th>Maß / Ø (mm)</th><td>48,3 (Wand 1,5-2,5)</td></tr><tr><th>Material</th><td>PA glasfaserverstärkt schwarz, Gewindebuchse Messing</td></tr><tr><th>Gewinde / Anschluss</th><td>M8-M20</td></tr><tr><th>Traglast (N)</th><td>5500-8500</td></tr></tbody></table><p>Technische Angaben nach Herstellerunterlagen, ohne Gewähr. Passende Ausführung, Preis und Lieferzeit nennen wir Ihnen auf Anfrage.</p>",taxable,1,,Einschlagfüße > Rundrohr,,Elesa+Ganter,Anwendung,"Arbeitstisch / Möbel, Regal / Gestell, Gastronomiegerät",1,1,Funktion,Höhenverstellung,1,1,Bauform,Gewindeeinsatz,1,1,Material,Kunststoff,1,1,Rohrmaß,"Rund 48,3 mm",1,1,Gewinde,"M8, M10, M12, M14, M16, M20",1,1,Traglast,5500-8500 N,1,0,Durchmesser,"48,3 (Wand 1,5-2,5) mm",1,0,,,,,1,vergleich
simple,BF-V-45B25571,Elesa+Ganter GN 448 Gewindebuchse Ø50,1,0,visible,Kunststoff-Einschlagbuchse für Rundrohr mit Innengewinde für Stellfüße. Preis und Lieferzeit auf Anfrage.,"<p>Kunststoff-Einschlagbuchse für Rundrohr mit Innengewinde für Stellfüße.</p><table><tbody><tr><th>Hersteller</th><td>Elesa+Ganter</td></tr><tr><th>Serie / Artikel</th><td>GN 448 Gewindebuchse Ø50</td></tr><tr><th>Maß / Ø (mm)</th><td>50 (Wand 3)</td></tr><tr><th>Material</th><td>PA glasfaserverstärkt schwarz, Gewindebuchse Messing</td></tr><tr><th>Gewinde / Anschluss</th><td>M12, M16</td></tr><tr><th>Traglast (N)</th><td>5500</td></tr></tbody></table><p>Technische Angaben nach Herstellerunterlagen, ohne Gewähr. Passende Ausführung, Preis und Lieferzeit nennen wir Ihnen auf Anfrage.</p>",taxable,1,,Einschlagfüße > Rundrohr,,Elesa+Ganter,Anwendung,"Arbeitstisch / Möbel, Regal / Gestell, Gastronomiegerät",1,1,Funktion,Höhenverstellung,1,1,Bauform,Gewindeeinsatz,1,1,Material,Kunststoff,1,1,Rohrmaß,Rund 50 mm,1,1,Gewinde,"M12, M16",1,1,Traglast,5500 N,1,0,Durchmesser,50 (Wand 3) mm,1,0,,,,,1,vergleich
simple,BF-V-3C6943B8,"Elesa+Ganter GN 448 Gewindebuchse Ø50,9",1,0,visible,Kunststoff-Einschlagbuchse für Rundrohr mit Innengewinde für Stellfüße. Preis und Lieferzeit auf Anfrage.,"<p>Kunststoff-Einschlagbuchse für Rundrohr mit Innengewinde für Stellfüße.</p><table><tbody><tr><th>Hersteller</th><td>Elesa+Ganter</td></tr><tr><th>Serie / Artikel</th><td>GN 448 Gewindebuchse Ø50,9</td></tr><tr><th>Maß / Ø (mm)</th><td>50,9 (Wand 1,5-2,5)</td></tr><tr><th>Material</th><td>PA glasfaserverstärkt schwarz, Gewindebuchse Messing</td></tr><tr><th>Gewinde / Anschluss</th><td>M12-M20</td></tr><tr><th>Traglast (N)</th><td>5500-8500</td></tr></tbody></table><p>Technische Angaben nach Herstellerunterlagen, ohne Gewähr. Passende Ausführung, Preis und Lieferzeit nennen wir Ihnen auf Anfrage.</p>",taxable,1,,Einschlagfüße > Rundrohr,,Elesa+Ganter,Anwendung,"Arbeitstisch / Möbel, Regal / Gestell, Gastronomiegerät",1,1,Funktion,Höhenverstellung,1,1,Bauform,Gewindeeinsatz,1,1,Material,Kunststoff,1,1,Rohrmaß,"Rund 50,9 mm",1,1,Gewinde,"M12, M14, M16, M20",1,1,Traglast,5500-8500 N,1,0,Durchmesser,"50,9 (Wand 1,5-2,5) mm",1,0,,,,,1,vergleich
simple,BF-V-72F6B11B,"Elesa+Ganter GN 448 Gewindebuchse Ø60,3",1,0,visible,Kunststoff-Einschlagbuchse für Rundrohr mit Innengewinde für Stellfüße. Preis und Lieferzeit auf Anfrage.,"<p>Kunststoff-Einschlagbuchse für Rundrohr mit Innengewinde für Stellfüße.</p><table><tbody><tr><th>Hersteller</th><td>Elesa+Ganter</td></tr><tr><th>Serie / Artikel</th><td>GN 448 Gewindebuchse Ø60,3</td></tr><tr><th>Maß / Ø (mm)</th><td>60,3 (Wand 1,5-2,5)</td></tr><tr><th>Material</th><td>PA glasfaserverstärkt schwarz, Gewindebuchse Messing</td></tr><tr><th>Gewinde / Anschluss</th><td>M8-M24</td></tr><tr><th>Traglast (N)</th><td>5500-8500</td></tr></tbody></table><p>Technische Angaben nach Herstellerunterlagen, ohne Gewähr. Passende Ausführung, Preis und Lieferzeit nennen wir Ihnen auf Anfrage.</p>",taxable,1,,Einschlagfüße > Rundrohr,,Elesa+Ganter,Anwendung,"Arbeitstisch / Möbel, Regal / Gestell, Gastronomiegerät",1,1,Funktion,Höhenverstellung,1,1,Bauform,Gewindeeinsatz,1,1,Material,Kunststoff,1,1,Rohrmaß,"Rund 60,3 mm",1,1,Gewinde,"M8, M10, M12, M14, M16, M20, M24",1,1,Traglast,5500-8500 N,1,0,Durchmesser,"60,3 (Wand 1,5-2,5) mm",1,0,,,,,1,vergleich
simple,BF-V-415F2B70,Elesa+Ganter GN 992 Einschraubbuchse D 20,1,0,visible,"Lamellen-Einsatzbuchse aus Alu für Rundrohr, Gewinde für Stellfuß. Preis und Lieferzeit auf Anfrage.","<p>Lamellen-Einsatzbuchse aus Alu für Rundrohr, Gewinde für Stellfuß.</p><table><tbody><tr><th>Hersteller</th><td>Elesa+Ganter</td></tr><tr><th>Serie / Artikel</th><td>GN 992 Einschraubbuchse D 20</td></tr><tr><th>Maß / Ø (mm)</th><td>20</td></tr><tr><th>Material</th><td>Aluminium blank</td></tr><tr><th>Gewinde / Anschluss</th><td>M8</td></tr><tr><th>Varianten laut Hersteller</th><td>1</td></tr></tbody></table><p>Technische Angaben nach Herstellerunterlagen, ohne Gewähr. Passende Ausführung, Preis und Lieferzeit nennen wir Ihnen auf Anfrage.</p>",taxable,1,,Einschlagfüße > Rundrohr,,Elesa+Ganter,Anwendung,"Arbeitstisch / Möbel, Regal / Gestell, Gastronomiegerät",1,1,Funktion,Höhenverstellung,1,1,Bauform,Gewindeeinsatz,1,1,Material,Aluminium,1,1,Rohrmaß,Rund 20 mm,1,1,Gewinde,M8,1,1,Durchmesser,20 mm,1,0,,,,,,,,,1,vergleich
simple,BF-V-2762C07B,Elesa+Ganter GN 992 Einschraubbuchse D 25,1,0,visible,"Lamellen-Einsatzbuchse aus Alu für Rundrohr, Gewinde für Stellfuß. Preis und Lieferzeit auf Anfrage.","<p>Lamellen-Einsatzbuchse aus Alu für Rundrohr, Gewinde für Stellfuß.</p><table><tbody><tr><th>Hersteller</th><td>Elesa+Ganter</td></tr><tr><th>Serie / Artikel</th><td>GN 992 Einschraubbuchse D 25</td></tr><tr><th>Maß / Ø (mm)</th><td>25</td></tr><tr><th>Material</th><td>Aluminium blank</td></tr><tr><th>Gewinde / Anschluss</th><td>M8</td></tr><tr><th>Varianten laut Hersteller</th><td>1</td></tr></tbody></table><p>Technische Angaben nach Herstellerunterlagen, ohne Gewähr. Passende Ausführung, Preis und Lieferzeit nennen wir Ihnen auf Anfrage.</p>",taxable,1,,Einschlagfüße > Rundrohr,,Elesa+Ganter,Anwendung,"Arbeitstisch / Möbel, Regal / Gestell, Gastronomiegerät",1,1,Funktion,Höhenverstellung,1,1,Bauform,Gewindeeinsatz,1,1,Material,Aluminium,1,1,Rohrmaß,Rund 25 mm,1,1,Gewinde,M8,1,1,Durchmesser,25 mm,1,0,,,,,,,,,1,vergleich
simple,BF-V-0D55A854,Elesa+Ganter GN 992 Einschraubbuchse D 30,1,0,visible,"Lamellen-Einsatzbuchse aus Alu für Rundrohr, Gewinde für Stellfuß. Preis und Lieferzeit auf Anfrage.","<p>Lamellen-Einsatzbuchse aus Alu für Rundrohr, Gewinde für Stellfuß.</p><table><tbody><tr><th>Hersteller</th><td>Elesa+Ganter</td></tr><tr><th>Serie / Artikel</th><td>GN 992 Einschraubbuchse D 30</td></tr><tr><th>Maß / Ø (mm)</th><td>30</td></tr><tr><th>Material</th><td>Aluminium blank</td></tr><tr><th>Gewinde / Anschluss</th><td>M8</td></tr><tr><th>Varianten laut Hersteller</th><td>1</td></tr></tbody></table><p>Technische Angaben nach Herstellerunterlagen, ohne Gewähr. Passende Ausführung, Preis und Lieferzeit nennen wir Ihnen auf Anfrage.</p>",taxable,1,,Einschlagfüße > Rundrohr,,Elesa+Ganter,Anwendung,"Arbeitstisch / Möbel, Regal / Gestell, Gastronomiegerät",1,1,Funktion,Höhenverstellung,1,1,Bauform,Gewindeeinsatz,1,1,Material,Aluminium,1,1,Rohrmaß,Rund 30 mm,1,1,Gewinde,M8,1,1,Durchmesser,30 mm,1,0,,,,,,,,,1,vergleich
simple,BF-V-47CAF32F,Elesa+Ganter GN 992 Einschraubbuchse D 32,1,0,visible,"Lamellen-Einsatzbuchse aus Alu für Rundrohr, Gewinde für Stellfuß. Preis und Lieferzeit auf Anfrage.","<p>Lamellen-Einsatzbuchse aus Alu für Rundrohr, Gewinde für Stellfuß.</p><table><tbody><tr><th>Hersteller</th><td>Elesa+Ganter</td></tr><tr><th>Serie / Artikel</th><td>GN 992 Einschraubbuchse D 32</td></tr><tr><th>Maß / Ø (mm)</th><td>32</td></tr><tr><th>Material</th><td>Aluminium blank</td></tr><tr><th>Gewinde / Anschluss</th><td>M8</td></tr><tr><th>Varianten laut Hersteller</th><td>1</td></tr></tbody></table><p>Technische Angaben nach Herstellerunterlagen, ohne Gewähr. Passende Ausführung, Preis und Lieferzeit nennen wir Ihnen auf Anfrage.</p>",taxable,1,,Einschlagfüße > Rundrohr,,Elesa+Ganter,Anwendung,"Arbeitstisch / Möbel, Regal / Gestell, Gastronomiegerät",1,1,Funktion,Höhenverstellung,1,1,Bauform,Gewindeeinsatz,1,1,Material,Aluminium,1,1,Rohrmaß,Rund 32 mm,1,1,Gewinde,M8,1,1,Durchmesser,32 mm,1,0,,,,,,,,,1,vergleich
simple,BF-V-F73FDE7C,Elesa+Ganter GN 992 Einschraubbuchse D 35,1,0,visible,"Lamellen-Einsatzbuchse aus Alu für Rundrohr, Gewinde für Stellfuß. Preis und Lieferzeit auf Anfrage.","<p>Lamellen-Einsatzbuchse aus Alu für Rundrohr, Gewinde für Stellfuß.</p><table><tbody><tr><th>Hersteller</th><td>Elesa+Ganter</td></tr><tr><th>Serie / Artikel</th><td>GN 992 Einschraubbuchse D 35</td></tr><tr><th>Maß / Ø (mm)</th><td>35</td></tr><tr><th>Material</th><td>Aluminium blank</td></tr><tr><th>Gewinde / Anschluss</th><td>M10</td></tr><tr><th>Varianten laut Hersteller</th><td>1</td></tr></tbody></table><p>Technische Angaben nach Herstellerunterlagen, ohne Gewähr. Passende Ausführung, Preis und Lieferzeit nennen wir Ihnen auf Anfrage.</p>",taxable,1,,Einschlagfüße > Rundrohr,,Elesa+Ganter,Anwendung,"Arbeitstisch / Möbel, Regal / Gestell, Gastronomiegerät",1,1,Funktion,Höhenverstellung,1,1,Bauform,Gewindeeinsatz,1,1,Material,Aluminium,1,1,Rohrmaß,Rund 35 mm,1,1,Gewinde,M10,1,1,Durchmesser,35 mm,1,0,,,,,,,,,1,vergleich
simple,BF-V-D1F6E21C,Elesa+Ganter GN 992 Einschraubbuchse D 40,1,0,visible,"Lamellen-Einsatzbuchse aus Alu für Rundrohr, Gewinde für Stellfuß. Preis und Lieferzeit auf Anfrage.","<p>Lamellen-Einsatzbuchse aus Alu für Rundrohr, Gewinde für Stellfuß.</p><table><tbody><tr><th>Hersteller</th><td>Elesa+Ganter</td></tr><tr><th>Serie / Artikel</th><td>GN 992 Einschraubbuchse D 40</td></tr><tr><th>Maß / Ø (mm)</th><td>40</td></tr><tr><th>Material</th><td>Aluminium blank</td></tr><tr><th>Gewinde / Anschluss</th><td>M10</td></tr><tr><th>Varianten laut Hersteller</th><td>1</td></tr></tbody></table><p>Technische Angaben nach Herstellerunterlagen, ohne Gewähr. Passende Ausführung, Preis und Lieferzeit nennen wir Ihnen auf Anfrage.</p>",taxable,1,,Einschlagfüße > Rundrohr,,Elesa+Ganter,Anwendung,"Arbeitstisch / Möbel, Regal / Gestell, Gastronomiegerät",1,1,Funktion,Höhenverstellung,1,1,Bauform,Gewindeeinsatz,1,1,Material,Aluminium,1,1,Rohrmaß,Rund 40 mm,1,1,Gewinde,M10,1,1,Durchmesser,40 mm,1,0,,,,,,,,,1,vergleich
simple,BF-V-8A822B86,Elesa+Ganter GN 992 Einschraubbuchse D 42,1,0,visible,"Lamellen-Einsatzbuchse aus Alu für Rundrohr, Gewinde für Stellfuß. Preis und Lieferzeit auf Anfrage.","<p>Lamellen-Einsatzbuchse aus Alu für Rundrohr, Gewinde für Stellfuß.</p><table><tbody><tr><th>Hersteller</th><td>Elesa+Ganter</td></tr><tr><th>Serie / Artikel</th><td>GN 992 Einschraubbuchse D 42</td></tr><tr><th>Maß / Ø (mm)</th><td>42</td></tr><tr><th>Material</th><td>Aluminium blank</td></tr><tr><th>Gewinde / Anschluss</th><td>M10</td></tr><tr><th>Varianten laut Hersteller</th><td>1</td></tr></tbody></table><p>Technische Angaben nach Herstellerunterlagen, ohne Gewähr. Passende Ausführung, Preis und Lieferzeit nennen wir Ihnen auf Anfrage.</p>",taxable,1,,Einschlagfüße > Rundrohr,,Elesa+Ganter,Anwendung,"Arbeitstisch / Möbel, Regal / Gestell, Gastronomiegerät",1,1,Funktion,Höhenverstellung,1,1,Bauform,Gewindeeinsatz,1,1,Material,Aluminium,1,1,Rohrmaß,Rund 42 mm,1,1,Gewinde,M10,1,1,Durchmesser,42 mm,1,0,,,,,,,,,1,vergleich
simple,BF-V-FF090A28,Elesa+Ganter GN 992 Einschraubbuchse D 45,1,0,visible,"Lamellen-Einsatzbuchse aus Alu für Rundrohr, Gewinde für Stellfuß. Preis und Lieferzeit auf Anfrage.","<p>Lamellen-Einsatzbuchse aus Alu für Rundrohr, Gewinde für Stellfuß.</p><table><tbody><tr><th>Hersteller</th><td>Elesa+Ganter</td></tr><tr><th>Serie / Artikel</th><td>GN 992 Einschraubbuchse D 45</td></tr><tr><th>Maß / Ø (mm)</th><td>45</td></tr><tr><th>Material</th><td>Aluminium blank</td></tr><tr><th>Gewinde / Anschluss</th><td>M12</td></tr><tr><th>Varianten laut Hersteller</th><td>1</td></tr></tbody></table><p>Technische Angaben nach Herstellerunterlagen, ohne Gewähr. Passende Ausführung, Preis und Lieferzeit nennen wir Ihnen auf Anfrage.</p>",taxable,1,,Einschlagfüße > Rundrohr,,Elesa+Ganter,Anwendung,"Arbeitstisch / Möbel, Regal / Gestell, Gastronomiegerät",1,1,Funktion,Höhenverstellung,1,1,Bauform,Gewindeeinsatz,1,1,Material,Aluminium,1,1,Rohrmaß,Rund 45 mm,1,1,Gewinde,M12,1,1,Durchmesser,45 mm,1,0,,,,,,,,,1,vergleich
simple,BF-V-12F018DC,Elesa+Ganter GN 992 Einschraubbuchse D 48,1,0,visible,"Lamellen-Einsatzbuchse aus Alu für Rundrohr, Gewinde für Stellfuß. Preis und Lieferzeit auf Anfrage.","<p>Lamellen-Einsatzbuchse aus Alu für Rundrohr, Gewinde für Stellfuß.</p><table><tbody><tr><th>Hersteller</th><td>Elesa+Ganter</td></tr><tr><th>Serie / Artikel</th><td>GN 992 Einschraubbuchse D 48</td></tr><tr><th>Maß / Ø (mm)</th><td>48</td></tr><tr><th>Material</th><td>Aluminium blank</td></tr><tr><th>Gewinde / Anschluss</th><td>M12</td></tr><tr><th>Varianten laut Hersteller</th><td>1</td></tr></tbody></table><p>Technische Angaben nach Herstellerunterlagen, ohne Gewähr. Passende Ausführung, Preis und Lieferzeit nennen wir Ihnen auf Anfrage.</p>",taxable,1,,Einschlagfüße > Rundrohr,,Elesa+Ganter,Anwendung,"Arbeitstisch / Möbel, Regal / Gestell, Gastronomiegerät",1,1,Funktion,Höhenverstellung,1,1,Bauform,Gewindeeinsatz,1,1,Material,Aluminium,1,1,Rohrmaß,Rund 48 mm,1,1,Gewinde,M12,1,1,Durchmesser,48 mm,1,0,,,,,,,,,1,vergleich
simple,BF-V-6A68BC40,Elesa+Ganter GN 992 Einschraubbuchse D 50,1,0,visible,"Lamellen-Einsatzbuchse aus Alu für Rundrohr, Gewinde für Stellfuß. Preis und Lieferzeit auf Anfrage.","<p>Lamellen-Einsatzbuchse aus Alu für Rundrohr, Gewinde für Stellfuß.</p><table><tbody><tr><th>Hersteller</th><td>Elesa+Ganter</td></tr><tr><th>Serie / Artikel</th><td>GN 992 Einschraubbuchse D 50</td></tr><tr><th>Maß / Ø (mm)</th><td>50</td></tr><tr><th>Material</th><td>Aluminium blank</td></tr><tr><th>Gewinde / Anschluss</th><td>M12</td></tr><tr><th>Varianten laut Hersteller</th><td>1</td></tr></tbody></table><p>Technische Angaben nach Herstellerunterlagen, ohne Gewähr. Passende Ausführung, Preis und Lieferzeit nennen wir Ihnen auf Anfrage.</p>",taxable,1,,Einschlagfüße > Rundrohr,,Elesa+Ganter,Anwendung,"Arbeitstisch / Möbel, Regal / Gestell, Gastronomiegerät",1,1,Funktion,Höhenverstellung,1,1,Bauform,Gewindeeinsatz,1,1,Material,Aluminium,1,1,Rohrmaß,Rund 50 mm,1,1,Gewinde,M12,1,1,Durchmesser,50 mm,1,0,,,,,,,,,1,vergleich
simple,BF-V-DFED3BE5,Elesa+Ganter GN 992.5 Einschraubbuchse D 20,1,0,visible,"Edelstahl-Lamellenbuchse für Rundrohr, nimmt Stellfußgewinde auf. Preis und Lieferzeit auf Anfrage.","<p>Edelstahl-Lamellenbuchse für Rundrohr, nimmt Stellfußgewinde auf.</p><table><tbody><tr><th>Hersteller</th><td>Elesa+Ganter</td></tr><tr><th>Serie / Artikel</th><td>GN 992.5 Einschraubbuchse D 20</td></tr><tr><th>Maß / Ø (mm)</th><td>20</td></tr><tr><th>Material</th><td>Edelstahl AISI 303</td></tr><tr><th>Gewinde / Anschluss</th><td>M8</td></tr><tr><th>Varianten laut Hersteller</th><td>1</td></tr></tbody></table><p>Technische Angaben nach Herstellerunterlagen, ohne Gewähr. Passende Ausführung, Preis und Lieferzeit nennen wir Ihnen auf Anfrage.</p>",taxable,1,,Einschlagfüße > Rundrohr,,Elesa+Ganter,Anwendung,"Arbeitstisch / Möbel, Regal / Gestell, Gastronomiegerät",1,1,Funktion,Höhenverstellung,1,1,Bauform,Gewindeeinsatz,1,1,Material,Edelstahl,1,1,Rohrmaß,Rund 20 mm,1,1,Gewinde,M8,1,1,Durchmesser,20 mm,1,0,,,,,,,,,1,vergleich
simple,BF-V-C8C8F0A1,Elesa+Ganter GN 992.5 Einschraubbuchse D 25,1,0,visible,"Edelstahl-Lamellenbuchse für Rundrohr, nimmt Stellfußgewinde auf. Preis und Lieferzeit auf Anfrage.","<p>Edelstahl-Lamellenbuchse für Rundrohr, nimmt Stellfußgewinde auf.</p><table><tbody><tr><th>Hersteller</th><td>Elesa+Ganter</td></tr><tr><th>Serie / Artikel</th><td>GN 992.5 Einschraubbuchse D 25</td></tr><tr><th>Maß / Ø (mm)</th><td>25</td></tr><tr><th>Material</th><td>Edelstahl AISI 303</td></tr><tr><th>Gewinde / Anschluss</th><td>M8, M10</td></tr><tr><th>Varianten laut Hersteller</th><td>2</td></tr></tbody></table><p>Technische Angaben nach Herstellerunterlagen, ohne Gewähr. Passende Ausführung, Preis und Lieferzeit nennen wir Ihnen auf Anfrage.</p>",taxable,1,,Einschlagfüße > Rundrohr,,Elesa+Ganter,Anwendung,"Arbeitstisch / Möbel, Regal / Gestell, Gastronomiegerät",1,1,Funktion,Höhenverstellung,1,1,Bauform,Gewindeeinsatz,1,1,Material,Edelstahl,1,1,Rohrmaß,Rund 25 mm,1,1,Gewinde,"M8, M10",1,1,Durchmesser,25 mm,1,0,,,,,,,,,1,vergleich
simple,BF-V-D0F6ABA6,Elesa+Ganter GN 992.5 Einschraubbuchse D 30,1,0,visible,"Edelstahl-Lamellenbuchse für Rundrohr, nimmt Stellfußgewinde auf. Preis und Lieferzeit auf Anfrage.","<p>Edelstahl-Lamellenbuchse für Rundrohr, nimmt Stellfußgewinde auf.</p><table><tbody><tr><th>Hersteller</th><td>Elesa+Ganter</td></tr><tr><th>Serie / Artikel</th><td>GN 992.5 Einschraubbuchse D 30</td></tr><tr><th>Maß / Ø (mm)</th><td>30</td></tr><tr><th>Material</th><td>Edelstahl AISI 303</td></tr><tr><th>Gewinde / Anschluss</th><td>M8, M10</td></tr><tr><th>Varianten laut Hersteller</th><td>2</td></tr></tbody></table><p>Technische Angaben nach Herstellerunterlagen, ohne Gewähr. Passende Ausführung, Preis und Lieferzeit nennen wir Ihnen auf Anfrage.</p>",taxable,1,,Einschlagfüße > Rundrohr,,Elesa+Ganter,Anwendung,"Arbeitstisch / Möbel, Regal / Gestell, Gastronomiegerät",1,1,Funktion,Höhenverstellung,1,1,Bauform,Gewindeeinsatz,1,1,Material,Edelstahl,1,1,Rohrmaß,Rund 30 mm,1,1,Gewinde,"M8, M10",1,1,Durchmesser,30 mm,1,0,,,,,,,,,1,vergleich
simple,BF-V-71F3C76D,Elesa+Ganter GN 992.5 Einschraubbuchse D 40,1,0,visible,"Edelstahl-Lamellenbuchse für Rundrohr, nimmt Stellfußgewinde auf. Preis und Lieferzeit auf Anfrage.","<p>Edelstahl-Lamellenbuchse für Rundrohr, nimmt Stellfußgewinde auf.</p><table><tbody><tr><th>Hersteller</th><td>Elesa+Ganter</td></tr><tr><th>Serie / Artikel</th><td>GN 992.5 Einschraubbuchse D 40</td></tr><tr><th>Maß / Ø (mm)</th><td>40</td></tr><tr><th>Material</th><td>Edelstahl AISI 303</td></tr><tr><th>Gewinde / Anschluss</th><td>M10, M12</td></tr><tr><th>Varianten laut Hersteller</th><td>2</td></tr></tbody></table><p>Technische Angaben nach Herstellerunterlagen, ohne Gewähr. Passende Ausführung, Preis und Lieferzeit nennen wir Ihnen auf Anfrage.</p>",taxable,1,,Einschlagfüße > Rundrohr,,Elesa+Ganter,Anwendung,"Arbeitstisch / Möbel, Regal / Gestell, Gastronomiegerät",1,1,Funktion,Höhenverstellung,1,1,Bauform,Gewindeeinsatz,1,1,Material,Edelstahl,1,1,Rohrmaß,Rund 40 mm,1,1,Gewinde,"M10, M12",1,1,Durchmesser,40 mm,1,0,,,,,,,,,1,vergleich
simple,BF-V-72B68CEF,Elesa+Ganter GN 992.5 Einschraubbuchse D 50,1,0,visible,"Edelstahl-Lamellenbuchse für Rundrohr, nimmt Stellfußgewinde auf. Preis und Lieferzeit auf Anfrage.","<p>Edelstahl-Lamellenbuchse für Rundrohr, nimmt Stellfußgewinde auf.</p><table><tbody><tr><th>Hersteller</th><td>Elesa+Ganter</td></tr><tr><th>Serie / Artikel</th><td>GN 992.5 Einschraubbuchse D 50</td></tr><tr><th>Maß / Ø (mm)</th><td>50</td></tr><tr><th>Material</th><td>Edelstahl AISI 303</td></tr><tr><th>Gewinde / Anschluss</th><td>M12, M16</td></tr><tr><th>Varianten laut Hersteller</th><td>2</td></tr></tbody></table><p>Technische Angaben nach Herstellerunterlagen, ohne Gewähr. Passende Ausführung, Preis und Lieferzeit nennen wir Ihnen auf Anfrage.</p>",taxable,1,,Einschlagfüße > Rundrohr,,Elesa+Ganter,Anwendung,"Arbeitstisch / Möbel, Regal / Gestell, Gastronomiegerät",1,1,Funktion,Höhenverstellung,1,1,Bauform,Gewindeeinsatz,1,1,Material,Edelstahl,1,1,Rohrmaß,Rund 50 mm,1,1,Gewinde,"M12, M16",1,1,Durchmesser,50 mm,1,0,,,,,,,,,1,vergleich
simple,BF-V-38C34E4B,FATH Gewindestopfen 098VR30 Ø30,1,0,visible,"Kunststoff-Gewindestopfen für Rundrohr, Stellfußaufnahme. Preis und Lieferzeit auf Anfrage.","<p>Kunststoff-Gewindestopfen für Rundrohr, Stellfußaufnahme.</p><table><tbody><tr><th>Hersteller</th><td>FATH</td></tr><tr><th>Serie / Artikel</th><td>Gewindestopfen 098VR30 Ø30</td></tr><tr><th>Maß / Ø (mm)</th><td>30 (Wand 1-2,5)</td></tr><tr><th>Material</th><td>PA glasfaserverstärkt schwarz, Gewindeeinsatz Messing vernickelt</td></tr><tr><th>Gewinde / Anschluss</th><td>M8, M10, M12, M14, M16</td></tr><tr><th>Traglast (N)</th><td>4903 (500 kg)</td></tr><tr><th>Varianten laut Hersteller</th><td>20</td></tr></tbody></table><p>Technische Angaben nach Herstellerunterlagen, ohne Gewähr. Passende Ausführung, Preis und Lieferzeit nennen wir Ihnen auf Anfrage.</p>",taxable,1,,Einschlagfüße > Rundrohr,,FATH,Anwendung,"Arbeitstisch / Möbel, Regal / Gestell, Gastronomiegerät",1,1,Funktion,Höhenverstellung,1,1,Bauform,Gewindeeinsatz,1,1,Material,Kunststoff,1,1,Rohrmaß,Rund 30 mm,1,1,Gewinde,"M8, M10, M12, M14, M16",1,1,Traglast,4903 (500 kg) N,1,0,Durchmesser,"30 (Wand 1-2,5) mm",1,0,,,,,1,vergleich
simple,BF-V-F1A13F96,FATH Gewindestopfen 098VR38 Ø38,1,0,visible,"Kunststoff-Gewindestopfen für Rundrohr, Stellfußaufnahme. Preis und Lieferzeit auf Anfrage.","<p>Kunststoff-Gewindestopfen für Rundrohr, Stellfußaufnahme.</p><table><tbody><tr><th>Hersteller</th><td>FATH</td></tr><tr><th>Serie / Artikel</th><td>Gewindestopfen 098VR38 Ø38</td></tr><tr><th>Maß / Ø (mm)</th><td>38 (Wand 1,5-2,5)</td></tr><tr><th>Material</th><td>PA glasfaserverstärkt schwarz, Gewindeeinsatz Messing vernickelt</td></tr><tr><th>Gewinde / Anschluss</th><td>M10, M12, M14, M16</td></tr><tr><th>Traglast (N)</th><td>5884 (600 kg)</td></tr><tr><th>Varianten laut Hersteller</th><td>12</td></tr></tbody></table><p>Technische Angaben nach Herstellerunterlagen, ohne Gewähr. Passende Ausführung, Preis und Lieferzeit nennen wir Ihnen auf Anfrage.</p>",taxable,1,,Einschlagfüße > Rundrohr,,FATH,Anwendung,"Arbeitstisch / Möbel, Regal / Gestell, Gastronomiegerät",1,1,Funktion,Höhenverstellung,1,1,Bauform,Gewindeeinsatz,1,1,Material,Kunststoff,1,1,Rohrmaß,Rund 38 mm,1,1,Gewinde,"M10, M12, M14, M16",1,1,Traglast,5884 (600 kg) N,1,0,Durchmesser,"38 (Wand 1,5-2,5) mm",1,0,,,,,1,vergleich
simple,BF-V-36C22F16,"FATH Gewindestopfen 098VR42 Ø42,4",1,0,visible,"Kunststoff-Gewindestopfen für Rundrohr, Stellfußaufnahme. Preis und Lieferzeit auf Anfrage.","<p>Kunststoff-Gewindestopfen für Rundrohr, Stellfußaufnahme.</p><table><tbody><tr><th>Hersteller</th><td>FATH</td></tr><tr><th>Serie / Artikel</th><td>Gewindestopfen 098VR42 Ø42,4</td></tr><tr><th>Maß / Ø (mm)</th><td>42,4 (Wand 1,5-2,5)</td></tr><tr><th>Material</th><td>PA glasfaserverstärkt schwarz, Gewindeeinsatz Messing vernickelt</td></tr><tr><th>Gewinde / Anschluss</th><td>M10, M12, M14, M16, M20</td></tr><tr><th>Traglast (N)</th><td>7845 (800 kg)</td></tr><tr><th>Varianten laut Hersteller</th><td>15</td></tr></tbody></table><p>Technische Angaben nach Herstellerunterlagen, ohne Gewähr. Passende Ausführung, Preis und Lieferzeit nennen wir Ihnen auf Anfrage.</p>",taxable,1,,Einschlagfüße > Rundrohr,,FATH,Anwendung,"Arbeitstisch / Möbel, Regal / Gestell, Gastronomiegerät",1,1,Funktion,Höhenverstellung,1,1,Bauform,Gewindeeinsatz,1,1,Material,Kunststoff,1,1,Rohrmaß,"Rund 42,4 mm",1,1,Gewinde,"M10, M12, M14, M16, M20",1,1,Traglast,7845 (800 kg) N,1,0,Durchmesser,"42,4 (Wand 1,5-2,5) mm",1,0,,,,,1,vergleich
simple,BF-V-10D9A108,"FATH Gewindestopfen 098VR48 Ø48,3",1,0,visible,"Kunststoff-Gewindestopfen für Rundrohr, Stellfußaufnahme. Preis und Lieferzeit auf Anfrage.","<p>Kunststoff-Gewindestopfen für Rundrohr, Stellfußaufnahme.</p><table><tbody><tr><th>Hersteller</th><td>FATH</td></tr><tr><th>Serie / Artikel</th><td>Gewindestopfen 098VR48 Ø48,3</td></tr><tr><th>Maß / Ø (mm)</th><td>48,3 (Wand 1,5-2,5)</td></tr><tr><th>Material</th><td>PA glasfaserverstärkt schwarz, Gewindeeinsatz Messing vernickelt</td></tr><tr><th>Gewinde / Anschluss</th><td>M12, M14, M16, M20</td></tr><tr><th>Traglast (N)</th><td>9807 (1000 kg)</td></tr><tr><th>Varianten laut Hersteller</th><td>12</td></tr></tbody></table><p>Technische Angaben nach Herstellerunterlagen, ohne Gewähr. Passende Ausführung, Preis und Lieferzeit nennen wir Ihnen auf Anfrage.</p>",taxable,1,,Einschlagfüße > Rundrohr,,FATH,Anwendung,"Arbeitstisch / Möbel, Regal / Gestell, Gastronomiegerät",1,1,Funktion,Höhenverstellung,1,1,Bauform,Gewindeeinsatz,1,1,Material,Kunststoff,1,1,Rohrmaß,"Rund 48,3 mm",1,1,Gewinde,"M12, M14, M16, M20",1,1,Traglast,9807 (1000 kg) N,1,0,Durchmesser,"48,3 (Wand 1,5-2,5) mm",1,0,,,,,1,vergleich
simple,BF-V-5D33C2AC,"FATH Gewindestopfen 098VR51 Ø50,9",1,0,visible,"Kunststoff-Gewindestopfen für Rundrohr, Stellfußaufnahme. Preis und Lieferzeit auf Anfrage.","<p>Kunststoff-Gewindestopfen für Rundrohr, Stellfußaufnahme.</p><table><tbody><tr><th>Hersteller</th><td>FATH</td></tr><tr><th>Serie / Artikel</th><td>Gewindestopfen 098VR51 Ø50,9</td></tr><tr><th>Maß / Ø (mm)</th><td>50,9 (Wand 1,5-2,5)</td></tr><tr><th>Material</th><td>PA glasfaserverstärkt schwarz, Gewindeeinsatz Messing vernickelt</td></tr><tr><th>Gewinde / Anschluss</th><td>M12, M14, M16, M20</td></tr><tr><th>Traglast (N)</th><td>9807 (1000 kg)</td></tr><tr><th>Varianten laut Hersteller</th><td>12</td></tr></tbody></table><p>Technische Angaben nach Herstellerunterlagen, ohne Gewähr. Passende Ausführung, Preis und Lieferzeit nennen wir Ihnen auf Anfrage.</p>",taxable,1,,Einschlagfüße > Rundrohr,,FATH,Anwendung,"Arbeitstisch / Möbel, Regal / Gestell, Gastronomiegerät",1,1,Funktion,Höhenverstellung,1,1,Bauform,Gewindeeinsatz,1,1,Material,Kunststoff,1,1,Rohrmaß,"Rund 50,9 mm",1,1,Gewinde,"M12, M14, M16, M20",1,1,Traglast,9807 (1000 kg) N,1,0,Durchmesser,"50,9 (Wand 1,5-2,5) mm",1,0,,,,,1,vergleich
simple,BF-V-73E7267D,"FATH Gewindestopfen 098VR60 Ø60,3",1,0,visible,"Kunststoff-Gewindestopfen für Rundrohr, Stellfußaufnahme. Preis und Lieferzeit auf Anfrage.","<p>Kunststoff-Gewindestopfen für Rundrohr, Stellfußaufnahme.</p><table><tbody><tr><th>Hersteller</th><td>FATH</td></tr><tr><th>Serie / Artikel</th><td>Gewindestopfen 098VR60 Ø60,3</td></tr><tr><th>Maß / Ø (mm)</th><td>60,3 (Wand 2-4)</td></tr><tr><th>Material</th><td>PA glasfaserverstärkt schwarz, Gewindeeinsatz Messing vernickelt</td></tr><tr><th>Gewinde / Anschluss</th><td>M12, M14, M16, M20</td></tr><tr><th>Traglast (N)</th><td>9807 (1000 kg)</td></tr><tr><th>Varianten laut Hersteller</th><td>16</td></tr></tbody></table><p>Technische Angaben nach Herstellerunterlagen, ohne Gewähr. Passende Ausführung, Preis und Lieferzeit nennen wir Ihnen auf Anfrage.</p>",taxable,1,,Einschlagfüße > Rundrohr,,FATH,Anwendung,"Arbeitstisch / Möbel, Regal / Gestell, Gastronomiegerät",1,1,Funktion,Höhenverstellung,1,1,Bauform,Gewindeeinsatz,1,1,Material,Kunststoff,1,1,Rohrmaß,"Rund 60,3 mm",1,1,Gewinde,"M12, M14, M16, M20",1,1,Traglast,9807 (1000 kg) N,1,0,Durchmesser,"60,3 (Wand 2-4) mm",1,0,,,,,1,vergleich
simple,BF-V-8EF1F3CA,"Kason Industries 1645 Foot Insert 1-5/8""",1,0,visible,Kunststoff-Rohreinsatz mit fest verbundenem verstellbarem Fuß. Preis und Lieferzeit auf Anfrage.,"<p>Kunststoff-Rohreinsatz mit fest verbundenem verstellbarem Fuß.</p><table><tbody><tr><th>Hersteller</th><td>Kason Industries</td></tr><tr><th>Serie / Artikel</th><td>1645 Foot Insert 1-5/8&quot;</td></tr><tr><th>Maß / Ø (mm)</th><td>41,3 (1-5/8&quot; OD)</td></tr><tr><th>Material</th><td>Thermoplast-Einsatz, Fuß Druckguss oder edelstahlummantelt</td></tr><tr><th>Gewinde / Anschluss</th><td>Einsteckfuß</td></tr></tbody></table><p>Technische Angaben nach Herstellerunterlagen, ohne Gewähr. Passende Ausführung, Preis und Lieferzeit nennen wir Ihnen auf Anfrage.</p>",taxable,1,,Einschlagfüße > Rundrohr,,Kason Industries,Anwendung,"Arbeitstisch / Möbel, Regal / Gestell, Gastronomiegerät",1,1,Funktion,Höhenverstellung,1,1,Bauform,Gewindeeinsatz,1,1,Material,Edelstahl,1,1,Rohrmaß,Rund 1 5/8 Zoll (41.3 mm),1,1,Durchmesser,"41,3 (1-5/8"" OD) mm",1,0,,,,,,,,,,,,,1,vergleich
simple,BF-V-55349463,"Kason Industries 1650 Foot Insert 1-5/8"" / 1-1/2""",1,0,visible,"Zamak-Rohreinsatz mit Stellfuß, optional mit Federstahl-Klemmring. Preis und Lieferzeit auf Anfrage.","<p>Zamak-Rohreinsatz mit Stellfuß, optional mit Federstahl-Klemmring.</p><table><tbody><tr><th>Hersteller</th><td>Kason Industries</td></tr><tr><th>Serie / Artikel</th><td>1650 Foot Insert 1-5/8&quot; / 1-1/2&quot;</td></tr><tr><th>Maß / Ø (mm)</th><td>41,3 / 38,1 (1-5/8&quot; und 1-1/2&quot; OD)</td></tr><tr><th>Material</th><td>Zamak Druckguss, Federstahlring (Var. J)</td></tr><tr><th>Gewinde / Anschluss</th><td>Einsteckfuß</td></tr><tr><th>Varianten laut Hersteller</th><td>2</td></tr></tbody></table><p>Technische Angaben nach Herstellerunterlagen, ohne Gewähr. Passende Ausführung, Preis und Lieferzeit nennen wir Ihnen auf Anfrage.</p>",taxable,1,,Einschlagfüße > Rundrohr,,Kason Industries,Anwendung,"Arbeitstisch / Möbel, Regal / Gestell, Gastronomiegerät",1,1,Funktion,Höhenverstellung,1,1,Bauform,Gewindeeinsatz,1,1,Material,"Stahl, Zinkdruckguss",1,1,Rohrmaß,Rund 1 5/8 Zoll (41.3 mm),1,1,Durchmesser,"41,3 / 38,1 (1-5/8"" und 1-1/2"" OD) mm",1,0,,,,,,,,,,,,,1,vergleich
simple,BF-V-027D6234,"Kason Industries 1651 Foot Insert 1-5/8"" / 1-1/2""",1,0,visible,"Zamak-Rohreinsatz, Fußvarianten Sechskant, Edelstahlflansch, Kunststoffgleiter. Preis und Lieferzeit auf Anfrage.","<p>Zamak-Rohreinsatz, Fußvarianten Sechskant, Edelstahlflansch, Kunststoffgleiter.</p><table><tbody><tr><th>Hersteller</th><td>Kason Industries</td></tr><tr><th>Serie / Artikel</th><td>1651 Foot Insert 1-5/8&quot; / 1-1/2&quot;</td></tr><tr><th>Maß / Ø (mm)</th><td>41,3 / 38,1 (1-5/8&quot; und 1-1/2&quot; OD)</td></tr><tr><th>Material</th><td>Zamak Druckguss, Fuß edelstahlummantelt bzw. Edelstahlflansch 2,6 mm</td></tr><tr><th>Gewinde / Anschluss</th><td>Einsteckfuß, Flansch mit/ohne Bohrungen</td></tr><tr><th>Varianten laut Hersteller</th><td>8</td></tr></tbody></table><p>Technische Angaben nach Herstellerunterlagen, ohne Gewähr. Passende Ausführung, Preis und Lieferzeit nennen wir Ihnen auf Anfrage.</p>",taxable,1,,Einschlagfüße > Rundrohr,,Kason Industries,Anwendung,"Arbeitstisch / Möbel, Regal / Gestell, Gastronomiegerät",1,1,Funktion,Höhenverstellung,1,1,Bauform,Gewindeeinsatz,1,1,Material,"Edelstahl, Zinkdruckguss",1,1,Rohrmaß,Rund 1 5/8 Zoll (41.3 mm),1,1,Durchmesser,"41,3 / 38,1 (1-5/8"" und 1-1/2"" OD) mm",1,0,,,,,,,,,,,,,1,vergleich
simple,BF-V-098ED10C,"Kason Industries 1656 Foot Insert 2"" OD",1,0,visible,Zink-Druckguss-Einsatz für Rundrohr mit edelstahlummanteltem Stellfuß. Preis und Lieferzeit auf Anfrage.,"<p>Zink-Druckguss-Einsatz für Rundrohr mit edelstahlummanteltem Stellfuß.</p><table><tbody><tr><th>Hersteller</th><td>Kason Industries</td></tr><tr><th>Serie / Artikel</th><td>1656 Foot Insert 2&quot; OD</td></tr><tr><th>Maß / Ø (mm)</th><td>50,8 (2&quot; OD)</td></tr><tr><th>Material</th><td>Zink-Druckguss, Fuß edelstahlummantelt</td></tr><tr><th>Gewinde / Anschluss</th><td>Einsteckfuß, Sechskant/rund/Flansch</td></tr><tr><th>Verstellbereich (mm)</th><td>51 (2&quot;)</td></tr></tbody></table><p>Technische Angaben nach Herstellerunterlagen, ohne Gewähr. Passende Ausführung, Preis und Lieferzeit nennen wir Ihnen auf Anfrage.</p>",taxable,1,,Einschlagfüße > Rundrohr,,Kason Industries,Anwendung,"Arbeitstisch / Möbel, Regal / Gestell, Gastronomiegerät",1,1,Funktion,Höhenverstellung,1,1,Bauform,Gewindeeinsatz,1,1,Material,Edelstahl,1,1,Rohrmaß,"Rund 50,8 mm",1,1,Durchmesser,"50,8 (2"" OD) mm",1,0,,,,,,,,,,,,,1,vergleich
simple,BF-V-4AD186DC,"Kason Industries 1661 Foot Insert 1-5/8"" OD",1,0,visible,Rohreinsatz mit großem Verstellweg für Gastro-Rundrohrbeine. Preis und Lieferzeit auf Anfrage.,"<p>Rohreinsatz mit großem Verstellweg für Gastro-Rundrohrbeine.</p><table><tbody><tr><th>Hersteller</th><td>Kason Industries</td></tr><tr><th>Serie / Artikel</th><td>1661 Foot Insert 1-5/8&quot; OD</td></tr><tr><th>Maß / Ø (mm)</th><td>41,3 (1-5/8&quot; OD)</td></tr><tr><th>Material</th><td>Zink-Druckguss, Fuß edelstahlummantelt, optional Federstahlring</td></tr><tr><th>Gewinde / Anschluss</th><td>Einsteckfuß, Sechskant- oder Flanschfuß</td></tr><tr><th>Verstellbereich (mm)</th><td>76 (3&quot;)</td></tr></tbody></table><p>Technische Angaben nach Herstellerunterlagen, ohne Gewähr. Passende Ausführung, Preis und Lieferzeit nennen wir Ihnen auf Anfrage.</p>",taxable,1,,Einschlagfüße > Rundrohr,,Kason Industries,Anwendung,"Arbeitstisch / Möbel, Regal / Gestell, Gastronomiegerät",1,1,Funktion,Höhenverstellung,1,1,Bauform,Gewindeeinsatz,1,1,Material,"Edelstahl, Stahl",1,1,Rohrmaß,Rund 1 5/8 Zoll (41.3 mm),1,1,Durchmesser,"41,3 (1-5/8"" OD) mm",1,0,,,,,,,,,,,,,1,vergleich
simple,BF-V-DAF1DCFF,Kipp K0431 Gewindestopfen Ø30,1,0,visible,Gewindestopfen für Rundrohr zur Aufnahme von Stellfüßen. Preis und Lieferzeit auf Anfrage.,"<p>Gewindestopfen für Rundrohr zur Aufnahme von Stellfüßen.</p><table><tbody><tr><th>Hersteller</th><td>Kipp</td></tr><tr><th>Serie / Artikel</th><td>K0431 Gewindestopfen Ø30</td></tr><tr><th>Maß / Ø (mm)</th><td>30 (Wand 1)</td></tr><tr><th>Material</th><td>PA glasfaserverstärkt schwarz, Gewindebuchse Messing vernickelt</td></tr><tr><th>Gewinde / Anschluss</th><td>M10, M12, M14, M16</td></tr><tr><th>Traglast (N)</th><td>5000</td></tr><tr><th>Varianten laut Hersteller</th><td>4</td></tr></tbody></table><p>Technische Angaben nach Herstellerunterlagen, ohne Gewähr. Passende Ausführung, Preis und Lieferzeit nennen wir Ihnen auf Anfrage.</p>",taxable,1,,Einschlagfüße > Rundrohr,,Kipp,Anwendung,"Arbeitstisch / Möbel, Regal / Gestell, Gastronomiegerät",1,1,Funktion,Höhenverstellung,1,1,Bauform,Gewindeeinsatz,1,1,Material,Kunststoff,1,1,Rohrmaß,Rund 30 mm,1,1,Gewinde,"M10, M12, M14, M16",1,1,Traglast,5000 N,1,0,Durchmesser,30 (Wand 1) mm,1,0,,,,,1,vergleich
simple,BF-V-735F76C5,Kipp K0431 Gewindestopfen Ø38,1,0,visible,Gewindestopfen für Rundrohr zur Aufnahme von Stellfüßen. Preis und Lieferzeit auf Anfrage.,"<p>Gewindestopfen für Rundrohr zur Aufnahme von Stellfüßen.</p><table><tbody><tr><th>Hersteller</th><td>Kipp</td></tr><tr><th>Serie / Artikel</th><td>K0431 Gewindestopfen Ø38</td></tr><tr><th>Maß / Ø (mm)</th><td>38 (Wand 1,5)</td></tr><tr><th>Material</th><td>PA glasfaserverstärkt schwarz, Gewindebuchse Messing vernickelt</td></tr><tr><th>Gewinde / Anschluss</th><td>M10, M12, M16</td></tr><tr><th>Traglast (N)</th><td>5000</td></tr><tr><th>Varianten laut Hersteller</th><td>3</td></tr></tbody></table><p>Technische Angaben nach Herstellerunterlagen, ohne Gewähr. Passende Ausführung, Preis und Lieferzeit nennen wir Ihnen auf Anfrage.</p>",taxable,1,,Einschlagfüße > Rundrohr,,Kipp,Anwendung,"Arbeitstisch / Möbel, Regal / Gestell, Gastronomiegerät",1,1,Funktion,Höhenverstellung,1,1,Bauform,Gewindeeinsatz,1,1,Material,Kunststoff,1,1,Rohrmaß,Rund 38 mm,1,1,Gewinde,"M10, M12, M16",1,1,Traglast,5000 N,1,0,Durchmesser,"38 (Wand 1,5) mm",1,0,,,,,1,vergleich
simple,BF-V-1D4E9EFA,"Kipp K0431 Gewindestopfen Ø42,4",1,0,visible,Gewindestopfen für Rundrohr zur Aufnahme von Stellfüßen. Preis und Lieferzeit auf Anfrage.,"<p>Gewindestopfen für Rundrohr zur Aufnahme von Stellfüßen.</p><table><tbody><tr><th>Hersteller</th><td>Kipp</td></tr><tr><th>Serie / Artikel</th><td>K0431 Gewindestopfen Ø42,4</td></tr><tr><th>Maß / Ø (mm)</th><td>42,4 (Wand 1,5)</td></tr><tr><th>Material</th><td>PA glasfaserverstärkt schwarz, Gewindebuchse Messing vernickelt</td></tr><tr><th>Gewinde / Anschluss</th><td>M10, M12, M14, M16, M20</td></tr><tr><th>Traglast (N)</th><td>6000</td></tr><tr><th>Varianten laut Hersteller</th><td>5</td></tr></tbody></table><p>Technische Angaben nach Herstellerunterlagen, ohne Gewähr. Passende Ausführung, Preis und Lieferzeit nennen wir Ihnen auf Anfrage.</p>",taxable,1,,Einschlagfüße > Rundrohr,,Kipp,Anwendung,"Arbeitstisch / Möbel, Regal / Gestell, Gastronomiegerät",1,1,Funktion,Höhenverstellung,1,1,Bauform,Gewindeeinsatz,1,1,Material,Kunststoff,1,1,Rohrmaß,"Rund 42,4 mm",1,1,Gewinde,"M10, M12, M14, M16, M20",1,1,Traglast,6000 N,1,0,Durchmesser,"42,4 (Wand 1,5) mm",1,0,,,,,1,vergleich
simple,BF-V-E3785639,"Kipp K0431 Gewindestopfen Ø48,3",1,0,visible,Gewindestopfen für Rundrohr zur Aufnahme von Stellfüßen. Preis und Lieferzeit auf Anfrage.,"<p>Gewindestopfen für Rundrohr zur Aufnahme von Stellfüßen.</p><table><tbody><tr><th>Hersteller</th><td>Kipp</td></tr><tr><th>Serie / Artikel</th><td>K0431 Gewindestopfen Ø48,3</td></tr><tr><th>Maß / Ø (mm)</th><td>48,3 (Wand 1,5)</td></tr><tr><th>Material</th><td>PA glasfaserverstärkt schwarz, Gewindebuchse Messing vernickelt</td></tr><tr><th>Gewinde / Anschluss</th><td>M12, M14, M16, M20</td></tr><tr><th>Traglast (N)</th><td>6000</td></tr><tr><th>Varianten laut Hersteller</th><td>4</td></tr></tbody></table><p>Technische Angaben nach Herstellerunterlagen, ohne Gewähr. Passende Ausführung, Preis und Lieferzeit nennen wir Ihnen auf Anfrage.</p>",taxable,1,,Einschlagfüße > Rundrohr,,Kipp,Anwendung,"Arbeitstisch / Möbel, Regal / Gestell, Gastronomiegerät",1,1,Funktion,Höhenverstellung,1,1,Bauform,Gewindeeinsatz,1,1,Material,Kunststoff,1,1,Rohrmaß,"Rund 48,3 mm",1,1,Gewinde,"M12, M14, M16, M20",1,1,Traglast,6000 N,1,0,Durchmesser,"48,3 (Wand 1,5) mm",1,0,,,,,1,vergleich
simple,BF-V-406430F7,"Kipp K0431 Gewindestopfen Ø50,9",1,0,visible,Gewindestopfen für Rundrohr zur Aufnahme von Stellfüßen. Preis und Lieferzeit auf Anfrage.,"<p>Gewindestopfen für Rundrohr zur Aufnahme von Stellfüßen.</p><table><tbody><tr><th>Hersteller</th><td>Kipp</td></tr><tr><th>Serie / Artikel</th><td>K0431 Gewindestopfen Ø50,9</td></tr><tr><th>Maß / Ø (mm)</th><td>50,9 (Wand 1,5)</td></tr><tr><th>Material</th><td>PA glasfaserverstärkt schwarz, Gewindebuchse Messing vernickelt</td></tr><tr><th>Gewinde / Anschluss</th><td>M12, M14, M16, M20</td></tr><tr><th>Traglast (N)</th><td>6000</td></tr><tr><th>Varianten laut Hersteller</th><td>4</td></tr></tbody></table><p>Technische Angaben nach Herstellerunterlagen, ohne Gewähr. Passende Ausführung, Preis und Lieferzeit nennen wir Ihnen auf Anfrage.</p>",taxable,1,,Einschlagfüße > Rundrohr,,Kipp,Anwendung,"Arbeitstisch / Möbel, Regal / Gestell, Gastronomiegerät",1,1,Funktion,Höhenverstellung,1,1,Bauform,Gewindeeinsatz,1,1,Material,Kunststoff,1,1,Rohrmaß,"Rund 50,9 mm",1,1,Gewinde,"M12, M14, M16, M20",1,1,Traglast,6000 N,1,0,Durchmesser,"50,9 (Wand 1,5) mm",1,0,,,,,1,vergleich
simple,BF-V-9208A3B5,"BK Resources BK-SSQAF-4 Square Bullet Foot 1-1/2""",1,0,visible,"Verstellbarer Gastro-Einsteckfuß für Vierkantrohr, 4er-Pack. Preis und Lieferzeit auf Anfrage.","<p>Verstellbarer Gastro-Einsteckfuß für Vierkantrohr, 4er-Pack.</p><table><tbody><tr><th>Hersteller</th><td>BK Resources</td></tr><tr><th>Serie / Artikel</th><td>BK-SSQAF-4 Square Bullet Foot 1-1/2&quot;</td></tr><tr><th>Maß / Ø (mm)</th><td>38,1x38,1 (1-1/2&quot;, 16 ga)</td></tr><tr><th>Material</th><td>Edelstahlhülle über Weißmetall</td></tr><tr><th>Gewinde / Anschluss</th><td>Einsteckfuß</td></tr><tr><th>Traglast (N)</th><td>4448 (1000 lbs)</td></tr><tr><th>Verstellbereich (mm)</th><td>ca. 29 (Höhe 3,125-4,25&quot;)</td></tr><tr><th>Varianten laut Hersteller</th><td>1</td></tr></tbody></table><p>Technische Angaben nach Herstellerunterlagen, ohne Gewähr. Passende Ausführung, Preis und Lieferzeit nennen wir Ihnen auf Anfrage.</p>",taxable,1,,Einschlagfüße > Vierkantrohr,,BK Resources,Anwendung,"Arbeitstisch / Möbel, Regal / Gestell, Gastronomiegerät",1,1,Funktion,Höhenverstellung,1,1,Bauform,Einschlagfuß,1,1,Material,Edelstahl,1,1,Rohrmaß,"Vierkant 38,1 mm",1,1,Traglast,4448 (1000 lbs) N,1,0,Durchmesser,"38,1x38,1 (1-1/2"" · 16 ga) mm",1,0,,,,,,,,,1,vergleich
simple,BF-V-81A33A5E,Elesa+Ganter GN 348 (Elesa ND.Q) Gewindebuchse 30x30,1,0,visible,"Schwerlast-Einschlagbuchse für Vierkantrohr, Messingbuchse mit Gewinde. Preis und Lieferzeit auf Anfrage.","<p>Schwerlast-Einschlagbuchse für Vierkantrohr, Messingbuchse mit Gewinde.</p><table><tbody><tr><th>Hersteller</th><td>Elesa+Ganter</td></tr><tr><th>Serie / Artikel</th><td>GN 348 (Elesa ND.Q) Gewindebuchse 30x30</td></tr><tr><th>Maß / Ø (mm)</th><td>30x30 (Wand 1,5)</td></tr><tr><th>Material</th><td>PA glasfaserverstärkt, Buchse Messing vernickelt</td></tr><tr><th>Gewinde / Anschluss</th><td>M8, M10, M12, M16</td></tr><tr><th>Traglast (N)</th><td>17000</td></tr><tr><th>Varianten laut Hersteller</th><td>4</td></tr></tbody></table><p>Technische Angaben nach Herstellerunterlagen, ohne Gewähr. Passende Ausführung, Preis und Lieferzeit nennen wir Ihnen auf Anfrage.</p>",taxable,1,,Einschlagfüße > Vierkantrohr,,Elesa+Ganter,Anwendung,"Arbeitstisch / Möbel, Regal / Gestell, Gastronomiegerät",1,1,Funktion,Höhenverstellung,1,1,Bauform,Gewindeeinsatz,1,1,Material,Kunststoff,1,1,Rohrmaß,Vierkant 30 mm,1,1,Gewinde,"M8, M10, M12, M16",1,1,Traglast,17000 N,1,0,Durchmesser,"30x30 (Wand 1,5) mm",1,0,,,,,1,vergleich
simple,BF-V-AEB2060D,Elesa+Ganter GN 348 (Elesa ND.Q) Gewindebuchse 40x40,1,0,visible,"Schwerlast-Einschlagbuchse für Vierkantrohr, Messingbuchse mit Gewinde. Preis und Lieferzeit auf Anfrage.","<p>Schwerlast-Einschlagbuchse für Vierkantrohr, Messingbuchse mit Gewinde.</p><table><tbody><tr><th>Hersteller</th><td>Elesa+Ganter</td></tr><tr><th>Serie / Artikel</th><td>GN 348 (Elesa ND.Q) Gewindebuchse 40x40</td></tr><tr><th>Maß / Ø (mm)</th><td>40x40 (Wand 2)</td></tr><tr><th>Material</th><td>PA glasfaserverstärkt, Buchse Messing vernickelt</td></tr><tr><th>Gewinde / Anschluss</th><td>M8, M10, M12, M16</td></tr><tr><th>Traglast (N)</th><td>18000</td></tr><tr><th>Varianten laut Hersteller</th><td>4</td></tr></tbody></table><p>Technische Angaben nach Herstellerunterlagen, ohne Gewähr. Passende Ausführung, Preis und Lieferzeit nennen wir Ihnen auf Anfrage.</p>",taxable,1,,Einschlagfüße > Vierkantrohr,,Elesa+Ganter,Anwendung,"Arbeitstisch / Möbel, Regal / Gestell, Gastronomiegerät",1,1,Funktion,Höhenverstellung,1,1,Bauform,Gewindeeinsatz,1,1,Material,Kunststoff,1,1,Rohrmaß,Vierkant 40 mm,1,1,Gewinde,"M8, M10, M12, M16",1,1,Traglast,18000 N,1,0,Durchmesser,40x40 (Wand 2) mm,1,0,,,,,1,vergleich
simple,BF-V-A72A646F,Elesa+Ganter GN 348 (Elesa ND.Q) Gewindebuchse 50x50,1,0,visible,"Schwerlast-Einschlagbuchse für Vierkantrohr, Messingbuchse mit Gewinde. Preis und Lieferzeit auf Anfrage.","<p>Schwerlast-Einschlagbuchse für Vierkantrohr, Messingbuchse mit Gewinde.</p><table><tbody><tr><th>Hersteller</th><td>Elesa+Ganter</td></tr><tr><th>Serie / Artikel</th><td>GN 348 (Elesa ND.Q) Gewindebuchse 50x50</td></tr><tr><th>Maß / Ø (mm)</th><td>50x50 (Wand 2-2,5)</td></tr><tr><th>Material</th><td>PA glasfaserverstärkt, Buchse Messing vernickelt</td></tr><tr><th>Gewinde / Anschluss</th><td>M12, M16, M20</td></tr><tr><th>Traglast (N)</th><td>20000</td></tr><tr><th>Varianten laut Hersteller</th><td>6</td></tr></tbody></table><p>Technische Angaben nach Herstellerunterlagen, ohne Gewähr. Passende Ausführung, Preis und Lieferzeit nennen wir Ihnen auf Anfrage.</p>",taxable,1,,Einschlagfüße > Vierkantrohr,,Elesa+Ganter,Anwendung,"Arbeitstisch / Möbel, Regal / Gestell, Gastronomiegerät",1,1,Funktion,"Höhenverstellung, Hohe Traglast",1,1,Bauform,Gewindeeinsatz,1,1,Material,Kunststoff,1,1,Rohrmaß,Vierkant 50 mm,1,1,Gewinde,"M12, M16, M20",1,1,Traglast,20000 N,1,0,Durchmesser,"50x50 (Wand 2-2,5) mm",1,0,,,,,1,vergleich
simple,BF-V-FFACA225,Elesa+Ganter GN 448 Gewindebuchse V 20,1,0,visible,Kunststoff-Einschlagbuchse für Vierkantrohr mit Innengewinde für Stellfüße. Preis und Lieferzeit auf Anfrage.,"<p>Kunststoff-Einschlagbuchse für Vierkantrohr mit Innengewinde für Stellfüße.</p><table><tbody><tr><th>Hersteller</th><td>Elesa+Ganter</td></tr><tr><th>Serie / Artikel</th><td>GN 448 Gewindebuchse V 20</td></tr><tr><th>Maß / Ø (mm)</th><td>20x20 (Wand 1,5-2)</td></tr><tr><th>Material</th><td>PA glasfaserverstärkt schwarz, Gewindebuchse Messing</td></tr><tr><th>Gewinde / Anschluss</th><td>M8</td></tr><tr><th>Traglast (N)</th><td>4000</td></tr></tbody></table><p>Technische Angaben nach Herstellerunterlagen, ohne Gewähr. Passende Ausführung, Preis und Lieferzeit nennen wir Ihnen auf Anfrage.</p>",taxable,1,,Einschlagfüße > Vierkantrohr,,Elesa+Ganter,Anwendung,"Arbeitstisch / Möbel, Regal / Gestell, Gastronomiegerät",1,1,Funktion,Höhenverstellung,1,1,Bauform,Gewindeeinsatz,1,1,Material,Kunststoff,1,1,Rohrmaß,Vierkant 20 mm,1,1,Gewinde,M8,1,1,Traglast,4000 N,1,0,Durchmesser,"20x20 (Wand 1,5-2) mm",1,0,,,,,1,vergleich
simple,BF-V-E606791B,Elesa+Ganter GN 448 Gewindebuchse V 25,1,0,visible,Kunststoff-Einschlagbuchse für Vierkantrohr mit Innengewinde für Stellfüße. Preis und Lieferzeit auf Anfrage.,"<p>Kunststoff-Einschlagbuchse für Vierkantrohr mit Innengewinde für Stellfüße.</p><table><tbody><tr><th>Hersteller</th><td>Elesa+Ganter</td></tr><tr><th>Serie / Artikel</th><td>GN 448 Gewindebuchse V 25</td></tr><tr><th>Maß / Ø (mm)</th><td>25x25 (Wand 1,5-2)</td></tr><tr><th>Material</th><td>PA glasfaserverstärkt schwarz, Gewindebuchse Messing</td></tr><tr><th>Gewinde / Anschluss</th><td>M8-M12</td></tr><tr><th>Traglast (N)</th><td>4500</td></tr></tbody></table><p>Technische Angaben nach Herstellerunterlagen, ohne Gewähr. Passende Ausführung, Preis und Lieferzeit nennen wir Ihnen auf Anfrage.</p>",taxable,1,,Einschlagfüße > Vierkantrohr,,Elesa+Ganter,Anwendung,"Arbeitstisch / Möbel, Regal / Gestell, Gastronomiegerät",1,1,Funktion,Höhenverstellung,1,1,Bauform,Gewindeeinsatz,1,1,Material,Kunststoff,1,1,Rohrmaß,Vierkant 25 mm,1,1,Gewinde,"M8, M10, M12",1,1,Traglast,4500 N,1,0,Durchmesser,"25x25 (Wand 1,5-2) mm",1,0,,,,,1,vergleich
simple,BF-V-AB7DF9B3,Elesa+Ganter GN 448 Gewindebuchse V 30,1,0,visible,Kunststoff-Einschlagbuchse für Vierkantrohr mit Innengewinde für Stellfüße. Preis und Lieferzeit auf Anfrage.,"<p>Kunststoff-Einschlagbuchse für Vierkantrohr mit Innengewinde für Stellfüße.</p><table><tbody><tr><th>Hersteller</th><td>Elesa+Ganter</td></tr><tr><th>Serie / Artikel</th><td>GN 448 Gewindebuchse V 30</td></tr><tr><th>Maß / Ø (mm)</th><td>30x30 (Wand 1,5-2)</td></tr><tr><th>Material</th><td>PA glasfaserverstärkt schwarz, Gewindebuchse Messing</td></tr><tr><th>Gewinde / Anschluss</th><td>M8-M16</td></tr><tr><th>Traglast (N)</th><td>4500</td></tr></tbody></table><p>Technische Angaben nach Herstellerunterlagen, ohne Gewähr. Passende Ausführung, Preis und Lieferzeit nennen wir Ihnen auf Anfrage.</p>",taxable,1,,Einschlagfüße > Vierkantrohr,,Elesa+Ganter,Anwendung,"Arbeitstisch / Möbel, Regal / Gestell, Gastronomiegerät",1,1,Funktion,Höhenverstellung,1,1,Bauform,Gewindeeinsatz,1,1,Material,Kunststoff,1,1,Rohrmaß,Vierkant 30 mm,1,1,Gewinde,"M8, M10, M12, M14, M16",1,1,Traglast,4500 N,1,0,Durchmesser,"30x30 (Wand 1,5-2) mm",1,0,,,,,1,vergleich
simple,BF-V-53C26172,Elesa+Ganter GN 448 Gewindebuchse V 35,1,0,visible,Kunststoff-Einschlagbuchse für Vierkantrohr mit Innengewinde für Stellfüße. Preis und Lieferzeit auf Anfrage.,"<p>Kunststoff-Einschlagbuchse für Vierkantrohr mit Innengewinde für Stellfüße.</p><table><tbody><tr><th>Hersteller</th><td>Elesa+Ganter</td></tr><tr><th>Serie / Artikel</th><td>GN 448 Gewindebuchse V 35</td></tr><tr><th>Maß / Ø (mm)</th><td>35x35 (Wand 1,5-2)</td></tr><tr><th>Material</th><td>PA glasfaserverstärkt schwarz, Gewindebuchse Messing</td></tr><tr><th>Gewinde / Anschluss</th><td>M8-M20</td></tr><tr><th>Traglast (N)</th><td>6000</td></tr></tbody></table><p>Technische Angaben nach Herstellerunterlagen, ohne Gewähr. Passende Ausführung, Preis und Lieferzeit nennen wir Ihnen auf Anfrage.</p>",taxable,1,,Einschlagfüße > Vierkantrohr,,Elesa+Ganter,Anwendung,"Arbeitstisch / Möbel, Regal / Gestell, Gastronomiegerät",1,1,Funktion,Höhenverstellung,1,1,Bauform,Gewindeeinsatz,1,1,Material,Kunststoff,1,1,Rohrmaß,Vierkant 35 mm,1,1,Gewinde,"M8, M10, M12, M14, M16, M20",1,1,Traglast,6000 N,1,0,Durchmesser,"35x35 (Wand 1,5-2) mm",1,0,,,,,1,vergleich
simple,BF-V-14525BA6,Elesa+Ganter GN 448 Gewindebuchse V 40,1,0,visible,Kunststoff-Einschlagbuchse für Vierkantrohr mit Innengewinde für Stellfüße. Preis und Lieferzeit auf Anfrage.,"<p>Kunststoff-Einschlagbuchse für Vierkantrohr mit Innengewinde für Stellfüße.</p><table><tbody><tr><th>Hersteller</th><td>Elesa+Ganter</td></tr><tr><th>Serie / Artikel</th><td>GN 448 Gewindebuchse V 40</td></tr><tr><th>Maß / Ø (mm)</th><td>40x40 (Wand 1,2-3)</td></tr><tr><th>Material</th><td>PA glasfaserverstärkt schwarz, Gewindebuchse Messing</td></tr><tr><th>Gewinde / Anschluss</th><td>M8-M20</td></tr><tr><th>Traglast (N)</th><td>6000-8000</td></tr></tbody></table><p>Technische Angaben nach Herstellerunterlagen, ohne Gewähr. Passende Ausführung, Preis und Lieferzeit nennen wir Ihnen auf Anfrage.</p>",taxable,1,,Einschlagfüße > Vierkantrohr,,Elesa+Ganter,Anwendung,"Arbeitstisch / Möbel, Regal / Gestell, Gastronomiegerät",1,1,Funktion,Höhenverstellung,1,1,Bauform,Gewindeeinsatz,1,1,Material,Kunststoff,1,1,Rohrmaß,Vierkant 40 mm,1,1,Gewinde,"M8, M10, M12, M14, M16, M20",1,1,Traglast,6000-8000 N,1,0,Durchmesser,"40x40 (Wand 1,2-3) mm",1,0,,,,,1,vergleich
simple,BF-V-9DB42066,Elesa+Ganter GN 448 Gewindebuchse V 45,1,0,visible,Kunststoff-Einschlagbuchse für Vierkantrohr mit Innengewinde für Stellfüße. Preis und Lieferzeit auf Anfrage.,"<p>Kunststoff-Einschlagbuchse für Vierkantrohr mit Innengewinde für Stellfüße.</p><table><tbody><tr><th>Hersteller</th><td>Elesa+Ganter</td></tr><tr><th>Serie / Artikel</th><td>GN 448 Gewindebuchse V 45</td></tr><tr><th>Maß / Ø (mm)</th><td>45x45 (Wand 3)</td></tr><tr><th>Material</th><td>PA glasfaserverstärkt schwarz, Gewindebuchse Messing</td></tr><tr><th>Gewinde / Anschluss</th><td>M12, M16</td></tr><tr><th>Traglast (N)</th><td>6000-8000</td></tr></tbody></table><p>Technische Angaben nach Herstellerunterlagen, ohne Gewähr. Passende Ausführung, Preis und Lieferzeit nennen wir Ihnen auf Anfrage.</p>",taxable,1,,Einschlagfüße > Vierkantrohr,,Elesa+Ganter,Anwendung,"Arbeitstisch / Möbel, Regal / Gestell, Gastronomiegerät",1,1,Funktion,Höhenverstellung,1,1,Bauform,Gewindeeinsatz,1,1,Material,Kunststoff,1,1,Rohrmaß,Vierkant 45 mm,1,1,Gewinde,"M12, M16",1,1,Traglast,6000-8000 N,1,0,Durchmesser,45x45 (Wand 3) mm,1,0,,,,,1,vergleich
simple,BF-V-F808ABA7,Elesa+Ganter GN 448 Gewindebuchse V 50,1,0,visible,Kunststoff-Einschlagbuchse für Vierkantrohr mit Innengewinde für Stellfüße. Preis und Lieferzeit auf Anfrage.,"<p>Kunststoff-Einschlagbuchse für Vierkantrohr mit Innengewinde für Stellfüße.</p><table><tbody><tr><th>Hersteller</th><td>Elesa+Ganter</td></tr><tr><th>Serie / Artikel</th><td>GN 448 Gewindebuchse V 50</td></tr><tr><th>Maß / Ø (mm)</th><td>50x50 (Wand 1,2-3)</td></tr><tr><th>Material</th><td>PA glasfaserverstärkt schwarz, Gewindebuchse Messing</td></tr><tr><th>Gewinde / Anschluss</th><td>M8-M20</td></tr><tr><th>Traglast (N)</th><td>6000-8500</td></tr></tbody></table><p>Technische Angaben nach Herstellerunterlagen, ohne Gewähr. Passende Ausführung, Preis und Lieferzeit nennen wir Ihnen auf Anfrage.</p>",taxable,1,,Einschlagfüße > Vierkantrohr,,Elesa+Ganter,Anwendung,"Arbeitstisch / Möbel, Regal / Gestell, Gastronomiegerät",1,1,Funktion,Höhenverstellung,1,1,Bauform,Gewindeeinsatz,1,1,Material,Kunststoff,1,1,Rohrmaß,Vierkant 50 mm,1,1,Gewinde,"M8, M10, M12, M14, M16, M20",1,1,Traglast,6000-8500 N,1,0,Durchmesser,"50x50 (Wand 1,2-3) mm",1,0,,,,,1,vergleich
simple,BF-V-5CE8A77A,Elesa+Ganter GN 448 Gewindebuchse V 60,1,0,visible,Kunststoff-Einschlagbuchse für Vierkantrohr mit Innengewinde für Stellfüße. Preis und Lieferzeit auf Anfrage.,"<p>Kunststoff-Einschlagbuchse für Vierkantrohr mit Innengewinde für Stellfüße.</p><table><tbody><tr><th>Hersteller</th><td>Elesa+Ganter</td></tr><tr><th>Serie / Artikel</th><td>GN 448 Gewindebuchse V 60</td></tr><tr><th>Maß / Ø (mm)</th><td>60x60 (Wand 2-3)</td></tr><tr><th>Material</th><td>PA glasfaserverstärkt schwarz, Gewindebuchse Messing</td></tr><tr><th>Gewinde / Anschluss</th><td>M10-M20</td></tr><tr><th>Traglast (N)</th><td>6000-8500</td></tr></tbody></table><p>Technische Angaben nach Herstellerunterlagen, ohne Gewähr. Passende Ausführung, Preis und Lieferzeit nennen wir Ihnen auf Anfrage.</p>",taxable,1,,Einschlagfüße > Vierkantrohr,,Elesa+Ganter,Anwendung,"Arbeitstisch / Möbel, Regal / Gestell, Gastronomiegerät",1,1,Funktion,Höhenverstellung,1,1,Bauform,Gewindeeinsatz,1,1,Material,Kunststoff,1,1,Rohrmaß,Vierkant 60 mm,1,1,Gewinde,"M10, M12, M14, M16, M20",1,1,Traglast,6000-8500 N,1,0,Durchmesser,60x60 (Wand 2-3) mm,1,0,,,,,1,vergleich
simple,BF-V-9F727859,Elesa+Ganter GN 992 Einschraubbuchse V 20,1,0,visible,"Lamellen-Einsatzbuchse aus Alu für Vierkantrohr, Gewinde für Stellfuß. Preis und Lieferzeit auf Anfrage.","<p>Lamellen-Einsatzbuchse aus Alu für Vierkantrohr, Gewinde für Stellfuß.</p><table><tbody><tr><th>Hersteller</th><td>Elesa+Ganter</td></tr><tr><th>Serie / Artikel</th><td>GN 992 Einschraubbuchse V 20</td></tr><tr><th>Maß / Ø (mm)</th><td>20x20</td></tr><tr><th>Material</th><td>Aluminium blank</td></tr><tr><th>Gewinde / Anschluss</th><td>M8</td></tr><tr><th>Varianten laut Hersteller</th><td>1</td></tr></tbody></table><p>Technische Angaben nach Herstellerunterlagen, ohne Gewähr. Passende Ausführung, Preis und Lieferzeit nennen wir Ihnen auf Anfrage.</p>",taxable,1,,Einschlagfüße > Vierkantrohr,,Elesa+Ganter,Anwendung,"Arbeitstisch / Möbel, Regal / Gestell, Gastronomiegerät",1,1,Funktion,Höhenverstellung,1,1,Bauform,Gewindeeinsatz,1,1,Material,Aluminium,1,1,Rohrmaß,Vierkant 20 mm,1,1,Gewinde,M8,1,1,Durchmesser,20x20 mm,1,0,,,,,,,,,1,vergleich
simple,BF-V-B4745651,Elesa+Ganter GN 992 Einschraubbuchse V 25,1,0,visible,"Lamellen-Einsatzbuchse aus Alu für Vierkantrohr, Gewinde für Stellfuß. Preis und Lieferzeit auf Anfrage.","<p>Lamellen-Einsatzbuchse aus Alu für Vierkantrohr, Gewinde für Stellfuß.</p><table><tbody><tr><th>Hersteller</th><td>Elesa+Ganter</td></tr><tr><th>Serie / Artikel</th><td>GN 992 Einschraubbuchse V 25</td></tr><tr><th>Maß / Ø (mm)</th><td>25x25</td></tr><tr><th>Material</th><td>Aluminium blank</td></tr><tr><th>Gewinde / Anschluss</th><td>M10</td></tr><tr><th>Varianten laut Hersteller</th><td>1</td></tr></tbody></table><p>Technische Angaben nach Herstellerunterlagen, ohne Gewähr. Passende Ausführung, Preis und Lieferzeit nennen wir Ihnen auf Anfrage.</p>",taxable,1,,Einschlagfüße > Vierkantrohr,,Elesa+Ganter,Anwendung,"Arbeitstisch / Möbel, Regal / Gestell, Gastronomiegerät",1,1,Funktion,Höhenverstellung,1,1,Bauform,Gewindeeinsatz,1,1,Material,Aluminium,1,1,Rohrmaß,Vierkant 25 mm,1,1,Gewinde,M10,1,1,Durchmesser,25x25 mm,1,0,,,,,,,,,1,vergleich
simple,BF-V-E8F4DF22,Elesa+Ganter GN 992 Einschraubbuchse V 30,1,0,visible,"Lamellen-Einsatzbuchse aus Alu für Vierkantrohr, Gewinde für Stellfuß. Preis und Lieferzeit auf Anfrage.","<p>Lamellen-Einsatzbuchse aus Alu für Vierkantrohr, Gewinde für Stellfuß.</p><table><tbody><tr><th>Hersteller</th><td>Elesa+Ganter</td></tr><tr><th>Serie / Artikel</th><td>GN 992 Einschraubbuchse V 30</td></tr><tr><th>Maß / Ø (mm)</th><td>30x30</td></tr><tr><th>Material</th><td>Aluminium blank</td></tr><tr><th>Gewinde / Anschluss</th><td>M10</td></tr><tr><th>Varianten laut Hersteller</th><td>1</td></tr></tbody></table><p>Technische Angaben nach Herstellerunterlagen, ohne Gewähr. Passende Ausführung, Preis und Lieferzeit nennen wir Ihnen auf Anfrage.</p>",taxable,1,,Einschlagfüße > Vierkantrohr,,Elesa+Ganter,Anwendung,"Arbeitstisch / Möbel, Regal / Gestell, Gastronomiegerät",1,1,Funktion,Höhenverstellung,1,1,Bauform,Gewindeeinsatz,1,1,Material,Aluminium,1,1,Rohrmaß,Vierkant 30 mm,1,1,Gewinde,M10,1,1,Durchmesser,30x30 mm,1,0,,,,,,,,,1,vergleich
simple,BF-V-CE0538FC,Elesa+Ganter GN 992 Einschraubbuchse V 35,1,0,visible,"Lamellen-Einsatzbuchse aus Alu für Vierkantrohr, Gewinde für Stellfuß. Preis und Lieferzeit auf Anfrage.","<p>Lamellen-Einsatzbuchse aus Alu für Vierkantrohr, Gewinde für Stellfuß.</p><table><tbody><tr><th>Hersteller</th><td>Elesa+Ganter</td></tr><tr><th>Serie / Artikel</th><td>GN 992 Einschraubbuchse V 35</td></tr><tr><th>Maß / Ø (mm)</th><td>35x35</td></tr><tr><th>Material</th><td>Aluminium blank</td></tr><tr><th>Gewinde / Anschluss</th><td>M12</td></tr><tr><th>Varianten laut Hersteller</th><td>1</td></tr></tbody></table><p>Technische Angaben nach Herstellerunterlagen, ohne Gewähr. Passende Ausführung, Preis und Lieferzeit nennen wir Ihnen auf Anfrage.</p>",taxable,1,,Einschlagfüße > Vierkantrohr,,Elesa+Ganter,Anwendung,"Arbeitstisch / Möbel, Regal / Gestell, Gastronomiegerät",1,1,Funktion,Höhenverstellung,1,1,Bauform,Gewindeeinsatz,1,1,Material,Aluminium,1,1,Rohrmaß,Vierkant 35 mm,1,1,Gewinde,M12,1,1,Durchmesser,35x35 mm,1,0,,,,,,,,,1,vergleich
simple,BF-V-ECAC80DF,Elesa+Ganter GN 992 Einschraubbuchse V 40,1,0,visible,"Lamellen-Einsatzbuchse aus Alu für Vierkantrohr, Gewinde für Stellfuß. Preis und Lieferzeit auf Anfrage.","<p>Lamellen-Einsatzbuchse aus Alu für Vierkantrohr, Gewinde für Stellfuß.</p><table><tbody><tr><th>Hersteller</th><td>Elesa+Ganter</td></tr><tr><th>Serie / Artikel</th><td>GN 992 Einschraubbuchse V 40</td></tr><tr><th>Maß / Ø (mm)</th><td>40x40</td></tr><tr><th>Material</th><td>Aluminium blank</td></tr><tr><th>Gewinde / Anschluss</th><td>M12</td></tr><tr><th>Varianten laut Hersteller</th><td>1</td></tr></tbody></table><p>Technische Angaben nach Herstellerunterlagen, ohne Gewähr. Passende Ausführung, Preis und Lieferzeit nennen wir Ihnen auf Anfrage.</p>",taxable,1,,Einschlagfüße > Vierkantrohr,,Elesa+Ganter,Anwendung,"Arbeitstisch / Möbel, Regal / Gestell, Gastronomiegerät",1,1,Funktion,Höhenverstellung,1,1,Bauform,Gewindeeinsatz,1,1,Material,Aluminium,1,1,Rohrmaß,Vierkant 40 mm,1,1,Gewinde,M12,1,1,Durchmesser,40x40 mm,1,0,,,,,,,,,1,vergleich
simple,BF-V-DB99CA04,Elesa+Ganter GN 992 Einschraubbuchse V 45,1,0,visible,"Lamellen-Einsatzbuchse aus Alu für Vierkantrohr, Gewinde für Stellfuß. Preis und Lieferzeit auf Anfrage.","<p>Lamellen-Einsatzbuchse aus Alu für Vierkantrohr, Gewinde für Stellfuß.</p><table><tbody><tr><th>Hersteller</th><td>Elesa+Ganter</td></tr><tr><th>Serie / Artikel</th><td>GN 992 Einschraubbuchse V 45</td></tr><tr><th>Maß / Ø (mm)</th><td>45x45</td></tr><tr><th>Material</th><td>Aluminium blank</td></tr><tr><th>Gewinde / Anschluss</th><td>M16</td></tr><tr><th>Varianten laut Hersteller</th><td>1</td></tr></tbody></table><p>Technische Angaben nach Herstellerunterlagen, ohne Gewähr. Passende Ausführung, Preis und Lieferzeit nennen wir Ihnen auf Anfrage.</p>",taxable,1,,Einschlagfüße > Vierkantrohr,,Elesa+Ganter,Anwendung,"Arbeitstisch / Möbel, Regal / Gestell, Gastronomiegerät",1,1,Funktion,Höhenverstellung,1,1,Bauform,Gewindeeinsatz,1,1,Material,Aluminium,1,1,Rohrmaß,Vierkant 45 mm,1,1,Gewinde,M16,1,1,Durchmesser,45x45 mm,1,0,,,,,,,,,1,vergleich
simple,BF-V-DF48B9E4,Elesa+Ganter GN 992 Einschraubbuchse V 50,1,0,visible,"Lamellen-Einsatzbuchse aus Alu für Vierkantrohr, Gewinde für Stellfuß. Preis und Lieferzeit auf Anfrage.","<p>Lamellen-Einsatzbuchse aus Alu für Vierkantrohr, Gewinde für Stellfuß.</p><table><tbody><tr><th>Hersteller</th><td>Elesa+Ganter</td></tr><tr><th>Serie / Artikel</th><td>GN 992 Einschraubbuchse V 50</td></tr><tr><th>Maß / Ø (mm)</th><td>50x50</td></tr><tr><th>Material</th><td>Aluminium blank</td></tr><tr><th>Gewinde / Anschluss</th><td>M16</td></tr><tr><th>Varianten laut Hersteller</th><td>1</td></tr></tbody></table><p>Technische Angaben nach Herstellerunterlagen, ohne Gewähr. Passende Ausführung, Preis und Lieferzeit nennen wir Ihnen auf Anfrage.</p>",taxable,1,,Einschlagfüße > Vierkantrohr,,Elesa+Ganter,Anwendung,"Arbeitstisch / Möbel, Regal / Gestell, Gastronomiegerät",1,1,Funktion,Höhenverstellung,1,1,Bauform,Gewindeeinsatz,1,1,Material,Aluminium,1,1,Rohrmaß,Vierkant 50 mm,1,1,Gewinde,M16,1,1,Durchmesser,50x50 mm,1,0,,,,,,,,,1,vergleich
simple,BF-V-32B2F2B8,Elesa+Ganter GN 992.5 Einschraubbuchse V 20,1,0,visible,"Edelstahl-Lamellenbuchse für Vierkantrohr, nimmt Stellfußgewinde auf. Preis und Lieferzeit auf Anfrage.","<p>Edelstahl-Lamellenbuchse für Vierkantrohr, nimmt Stellfußgewinde auf.</p><table><tbody><tr><th>Hersteller</th><td>Elesa+Ganter</td></tr><tr><th>Serie / Artikel</th><td>GN 992.5 Einschraubbuchse V 20</td></tr><tr><th>Maß / Ø (mm)</th><td>20x20</td></tr><tr><th>Material</th><td>Edelstahl AISI 303</td></tr><tr><th>Gewinde / Anschluss</th><td>M8</td></tr><tr><th>Varianten laut Hersteller</th><td>1</td></tr></tbody></table><p>Technische Angaben nach Herstellerunterlagen, ohne Gewähr. Passende Ausführung, Preis und Lieferzeit nennen wir Ihnen auf Anfrage.</p>",taxable,1,,Einschlagfüße > Vierkantrohr,,Elesa+Ganter,Anwendung,"Arbeitstisch / Möbel, Regal / Gestell, Gastronomiegerät",1,1,Funktion,Höhenverstellung,1,1,Bauform,Gewindeeinsatz,1,1,Material,Edelstahl,1,1,Rohrmaß,Vierkant 20 mm,1,1,Gewinde,M8,1,1,Durchmesser,20x20 mm,1,0,,,,,,,,,1,vergleich
simple,BF-V-DCDD0928,Elesa+Ganter GN 992.5 Einschraubbuchse V 25,1,0,visible,"Edelstahl-Lamellenbuchse für Vierkantrohr, nimmt Stellfußgewinde auf. Preis und Lieferzeit auf Anfrage.","<p>Edelstahl-Lamellenbuchse für Vierkantrohr, nimmt Stellfußgewinde auf.</p><table><tbody><tr><th>Hersteller</th><td>Elesa+Ganter</td></tr><tr><th>Serie / Artikel</th><td>GN 992.5 Einschraubbuchse V 25</td></tr><tr><th>Maß / Ø (mm)</th><td>25x25</td></tr><tr><th>Material</th><td>Edelstahl AISI 303</td></tr><tr><th>Gewinde / Anschluss</th><td>M8, M10</td></tr><tr><th>Varianten laut Hersteller</th><td>2</td></tr></tbody></table><p>Technische Angaben nach Herstellerunterlagen, ohne Gewähr. Passende Ausführung, Preis und Lieferzeit nennen wir Ihnen auf Anfrage.</p>",taxable,1,,Einschlagfüße > Vierkantrohr,,Elesa+Ganter,Anwendung,"Arbeitstisch / Möbel, Regal / Gestell, Gastronomiegerät",1,1,Funktion,Höhenverstellung,1,1,Bauform,Gewindeeinsatz,1,1,Material,Edelstahl,1,1,Rohrmaß,Vierkant 25 mm,1,1,Gewinde,"M8, M10",1,1,Durchmesser,25x25 mm,1,0,,,,,,,,,1,vergleich
simple,BF-V-A5773EFE,Elesa+Ganter GN 992.5 Einschraubbuchse V 30,1,0,visible,"Edelstahl-Lamellenbuchse für Vierkantrohr, nimmt Stellfußgewinde auf. Preis und Lieferzeit auf Anfrage.","<p>Edelstahl-Lamellenbuchse für Vierkantrohr, nimmt Stellfußgewinde auf.</p><table><tbody><tr><th>Hersteller</th><td>Elesa+Ganter</td></tr><tr><th>Serie / Artikel</th><td>GN 992.5 Einschraubbuchse V 30</td></tr><tr><th>Maß / Ø (mm)</th><td>30x30</td></tr><tr><th>Material</th><td>Edelstahl AISI 303</td></tr><tr><th>Gewinde / Anschluss</th><td>M8, M10</td></tr><tr><th>Varianten laut Hersteller</th><td>2</td></tr></tbody></table><p>Technische Angaben nach Herstellerunterlagen, ohne Gewähr. Passende Ausführung, Preis und Lieferzeit nennen wir Ihnen auf Anfrage.</p>",taxable,1,,Einschlagfüße > Vierkantrohr,,Elesa+Ganter,Anwendung,"Arbeitstisch / Möbel, Regal / Gestell, Gastronomiegerät",1,1,Funktion,Höhenverstellung,1,1,Bauform,Gewindeeinsatz,1,1,Material,Edelstahl,1,1,Rohrmaß,Vierkant 30 mm,1,1,Gewinde,"M8, M10",1,1,Durchmesser,30x30 mm,1,0,,,,,,,,,1,vergleich
simple,BF-V-D0AAC023,Elesa+Ganter GN 992.5 Einschraubbuchse V 40,1,0,visible,"Edelstahl-Lamellenbuchse für Vierkantrohr, nimmt Stellfußgewinde auf. Preis und Lieferzeit auf Anfrage.","<p>Edelstahl-Lamellenbuchse für Vierkantrohr, nimmt Stellfußgewinde auf.</p><table><tbody><tr><th>Hersteller</th><td>Elesa+Ganter</td></tr><tr><th>Serie / Artikel</th><td>GN 992.5 Einschraubbuchse V 40</td></tr><tr><th>Maß / Ø (mm)</th><td>40x40</td></tr><tr><th>Material</th><td>Edelstahl AISI 303</td></tr><tr><th>Gewinde / Anschluss</th><td>M10, M12</td></tr><tr><th>Varianten laut Hersteller</th><td>2</td></tr></tbody></table><p>Technische Angaben nach Herstellerunterlagen, ohne Gewähr. Passende Ausführung, Preis und Lieferzeit nennen wir Ihnen auf Anfrage.</p>",taxable,1,,Einschlagfüße > Vierkantrohr,,Elesa+Ganter,Anwendung,"Arbeitstisch / Möbel, Regal / Gestell, Gastronomiegerät",1,1,Funktion,Höhenverstellung,1,1,Bauform,Gewindeeinsatz,1,1,Material,Edelstahl,1,1,Rohrmaß,Vierkant 40 mm,1,1,Gewinde,"M10, M12",1,1,Durchmesser,40x40 mm,1,0,,,,,,,,,1,vergleich
simple,BF-V-B498D05C,Elesa+Ganter GN 992.5 Einschraubbuchse V 50,1,0,visible,"Edelstahl-Lamellenbuchse für Vierkantrohr, nimmt Stellfußgewinde auf. Preis und Lieferzeit auf Anfrage.","<p>Edelstahl-Lamellenbuchse für Vierkantrohr, nimmt Stellfußgewinde auf.</p><table><tbody><tr><th>Hersteller</th><td>Elesa+Ganter</td></tr><tr><th>Serie / Artikel</th><td>GN 992.5 Einschraubbuchse V 50</td></tr><tr><th>Maß / Ø (mm)</th><td>50x50</td></tr><tr><th>Material</th><td>Edelstahl AISI 303</td></tr><tr><th>Gewinde / Anschluss</th><td>M12, M16</td></tr><tr><th>Varianten laut Hersteller</th><td>2</td></tr></tbody></table><p>Technische Angaben nach Herstellerunterlagen, ohne Gewähr. Passende Ausführung, Preis und Lieferzeit nennen wir Ihnen auf Anfrage.</p>",taxable,1,,Einschlagfüße > Vierkantrohr,,Elesa+Ganter,Anwendung,"Arbeitstisch / Möbel, Regal / Gestell, Gastronomiegerät",1,1,Funktion,Höhenverstellung,1,1,Bauform,Gewindeeinsatz,1,1,Material,Edelstahl,1,1,Rohrmaß,Vierkant 50 mm,1,1,Gewinde,"M12, M16",1,1,Durchmesser,50x50 mm,1,0,,,,,,,,,1,vergleich
simple,BF-V-A0CC1792,Essentra Components Threaded Insert Square 499229 (Essentra-Nr. 10435519),1,0,visible,Lamellen-Gewindeeinsatz aus Nylon für Vierkantrohr. Preis und Lieferzeit auf Anfrage.,"<p>Lamellen-Gewindeeinsatz aus Nylon für Vierkantrohr.</p><table><tbody><tr><th>Hersteller</th><td>Essentra Components</td></tr><tr><th>Serie / Artikel</th><td>Threaded Insert Square 499229 (Essentra-Nr. 10435519)</td></tr><tr><th>Maß / Ø (mm)</th><td>25x25 (Wand 1,5)</td></tr><tr><th>Material</th><td>PA (Nylon) schwarz</td></tr><tr><th>Gewinde / Anschluss</th><td>M8</td></tr><tr><th>Varianten laut Hersteller</th><td>1</td></tr></tbody></table><p>Technische Angaben nach Herstellerunterlagen, ohne Gewähr. Passende Ausführung, Preis und Lieferzeit nennen wir Ihnen auf Anfrage.</p>",taxable,1,,Einschlagfüße > Vierkantrohr,,Essentra Components,Anwendung,"Arbeitstisch / Möbel, Regal / Gestell, Gastronomiegerät",1,1,Funktion,Höhenverstellung,1,1,Bauform,Gewindeeinsatz,1,1,Material,Kunststoff,1,1,Rohrmaß,Vierkant 25 mm,1,1,Gewinde,M8,1,1,Durchmesser,"25x25 (Wand 1,5) mm",1,0,,,,,,,,,1,vergleich
simple,BF-V-9CB8B113,Essentra Components Threaded Insert Square 499232 (Essentra-Nr. 10289884),1,0,visible,Lamellen-Gewindeeinsatz aus Nylon für Vierkantrohr. Preis und Lieferzeit auf Anfrage.,"<p>Lamellen-Gewindeeinsatz aus Nylon für Vierkantrohr.</p><table><tbody><tr><th>Hersteller</th><td>Essentra Components</td></tr><tr><th>Serie / Artikel</th><td>Threaded Insert Square 499232 (Essentra-Nr. 10289884)</td></tr><tr><th>Maß / Ø (mm)</th><td>30x30 (Wand 1,5)</td></tr><tr><th>Material</th><td>PA (Nylon) schwarz</td></tr><tr><th>Gewinde / Anschluss</th><td>M8</td></tr><tr><th>Varianten laut Hersteller</th><td>1</td></tr></tbody></table><p>Technische Angaben nach Herstellerunterlagen, ohne Gewähr. Passende Ausführung, Preis und Lieferzeit nennen wir Ihnen auf Anfrage.</p>",taxable,1,,Einschlagfüße > Vierkantrohr,,Essentra Components,Anwendung,"Arbeitstisch / Möbel, Regal / Gestell, Gastronomiegerät",1,1,Funktion,Höhenverstellung,1,1,Bauform,Gewindeeinsatz,1,1,Material,Kunststoff,1,1,Rohrmaß,Vierkant 30 mm,1,1,Gewinde,M8,1,1,Durchmesser,"30x30 (Wand 1,5) mm",1,0,,,,,,,,,1,vergleich
simple,BF-V-C7DF5684,Essentra Components Threaded Insert Square 499238 (Essentra-Nr. 10435526),1,0,visible,Lamellen-Gewindeeinsatz aus Nylon für Vierkantrohr. Preis und Lieferzeit auf Anfrage.,"<p>Lamellen-Gewindeeinsatz aus Nylon für Vierkantrohr.</p><table><tbody><tr><th>Hersteller</th><td>Essentra Components</td></tr><tr><th>Serie / Artikel</th><td>Threaded Insert Square 499238 (Essentra-Nr. 10435526)</td></tr><tr><th>Maß / Ø (mm)</th><td>25x25 (Wand 1,5)</td></tr><tr><th>Material</th><td>PA (Nylon) schwarz</td></tr><tr><th>Gewinde / Anschluss</th><td>M8</td></tr><tr><th>Varianten laut Hersteller</th><td>1</td></tr></tbody></table><p>Technische Angaben nach Herstellerunterlagen, ohne Gewähr. Passende Ausführung, Preis und Lieferzeit nennen wir Ihnen auf Anfrage.</p>",taxable,1,,Einschlagfüße > Vierkantrohr,,Essentra Components,Anwendung,"Arbeitstisch / Möbel, Regal / Gestell, Gastronomiegerät",1,1,Funktion,Höhenverstellung,1,1,Bauform,Gewindeeinsatz,1,1,Material,Kunststoff,1,1,Rohrmaß,Vierkant 25 mm,1,1,Gewinde,M8,1,1,Durchmesser,"25x25 (Wand 1,5) mm",1,0,,,,,,,,,1,vergleich
simple,BF-V-33FDB746,Essentra Components Threaded Insert Square 499244 (Essentra-Nr. 10289921),1,0,visible,Lamellen-Gewindeeinsatz aus Nylon für Vierkantrohr. Preis und Lieferzeit auf Anfrage.,"<p>Lamellen-Gewindeeinsatz aus Nylon für Vierkantrohr.</p><table><tbody><tr><th>Hersteller</th><td>Essentra Components</td></tr><tr><th>Serie / Artikel</th><td>Threaded Insert Square 499244 (Essentra-Nr. 10289921)</td></tr><tr><th>Maß / Ø (mm)</th><td>30x30 (Wand 2,0)</td></tr><tr><th>Material</th><td>PA (Nylon) schwarz</td></tr><tr><th>Gewinde / Anschluss</th><td>M10</td></tr><tr><th>Varianten laut Hersteller</th><td>1</td></tr></tbody></table><p>Technische Angaben nach Herstellerunterlagen, ohne Gewähr. Passende Ausführung, Preis und Lieferzeit nennen wir Ihnen auf Anfrage.</p>",taxable,1,,Einschlagfüße > Vierkantrohr,,Essentra Components,Anwendung,"Arbeitstisch / Möbel, Regal / Gestell, Gastronomiegerät",1,1,Funktion,Höhenverstellung,1,1,Bauform,Gewindeeinsatz,1,1,Material,Kunststoff,1,1,Rohrmaß,Vierkant 30 mm,1,1,Gewinde,M10,1,1,Durchmesser,"30x30 (Wand 2,0) mm",1,0,,,,,,,,,1,vergleich
simple,BF-V-84E73B22,Essentra Components Threaded Insert Square 499247 (Essentra-Nr. 10289952),1,0,visible,Lamellen-Gewindeeinsatz aus Nylon für Vierkantrohr. Preis und Lieferzeit auf Anfrage.,"<p>Lamellen-Gewindeeinsatz aus Nylon für Vierkantrohr.</p><table><tbody><tr><th>Hersteller</th><td>Essentra Components</td></tr><tr><th>Serie / Artikel</th><td>Threaded Insert Square 499247 (Essentra-Nr. 10289952)</td></tr><tr><th>Maß / Ø (mm)</th><td>25x25 (Wand 1,5)</td></tr><tr><th>Material</th><td>PA (Nylon) schwarz</td></tr><tr><th>Gewinde / Anschluss</th><td>M8</td></tr><tr><th>Varianten laut Hersteller</th><td>1</td></tr></tbody></table><p>Technische Angaben nach Herstellerunterlagen, ohne Gewähr. Passende Ausführung, Preis und Lieferzeit nennen wir Ihnen auf Anfrage.</p>",taxable,1,,Einschlagfüße > Vierkantrohr,,Essentra Components,Anwendung,"Arbeitstisch / Möbel, Regal / Gestell, Gastronomiegerät",1,1,Funktion,Höhenverstellung,1,1,Bauform,Gewindeeinsatz,1,1,Material,Kunststoff,1,1,Rohrmaß,Vierkant 25 mm,1,1,Gewinde,M8,1,1,Durchmesser,"25x25 (Wand 1,5) mm",1,0,,,,,,,,,1,vergleich
simple,BF-V-086384AB,Essentra Components Threaded Insert Square 499250 (Essentra-Nr. 10435564),1,0,visible,Lamellen-Gewindeeinsatz aus Nylon für Vierkantrohr. Preis und Lieferzeit auf Anfrage.,"<p>Lamellen-Gewindeeinsatz aus Nylon für Vierkantrohr.</p><table><tbody><tr><th>Hersteller</th><td>Essentra Components</td></tr><tr><th>Serie / Artikel</th><td>Threaded Insert Square 499250 (Essentra-Nr. 10435564)</td></tr><tr><th>Maß / Ø (mm)</th><td>30x30 (Wand 2,0)</td></tr><tr><th>Material</th><td>PA (Nylon) schwarz</td></tr><tr><th>Gewinde / Anschluss</th><td>M8</td></tr><tr><th>Varianten laut Hersteller</th><td>1</td></tr></tbody></table><p>Technische Angaben nach Herstellerunterlagen, ohne Gewähr. Passende Ausführung, Preis und Lieferzeit nennen wir Ihnen auf Anfrage.</p>",taxable,1,,Einschlagfüße > Vierkantrohr,,Essentra Components,Anwendung,"Arbeitstisch / Möbel, Regal / Gestell, Gastronomiegerät",1,1,Funktion,Höhenverstellung,1,1,Bauform,Gewindeeinsatz,1,1,Material,Kunststoff,1,1,Rohrmaß,Vierkant 30 mm,1,1,Gewinde,M8,1,1,Durchmesser,"30x30 (Wand 2,0) mm",1,0,,,,,,,,,1,vergleich
simple,BF-V-7CFB779F,Essentra Components Threaded Insert Square 499252 (Essentra-Nr. 10435571),1,0,visible,Lamellen-Gewindeeinsatz aus Nylon für Vierkantrohr. Preis und Lieferzeit auf Anfrage.,"<p>Lamellen-Gewindeeinsatz aus Nylon für Vierkantrohr.</p><table><tbody><tr><th>Hersteller</th><td>Essentra Components</td></tr><tr><th>Serie / Artikel</th><td>Threaded Insert Square 499252 (Essentra-Nr. 10435571)</td></tr><tr><th>Maß / Ø (mm)</th><td>25x25 (Wand 1,5)</td></tr><tr><th>Material</th><td>PA (Nylon) schwarz</td></tr><tr><th>Gewinde / Anschluss</th><td>M8</td></tr><tr><th>Varianten laut Hersteller</th><td>1</td></tr></tbody></table><p>Technische Angaben nach Herstellerunterlagen, ohne Gewähr. Passende Ausführung, Preis und Lieferzeit nennen wir Ihnen auf Anfrage.</p>",taxable,1,,Einschlagfüße > Vierkantrohr,,Essentra Components,Anwendung,"Arbeitstisch / Möbel, Regal / Gestell, Gastronomiegerät",1,1,Funktion,Höhenverstellung,1,1,Bauform,Gewindeeinsatz,1,1,Material,Kunststoff,1,1,Rohrmaß,Vierkant 25 mm,1,1,Gewinde,M8,1,1,Durchmesser,"25x25 (Wand 1,5) mm",1,0,,,,,,,,,1,vergleich
simple,BF-V-957FB311,FATH Gewindestopfen 098V40 40x40,1,0,visible,Kunststoff-Gewindestopfen für Vierkantrohr zur Aufnahme von Stellfüßen. Preis und Lieferzeit auf Anfrage.,"<p>Kunststoff-Gewindestopfen für Vierkantrohr zur Aufnahme von Stellfüßen.</p><table><tbody><tr><th>Hersteller</th><td>FATH</td></tr><tr><th>Serie / Artikel</th><td>Gewindestopfen 098V40 40x40</td></tr><tr><th>Maß / Ø (mm)</th><td>40x40 (Wand 1,5-4)</td></tr><tr><th>Material</th><td>PA glasfaserverstärkt schwarz, Gewindeeinsatz Messing vernickelt</td></tr><tr><th>Gewinde / Anschluss</th><td>M8, M10, M12, M14, M16, M20</td></tr><tr><th>Traglast (N)</th><td>7845-9807 (800-1000 kg)</td></tr><tr><th>Varianten laut Hersteller</th><td>30</td></tr></tbody></table><p>Technische Angaben nach Herstellerunterlagen, ohne Gewähr. Passende Ausführung, Preis und Lieferzeit nennen wir Ihnen auf Anfrage.</p>",taxable,1,,Einschlagfüße > Vierkantrohr,,FATH,Anwendung,"Arbeitstisch / Möbel, Regal / Gestell, Gastronomiegerät",1,1,Funktion,Höhenverstellung,1,1,Bauform,Gewindeeinsatz,1,1,Material,Kunststoff,1,1,Rohrmaß,Vierkant 40 mm,1,1,Gewinde,"M8, M10, M12, M14, M16, M20",1,1,Traglast,7845-9807 (800-1000 kg) N,1,0,Durchmesser,"40x40 (Wand 1,5-4) mm",1,0,,,,,1,vergleich
simple,BF-V-CC4786C1,FATH Gewindestopfen 098V50 50x50,1,0,visible,Kunststoff-Gewindestopfen für Vierkantrohr zur Aufnahme von Stellfüßen. Preis und Lieferzeit auf Anfrage.,"<p>Kunststoff-Gewindestopfen für Vierkantrohr zur Aufnahme von Stellfüßen.</p><table><tbody><tr><th>Hersteller</th><td>FATH</td></tr><tr><th>Serie / Artikel</th><td>Gewindestopfen 098V50 50x50</td></tr><tr><th>Maß / Ø (mm)</th><td>50x50 (Wand 1,5-4)</td></tr><tr><th>Material</th><td>PA glasfaserverstärkt schwarz, Gewindeeinsatz Messing vernickelt</td></tr><tr><th>Gewinde / Anschluss</th><td>M8, M10, M12, M14, M16, M20</td></tr><tr><th>Traglast (N)</th><td>7845-11768 (800-1200 kg)</td></tr><tr><th>Varianten laut Hersteller</th><td>26</td></tr></tbody></table><p>Technische Angaben nach Herstellerunterlagen, ohne Gewähr. Passende Ausführung, Preis und Lieferzeit nennen wir Ihnen auf Anfrage.</p>",taxable,1,,Einschlagfüße > Vierkantrohr,,FATH,Anwendung,"Arbeitstisch / Möbel, Regal / Gestell, Gastronomiegerät",1,1,Funktion,Höhenverstellung,1,1,Bauform,Gewindeeinsatz,1,1,Material,Kunststoff,1,1,Rohrmaß,Vierkant 50 mm,1,1,Gewinde,"M8, M10, M12, M14, M16, M20",1,1,Traglast,7845-11768 (800-1200 kg) N,1,0,Durchmesser,"50x50 (Wand 1,5-4) mm",1,0,,,,,1,vergleich
simple,BF-V-7245E9EB,FATH Gewindestopfen 098VE5030 50x30 Rechteck,1,0,visible,Gewindestopfen für Rechteckrohr mit Messing-Gewindeeinsatz. Preis und Lieferzeit auf Anfrage.,"<p>Gewindestopfen für Rechteckrohr mit Messing-Gewindeeinsatz.</p><table><tbody><tr><th>Hersteller</th><td>FATH</td></tr><tr><th>Serie / Artikel</th><td>Gewindestopfen 098VE5030 50x30 Rechteck</td></tr><tr><th>Maß / Ø (mm)</th><td>50x30 Rechteck (Wand 2, R2,5)</td></tr><tr><th>Material</th><td>PA glasfaserverstärkt schwarz, Gewindeeinsatz Messing vernickelt</td></tr><tr><th>Gewinde / Anschluss</th><td>M8, M10, M12, M14, M16</td></tr><tr><th>Traglast (N)</th><td>4903 (500 kg)</td></tr><tr><th>Varianten laut Hersteller</th><td>5</td></tr></tbody></table><p>Technische Angaben nach Herstellerunterlagen, ohne Gewähr. Passende Ausführung, Preis und Lieferzeit nennen wir Ihnen auf Anfrage.</p>",taxable,1,,Einschlagfüße > Vierkantrohr,,FATH,Anwendung,"Arbeitstisch / Möbel, Regal / Gestell, Gastronomiegerät",1,1,Funktion,Höhenverstellung,1,1,Bauform,Gewindeeinsatz,1,1,Material,Kunststoff,1,1,Rohrmaß,Rechteck 50x30 mm,1,1,Gewinde,"M8, M10, M12, M14, M16",1,1,Traglast,4903 (500 kg) N,1,0,Durchmesser,"50x30 Rechteck (Wand 2 · R2,5) mm",1,0,,,,,1,vergleich
simple,BF-V-C7B51345,"Kason Industries 1625 Foot Insert 1""",1,0,visible,Verstellbarer Zamak-Einsteckfuß für kleine Vierkant- oder Rundrohre. Preis und Lieferzeit auf Anfrage.,"<p>Verstellbarer Zamak-Einsteckfuß für kleine Vierkant- oder Rundrohre.</p><table><tbody><tr><th>Hersteller</th><td>Kason Industries</td></tr><tr><th>Serie / Artikel</th><td>1625 Foot Insert 1&quot;</td></tr><tr><th>Maß / Ø (mm)</th><td>25,4 (1&quot;, 16/18 ga, eckig oder rund)</td></tr><tr><th>Material</th><td>Zamak Druckguss, natur oder vernickelt</td></tr><tr><th>Gewinde / Anschluss</th><td>Einsteckfuß, Sechskant- oder Flanschfuß</td></tr><tr><th>Varianten laut Hersteller</th><td>4</td></tr></tbody></table><p>Technische Angaben nach Herstellerunterlagen, ohne Gewähr. Passende Ausführung, Preis und Lieferzeit nennen wir Ihnen auf Anfrage.</p>",taxable,1,,Einschlagfüße > Vierkantrohr,,Kason Industries,Anwendung,"Arbeitstisch / Möbel, Regal / Gestell, Gastronomiegerät",1,1,Funktion,Höhenverstellung,1,1,Bauform,Einschlagfuß,1,1,Material,Zinkdruckguss,1,1,Durchmesser,"25,4 (1"" · 16/18 ga · eckig oder rund) mm",1,0,,,,,,,,,,,,,,,,,1,vergleich
simple,BF-V-5E92D3C4,"Kason Industries 1652 Foot Insert 1-1/2"" square",1,0,visible,"Zamak-Einsteckfuß für Vierkantrohr, Sechskant- oder Edelstahl-Flanschfuß. Preis und Lieferzeit auf Anfrage.","<p>Zamak-Einsteckfuß für Vierkantrohr, Sechskant- oder Edelstahl-Flanschfuß.</p><table><tbody><tr><th>Hersteller</th><td>Kason Industries</td></tr><tr><th>Serie / Artikel</th><td>1652 Foot Insert 1-1/2&quot; square</td></tr><tr><th>Maß / Ø (mm)</th><td>38,1x38,1 (1-1/2&quot;, 16/18 ga)</td></tr><tr><th>Material</th><td>Zamak Druckguss, Flanschfuß Edelstahl 2,6 mm</td></tr><tr><th>Gewinde / Anschluss</th><td>Einsteckfuß, Flansch mit/ohne Bohrungen</td></tr><tr><th>Varianten laut Hersteller</th><td>4</td></tr></tbody></table><p>Technische Angaben nach Herstellerunterlagen, ohne Gewähr. Passende Ausführung, Preis und Lieferzeit nennen wir Ihnen auf Anfrage.</p>",taxable,1,,Einschlagfüße > Vierkantrohr,,Kason Industries,Anwendung,"Arbeitstisch / Möbel, Regal / Gestell, Gastronomiegerät",1,1,Funktion,Höhenverstellung,1,1,Bauform,Einschlagfuß,1,1,Material,"Edelstahl, Zinkdruckguss",1,1,Rohrmaß,"Vierkant 38,1 mm",1,1,Durchmesser,"38,1x38,1 (1-1/2"" · 16/18 ga) mm",1,0,,,,,,,,,,,,,1,vergleich
simple,BF-V-762F51BF,"Kason Industries 1653 Foot Insert 1-1/4""",1,0,visible,Zamak-Einsteckfuß für 1-1/4-Zoll Vierkant- oder Rundrohr. Preis und Lieferzeit auf Anfrage.,"<p>Zamak-Einsteckfuß für 1-1/4-Zoll Vierkant- oder Rundrohr.</p><table><tbody><tr><th>Hersteller</th><td>Kason Industries</td></tr><tr><th>Serie / Artikel</th><td>1653 Foot Insert 1-1/4&quot;</td></tr><tr><th>Maß / Ø (mm)</th><td>31,75 (1-1/4&quot;, 16/18 ga, eckig oder rund)</td></tr><tr><th>Material</th><td>Zamak Druckguss, natur oder vernickelt</td></tr><tr><th>Gewinde / Anschluss</th><td>Einsteckfuß, Sechskant- oder Flanschfuß</td></tr><tr><th>Varianten laut Hersteller</th><td>6</td></tr></tbody></table><p>Technische Angaben nach Herstellerunterlagen, ohne Gewähr. Passende Ausführung, Preis und Lieferzeit nennen wir Ihnen auf Anfrage.</p>",taxable,1,,Einschlagfüße > Vierkantrohr,,Kason Industries,Anwendung,"Arbeitstisch / Möbel, Regal / Gestell, Gastronomiegerät",1,1,Funktion,Höhenverstellung,1,1,Bauform,Einschlagfuß,1,1,Material,Zinkdruckguss,1,1,Durchmesser,"31,75 (1-1/4"" · 16/18 ga · eckig oder rund) mm",1,0,,,,,,,,,,,,,,,,,1,vergleich
simple,BF-V-05049206,"Kason Industries 1657 Foot Insert 2"" square",1,0,visible,"Zink-Druckguss-Einsatz für Vierkantrohr, edelstahlummantelter Stellfuß. Preis und Lieferzeit auf Anfrage.","<p>Zink-Druckguss-Einsatz für Vierkantrohr, edelstahlummantelter Stellfuß.</p><table><tbody><tr><th>Hersteller</th><td>Kason Industries</td></tr><tr><th>Serie / Artikel</th><td>1657 Foot Insert 2&quot; square</td></tr><tr><th>Maß / Ø (mm)</th><td>50,8x50,8 (2&quot;, 16 ga)</td></tr><tr><th>Material</th><td>Zink-Druckguss, Fuß edelstahlummantelt</td></tr><tr><th>Gewinde / Anschluss</th><td>Einsteckfuß, Sechskant/rund/Flansch</td></tr><tr><th>Verstellbereich (mm)</th><td>51 (2&quot;)</td></tr></tbody></table><p>Technische Angaben nach Herstellerunterlagen, ohne Gewähr. Passende Ausführung, Preis und Lieferzeit nennen wir Ihnen auf Anfrage.</p>",taxable,1,,Einschlagfüße > Vierkantrohr,,Kason Industries,Anwendung,"Arbeitstisch / Möbel, Regal / Gestell, Gastronomiegerät",1,1,Funktion,Höhenverstellung,1,1,Bauform,Gewindeeinsatz,1,1,Material,Edelstahl,1,1,Rohrmaß,"Vierkant 50,8 mm",1,1,Durchmesser,"50,8x50,8 (2"" · 16 ga) mm",1,0,,,,,,,,,,,,,1,vergleich
simple,BF-V-F09EC711,Kipp K0430 Gewindestopfen 30x30,1,0,visible,Gewindestopfen für Vierkantrohr zur Aufnahme von Stell- und Gelenkfüßen. Preis und Lieferzeit auf Anfrage.,"<p>Gewindestopfen für Vierkantrohr zur Aufnahme von Stell- und Gelenkfüßen.</p><table><tbody><tr><th>Hersteller</th><td>Kipp</td></tr><tr><th>Serie / Artikel</th><td>K0430 Gewindestopfen 30x30</td></tr><tr><th>Maß / Ø (mm)</th><td>30x30 (Wand 1,5-2)</td></tr><tr><th>Material</th><td>PA glasfaserverstärkt schwarz, Gewindebuchse Messing vernickelt</td></tr><tr><th>Gewinde / Anschluss</th><td>M10, M12, M14, M16</td></tr><tr><th>Traglast (N)</th><td>5000</td></tr><tr><th>Varianten laut Hersteller</th><td>8</td></tr></tbody></table><p>Technische Angaben nach Herstellerunterlagen, ohne Gewähr. Passende Ausführung, Preis und Lieferzeit nennen wir Ihnen auf Anfrage.</p>",taxable,1,,Einschlagfüße > Vierkantrohr,,Kipp,Anwendung,"Arbeitstisch / Möbel, Regal / Gestell, Gastronomiegerät",1,1,Funktion,Höhenverstellung,1,1,Bauform,Gewindeeinsatz,1,1,Material,Kunststoff,1,1,Rohrmaß,Vierkant 30 mm,1,1,Gewinde,"M10, M12, M14, M16",1,1,Traglast,5000 N,1,0,Durchmesser,"30x30 (Wand 1,5-2) mm",1,0,,,,,1,vergleich
simple,BF-V-6510EF99,Kipp K0430 Gewindestopfen 40x40,1,0,visible,Gewindestopfen für Vierkantrohr zur Aufnahme von Stell- und Gelenkfüßen. Preis und Lieferzeit auf Anfrage.,"<p>Gewindestopfen für Vierkantrohr zur Aufnahme von Stell- und Gelenkfüßen.</p><table><tbody><tr><th>Hersteller</th><td>Kipp</td></tr><tr><th>Serie / Artikel</th><td>K0430 Gewindestopfen 40x40</td></tr><tr><th>Maß / Ø (mm)</th><td>40x40 (Wand 1,5-4)</td></tr><tr><th>Material</th><td>PA glasfaserverstärkt schwarz, Gewindebuchse Messing vernickelt</td></tr><tr><th>Gewinde / Anschluss</th><td>M10, M12, M14, M16, M20</td></tr><tr><th>Traglast (N)</th><td>8000-10000</td></tr><tr><th>Varianten laut Hersteller</th><td>25</td></tr></tbody></table><p>Technische Angaben nach Herstellerunterlagen, ohne Gewähr. Passende Ausführung, Preis und Lieferzeit nennen wir Ihnen auf Anfrage.</p>",taxable,1,,Einschlagfüße > Vierkantrohr,,Kipp,Anwendung,"Arbeitstisch / Möbel, Regal / Gestell, Gastronomiegerät",1,1,Funktion,Höhenverstellung,1,1,Bauform,Gewindeeinsatz,1,1,Material,Kunststoff,1,1,Rohrmaß,Vierkant 40 mm,1,1,Gewinde,"M10, M12, M14, M16, M20",1,1,Traglast,8000-10000 N,1,0,Durchmesser,"40x40 (Wand 1,5-4) mm",1,0,,,,,1,vergleich
simple,BF-V-56C74504,Kipp K0430 Gewindestopfen 50x50,1,0,visible,Gewindestopfen für Vierkantrohr zur Aufnahme von Stell- und Gelenkfüßen. Preis und Lieferzeit auf Anfrage.,"<p>Gewindestopfen für Vierkantrohr zur Aufnahme von Stell- und Gelenkfüßen.</p><table><tbody><tr><th>Hersteller</th><td>Kipp</td></tr><tr><th>Serie / Artikel</th><td>K0430 Gewindestopfen 50x50</td></tr><tr><th>Maß / Ø (mm)</th><td>50x50 (Wand 1,5-4)</td></tr><tr><th>Material</th><td>PA glasfaserverstärkt schwarz, Gewindebuchse Messing vernickelt</td></tr><tr><th>Gewinde / Anschluss</th><td>M12, M14, M16, M20</td></tr><tr><th>Traglast (N)</th><td>8000-12000</td></tr><tr><th>Varianten laut Hersteller</th><td>20</td></tr></tbody></table><p>Technische Angaben nach Herstellerunterlagen, ohne Gewähr. Passende Ausführung, Preis und Lieferzeit nennen wir Ihnen auf Anfrage.</p>",taxable,1,,Einschlagfüße > Vierkantrohr,,Kipp,Anwendung,"Arbeitstisch / Möbel, Regal / Gestell, Gastronomiegerät",1,1,Funktion,Höhenverstellung,1,1,Bauform,Gewindeeinsatz,1,1,Material,Kunststoff,1,1,Rohrmaß,Vierkant 50 mm,1,1,Gewinde,"M12, M14, M16, M20",1,1,Traglast,8000-12000 N,1,0,Durchmesser,"50x50 (Wand 1,5-4) mm",1,0,,,,,1,vergleich
simple,BF-V-0EA495CD,Kipp K0430 Gewindestopfen 60x60,1,0,visible,Gewindestopfen für Vierkantrohr zur Aufnahme von Stell- und Gelenkfüßen. Preis und Lieferzeit auf Anfrage.,"<p>Gewindestopfen für Vierkantrohr zur Aufnahme von Stell- und Gelenkfüßen.</p><table><tbody><tr><th>Hersteller</th><td>Kipp</td></tr><tr><th>Serie / Artikel</th><td>K0430 Gewindestopfen 60x60</td></tr><tr><th>Maß / Ø (mm)</th><td>60x60 (Wand 2-4)</td></tr><tr><th>Material</th><td>PA glasfaserverstärkt schwarz, Gewindebuchse Messing vernickelt</td></tr><tr><th>Gewinde / Anschluss</th><td>M14, M16, M20</td></tr><tr><th>Traglast (N)</th><td>12000</td></tr><tr><th>Varianten laut Hersteller</th><td>9</td></tr></tbody></table><p>Technische Angaben nach Herstellerunterlagen, ohne Gewähr. Passende Ausführung, Preis und Lieferzeit nennen wir Ihnen auf Anfrage.</p>",taxable,1,,Einschlagfüße > Vierkantrohr,,Kipp,Anwendung,"Arbeitstisch / Möbel, Regal / Gestell, Gastronomiegerät",1,1,Funktion,Höhenverstellung,1,1,Bauform,Gewindeeinsatz,1,1,Material,Kunststoff,1,1,Rohrmaß,Vierkant 60 mm,1,1,Gewinde,"M14, M16, M20",1,1,Traglast,12000 N,1,0,Durchmesser,60x60 (Wand 2-4) mm,1,0,,,,,1,vergleich
simple,BF-V-010E9316,Nu-Tech Engineering A020/013 Rohrstopfen Vierkant M24,1,0,visible,Schwerlast-Gewindestopfen für Vierkantrohr mit großem Gewinde. Preis und Lieferzeit auf Anfrage.,"<p>Schwerlast-Gewindestopfen für Vierkantrohr mit großem Gewinde.</p><table><tbody><tr><th>Hersteller</th><td>Nu-Tech Engineering</td></tr><tr><th>Serie / Artikel</th><td>A020/013 Rohrstopfen Vierkant M24</td></tr><tr><th>Material</th><td>PA, Buchse Messing vernickelt</td></tr><tr><th>Gewinde / Anschluss</th><td>M24</td></tr><tr><th>Traglast (N)</th><td>11768 (1200 kg)</td></tr><tr><th>Varianten laut Hersteller</th><td>1</td></tr></tbody></table><p>Technische Angaben nach Herstellerunterlagen, ohne Gewähr. Passende Ausführung, Preis und Lieferzeit nennen wir Ihnen auf Anfrage.</p>",taxable,1,,Einschlagfüße > Vierkantrohr,,Nu-Tech Engineering,Anwendung,"Arbeitstisch / Möbel, Regal / Gestell, Gastronomiegerät",1,1,Funktion,Höhenverstellung,1,1,Bauform,Gewindeeinsatz,1,1,Material,Kunststoff,1,1,Gewinde,M24,1,1,Traglast,11768 (1200 kg) N,1,0,,,,,,,,,,,,,1,vergleich
simple,BF-V-824BAF0E,Nu-Tech Engineering A020/022 Rohrstopfen Vierkant M8,1,0,visible,Vierkant-Gewindestopfen aus Nylon mit Messingbuchse. Preis und Lieferzeit auf Anfrage.,"<p>Vierkant-Gewindestopfen aus Nylon mit Messingbuchse.</p><table><tbody><tr><th>Hersteller</th><td>Nu-Tech Engineering</td></tr><tr><th>Serie / Artikel</th><td>A020/022 Rohrstopfen Vierkant M8</td></tr><tr><th>Material</th><td>PA, Buchse Messing vernickelt</td></tr><tr><th>Gewinde / Anschluss</th><td>M8</td></tr><tr><th>Traglast (N)</th><td>4903 (500 kg)</td></tr><tr><th>Varianten laut Hersteller</th><td>1</td></tr></tbody></table><p>Technische Angaben nach Herstellerunterlagen, ohne Gewähr. Passende Ausführung, Preis und Lieferzeit nennen wir Ihnen auf Anfrage.</p>",taxable,1,,Einschlagfüße > Vierkantrohr,,Nu-Tech Engineering,Anwendung,"Arbeitstisch / Möbel, Regal / Gestell, Gastronomiegerät",1,1,Funktion,Höhenverstellung,1,1,Bauform,Gewindeeinsatz,1,1,Material,Kunststoff,1,1,Gewinde,M8,1,1,Traglast,4903 (500 kg) N,1,0,,,,,,,,,,,,,1,vergleich
simple,BF-V-20136B06,Nu-Tech Engineering A020/023 Rohrstopfen Vierkant M8,1,0,visible,"Vierkant-Gewindestopfen aus Nylon, höhere Tragkraft. Preis und Lieferzeit auf Anfrage.","<p>Vierkant-Gewindestopfen aus Nylon, höhere Tragkraft.</p><table><tbody><tr><th>Hersteller</th><td>Nu-Tech Engineering</td></tr><tr><th>Serie / Artikel</th><td>A020/023 Rohrstopfen Vierkant M8</td></tr><tr><th>Material</th><td>PA, Buchse Messing vernickelt</td></tr><tr><th>Gewinde / Anschluss</th><td>M8</td></tr><tr><th>Traglast (N)</th><td>9807 (1000 kg)</td></tr><tr><th>Varianten laut Hersteller</th><td>1</td></tr></tbody></table><p>Technische Angaben nach Herstellerunterlagen, ohne Gewähr. Passende Ausführung, Preis und Lieferzeit nennen wir Ihnen auf Anfrage.</p>",taxable,1,,Einschlagfüße > Vierkantrohr,,Nu-Tech Engineering,Anwendung,"Arbeitstisch / Möbel, Regal / Gestell, Gastronomiegerät",1,1,Funktion,Höhenverstellung,1,1,Bauform,Gewindeeinsatz,1,1,Material,Kunststoff,1,1,Gewinde,M8,1,1,Traglast,9807 (1000 kg) N,1,0,,,,,,,,,,,,,1,vergleich
simple,BF-V-FF6086C3,Nu-Tech Engineering A021/005 Rohrstopfen Vierkant Edelstahlbuchse,1,0,visible,Vierkant-Gewindestopfen mit Edelstahl-Gewindebuchse. Preis und Lieferzeit auf Anfrage.,"<p>Vierkant-Gewindestopfen mit Edelstahl-Gewindebuchse.</p><table><tbody><tr><th>Hersteller</th><td>Nu-Tech Engineering</td></tr><tr><th>Serie / Artikel</th><td>A021/005 Rohrstopfen Vierkant Edelstahlbuchse</td></tr><tr><th>Material</th><td>PA verstärkt schwarz, Buchse Edelstahl</td></tr><tr><th>Varianten laut Hersteller</th><td>1</td></tr></tbody></table><p>Technische Angaben nach Herstellerunterlagen, ohne Gewähr. Passende Ausführung, Preis und Lieferzeit nennen wir Ihnen auf Anfrage.</p>",taxable,1,,Einschlagfüße > Vierkantrohr,,Nu-Tech Engineering,Anwendung,"Arbeitstisch / Möbel, Regal / Gestell, Gastronomiegerät",1,1,Funktion,Höhenverstellung,1,1,Bauform,Gewindeeinsatz,1,1,Material,"Edelstahl, Kunststoff",1,1,,,,,,,,,,,,,,,,,,,,,1,vergleich
simple,BF-V-C2E5B1F1,RS PRO RS 235-0953 Gewindeeinsatz 40x40 M10,1,0,visible,Nylon-Gewindeeinsatz für Vierkantrohr mit Messingbuchse. Preis und Lieferzeit auf Anfrage.,"<p>Nylon-Gewindeeinsatz für Vierkantrohr mit Messingbuchse.</p><table><tbody><tr><th>Hersteller</th><td>RS PRO</td></tr><tr><th>Serie / Artikel</th><td>RS 235-0953 Gewindeeinsatz 40x40 M10</td></tr><tr><th>Maß / Ø (mm)</th><td>40x40</td></tr><tr><th>Material</th><td>PA verstärkt schwarz, Buchse Messing vernickelt</td></tr><tr><th>Gewinde / Anschluss</th><td>M10</td></tr><tr><th>Traglast (N)</th><td>9807 (1000 kg)</td></tr><tr><th>Varianten laut Hersteller</th><td>1</td></tr></tbody></table><p>Technische Angaben nach Herstellerunterlagen, ohne Gewähr. Passende Ausführung, Preis und Lieferzeit nennen wir Ihnen auf Anfrage.</p>",taxable,1,,Einschlagfüße > Vierkantrohr,,RS PRO,Anwendung,"Arbeitstisch / Möbel, Regal / Gestell, Gastronomiegerät",1,1,Funktion,Höhenverstellung,1,1,Bauform,Gewindeeinsatz,1,1,Material,Kunststoff,1,1,Rohrmaß,Vierkant 40 mm,1,1,Gewinde,M10,1,1,Traglast,9807 (1000 kg) N,1,0,Durchmesser,40x40 mm,1,0,,,,,1,vergleich
simple,BF-V-6474563D,RS PRO RS 235-1007 Rohrstopfen Vierkant,1,0,visible,"Vierkant-Gewindestopfen mit Messingbuchse, hohe statische Last. Preis und Lieferzeit auf Anfrage.","<p>Vierkant-Gewindestopfen mit Messingbuchse, hohe statische Last.</p><table><tbody><tr><th>Hersteller</th><td>RS PRO</td></tr><tr><th>Serie / Artikel</th><td>RS 235-1007 Rohrstopfen Vierkant</td></tr><tr><th>Material</th><td>PA, Buchse Messing vernickelt</td></tr><tr><th>Traglast (N)</th><td>9807 (1000 kg)</td></tr><tr><th>Varianten laut Hersteller</th><td>1</td></tr></tbody></table><p>Technische Angaben nach Herstellerunterlagen, ohne Gewähr. Passende Ausführung, Preis und Lieferzeit nennen wir Ihnen auf Anfrage.</p>",taxable,1,,Einschlagfüße > Vierkantrohr,,RS PRO,Anwendung,"Arbeitstisch / Möbel, Regal / Gestell, Gastronomiegerät",1,1,Funktion,Höhenverstellung,1,1,Bauform,Gewindeeinsatz,1,1,Material,Kunststoff,1,1,Traglast,9807 (1000 kg) N,1,0,,,,,,,,,,,,,,,,,1,vergleich
simple,BF-V-D4A89667,RS PRO RS 285-720 Rohrstopfen Vierkant M16,1,0,visible,Vierkant-Rohrstopfen mit Messing-Gewindebuchse für Stellfüße. Preis und Lieferzeit auf Anfrage.,"<p>Vierkant-Rohrstopfen mit Messing-Gewindebuchse für Stellfüße.</p><table><tbody><tr><th>Hersteller</th><td>RS PRO</td></tr><tr><th>Serie / Artikel</th><td>RS 285-720 Rohrstopfen Vierkant M16</td></tr><tr><th>Material</th><td>PA glasfaserverstärkt, Buchse Messing vernickelt</td></tr><tr><th>Gewinde / Anschluss</th><td>M16</td></tr><tr><th>Varianten laut Hersteller</th><td>1</td></tr></tbody></table><p>Technische Angaben nach Herstellerunterlagen, ohne Gewähr. Passende Ausführung, Preis und Lieferzeit nennen wir Ihnen auf Anfrage.</p>",taxable,1,,Einschlagfüße > Vierkantrohr,,RS PRO,Anwendung,"Arbeitstisch / Möbel, Regal / Gestell, Gastronomiegerät",1,1,Funktion,Höhenverstellung,1,1,Bauform,Gewindeeinsatz,1,1,Material,Kunststoff,1,1,Gewinde,M16,1,1,,,,,,,,,,,,,,,,,1,vergleich
simple,BF-V-41AA9910,RS PRO RS 285-738 Rohrstopfen Vierkant M10,1,0,visible,Vierkant-Rohrstopfen mit Gewindebuchse für Alu- und Stahlrohr. Preis und Lieferzeit auf Anfrage.,"<p>Vierkant-Rohrstopfen mit Gewindebuchse für Alu- und Stahlrohr.</p><table><tbody><tr><th>Hersteller</th><td>RS PRO</td></tr><tr><th>Serie / Artikel</th><td>RS 285-738 Rohrstopfen Vierkant M10</td></tr><tr><th>Material</th><td>PA glasfaserverstärkt, Buchse Messing vernickelt</td></tr><tr><th>Gewinde / Anschluss</th><td>M10</td></tr><tr><th>Varianten laut Hersteller</th><td>1</td></tr></tbody></table><p>Technische Angaben nach Herstellerunterlagen, ohne Gewähr. Passende Ausführung, Preis und Lieferzeit nennen wir Ihnen auf Anfrage.</p>",taxable,1,,Einschlagfüße > Vierkantrohr,,RS PRO,Anwendung,"Arbeitstisch / Möbel, Regal / Gestell, Gastronomiegerät",1,1,Funktion,Höhenverstellung,1,1,Bauform,Gewindeeinsatz,1,1,Material,Kunststoff,1,1,Gewinde,M10,1,1,,,,,,,,,,,,,,,,,1,vergleich
simple,BF-V-A37E8B73,Elesa+Ganter GN 345 M10,1,0,visible,"Kunststoffteller mit 2 Befestigungsbohrungen, Stahlspindel, Elesa LV.F. Preis und Lieferzeit auf Anfrage.","<p>Kunststoffteller mit 2 Befestigungsbohrungen, Stahlspindel, Elesa LV.F.</p><table><tbody><tr><th>Hersteller</th><td>Elesa+Ganter</td></tr><tr><th>Serie / Artikel</th><td>GN 345 M10</td></tr><tr><th>Maß / Ø (mm)</th><td>80/100</td></tr><tr><th>Material</th><td>PA glasfaserverstärkt; Stahl 5.8 verzinkt; NBR</td></tr><tr><th>Gewinde / Anschluss</th><td>M10</td></tr><tr><th>Traglast (N)</th><td>16000-18000</td></tr><tr><th>Bodenbefestigung</th><td>ja, 2 Bohrungen</td></tr></tbody></table><p>Technische Angaben nach Herstellerunterlagen, ohne Gewähr. Passende Ausführung, Preis und Lieferzeit nennen wir Ihnen auf Anfrage.</p>",taxable,1,,Füße mit Bodenbefestigung,,Elesa+Ganter,Anwendung,Maschine / Anlage,1,1,Funktion,"Höhenverstellung, Bodenbefestigung",1,1,Bauform,Stellfuß,1,1,Material,"Stahl, Kunststoff",1,1,Gewinde,M10,1,1,Bodenbefestigung,ja,1,1,Traglast,16000-18000 N,1,0,Durchmesser,80/100 mm,1,0,,,,,1,vergleich
simple,BF-V-BD21651A,Elesa+Ganter GN 345 M12,1,0,visible,"Kunststoffteller mit 2 Befestigungsbohrungen, Stahlspindel, Elesa LV.F. Preis und Lieferzeit auf Anfrage.","<p>Kunststoffteller mit 2 Befestigungsbohrungen, Stahlspindel, Elesa LV.F.</p><table><tbody><tr><th>Hersteller</th><td>Elesa+Ganter</td></tr><tr><th>Serie / Artikel</th><td>GN 345 M12</td></tr><tr><th>Maß / Ø (mm)</th><td>80/100</td></tr><tr><th>Material</th><td>PA glasfaserverstärkt; Stahl 5.8 verzinkt; NBR</td></tr><tr><th>Gewinde / Anschluss</th><td>M12</td></tr><tr><th>Traglast (N)</th><td>16000-18000</td></tr><tr><th>Bodenbefestigung</th><td>ja, 2 Bohrungen</td></tr></tbody></table><p>Technische Angaben nach Herstellerunterlagen, ohne Gewähr. Passende Ausführung, Preis und Lieferzeit nennen wir Ihnen auf Anfrage.</p>",taxable,1,,Füße mit Bodenbefestigung,,Elesa+Ganter,Anwendung,Maschine / Anlage,1,1,Funktion,"Höhenverstellung, Bodenbefestigung",1,1,Bauform,Stellfuß,1,1,Material,"Stahl, Kunststoff",1,1,Gewinde,M12,1,1,Bodenbefestigung,ja,1,1,Traglast,16000-18000 N,1,0,Durchmesser,80/100 mm,1,0,,,,,1,vergleich
simple,BF-V-CD69B523,Elesa+Ganter GN 345 M14,1,0,visible,"Kunststoffteller mit 2 Befestigungsbohrungen, Stahlspindel, Elesa LV.F. Preis und Lieferzeit auf Anfrage.","<p>Kunststoffteller mit 2 Befestigungsbohrungen, Stahlspindel, Elesa LV.F.</p><table><tbody><tr><th>Hersteller</th><td>Elesa+Ganter</td></tr><tr><th>Serie / Artikel</th><td>GN 345 M14</td></tr><tr><th>Maß / Ø (mm)</th><td>80/100</td></tr><tr><th>Material</th><td>PA glasfaserverstärkt; Stahl 5.8 verzinkt; NBR</td></tr><tr><th>Gewinde / Anschluss</th><td>M14</td></tr><tr><th>Traglast (N)</th><td>16000-18000</td></tr><tr><th>Bodenbefestigung</th><td>ja, 2 Bohrungen</td></tr></tbody></table><p>Technische Angaben nach Herstellerunterlagen, ohne Gewähr. Passende Ausführung, Preis und Lieferzeit nennen wir Ihnen auf Anfrage.</p>",taxable,1,,Füße mit Bodenbefestigung,,Elesa+Ganter,Anwendung,Maschine / Anlage,1,1,Funktion,"Höhenverstellung, Bodenbefestigung",1,1,Bauform,Stellfuß,1,1,Material,"Stahl, Kunststoff",1,1,Gewinde,M14,1,1,Bodenbefestigung,ja,1,1,Traglast,16000-18000 N,1,0,Durchmesser,80/100 mm,1,0,,,,,1,vergleich
simple,BF-V-5C9CEF9F,Elesa+Ganter GN 345 M16,1,0,visible,"Kunststoffteller mit 2 Befestigungsbohrungen, Stahlspindel, Elesa LV.F. Preis und Lieferzeit auf Anfrage.","<p>Kunststoffteller mit 2 Befestigungsbohrungen, Stahlspindel, Elesa LV.F.</p><table><tbody><tr><th>Hersteller</th><td>Elesa+Ganter</td></tr><tr><th>Serie / Artikel</th><td>GN 345 M16</td></tr><tr><th>Maß / Ø (mm)</th><td>80/100/125</td></tr><tr><th>Material</th><td>PA glasfaserverstärkt; Stahl 5.8 verzinkt; NBR</td></tr><tr><th>Gewinde / Anschluss</th><td>M16</td></tr><tr><th>Traglast (N)</th><td>16000-28000</td></tr><tr><th>Bodenbefestigung</th><td>ja, 2 Bohrungen</td></tr></tbody></table><p>Technische Angaben nach Herstellerunterlagen, ohne Gewähr. Passende Ausführung, Preis und Lieferzeit nennen wir Ihnen auf Anfrage.</p>",taxable,1,,Füße mit Bodenbefestigung,,Elesa+Ganter,Anwendung,Maschine / Anlage,1,1,Funktion,"Höhenverstellung, Bodenbefestigung",1,1,Bauform,Stellfuß,1,1,Material,"Stahl, Kunststoff",1,1,Gewinde,M16,1,1,Bodenbefestigung,ja,1,1,Traglast,16000-28000 N,1,0,Durchmesser,80/100/125 mm,1,0,,,,,1,vergleich
simple,BF-V-185A2C70,Elesa+Ganter GN 345 M20,1,0,visible,"Kunststoffteller mit 2 Befestigungsbohrungen, Stahlspindel, Elesa LV.F. Preis und Lieferzeit auf Anfrage.","<p>Kunststoffteller mit 2 Befestigungsbohrungen, Stahlspindel, Elesa LV.F.</p><table><tbody><tr><th>Hersteller</th><td>Elesa+Ganter</td></tr><tr><th>Serie / Artikel</th><td>GN 345 M20</td></tr><tr><th>Maß / Ø (mm)</th><td>80/100/125</td></tr><tr><th>Material</th><td>PA glasfaserverstärkt; Stahl 5.8 verzinkt; NBR</td></tr><tr><th>Gewinde / Anschluss</th><td>M20</td></tr><tr><th>Traglast (N)</th><td>18000-28000</td></tr><tr><th>Bodenbefestigung</th><td>ja, 2 Bohrungen</td></tr></tbody></table><p>Technische Angaben nach Herstellerunterlagen, ohne Gewähr. Passende Ausführung, Preis und Lieferzeit nennen wir Ihnen auf Anfrage.</p>",taxable,1,,Füße mit Bodenbefestigung,,Elesa+Ganter,Anwendung,Maschine / Anlage,1,1,Funktion,"Höhenverstellung, Bodenbefestigung",1,1,Bauform,Stellfuß,1,1,Material,"Stahl, Kunststoff",1,1,Gewinde,M20,1,1,Bodenbefestigung,ja,1,1,Traglast,18000-28000 N,1,0,Durchmesser,80/100/125 mm,1,0,,,,,1,vergleich
simple,BF-V-B2257A74,Elesa+Ganter GN 345 M24,1,0,visible,"Kunststoffteller mit 2 Befestigungsbohrungen, Stahlspindel, Elesa LV.F. Preis und Lieferzeit auf Anfrage.","<p>Kunststoffteller mit 2 Befestigungsbohrungen, Stahlspindel, Elesa LV.F.</p><table><tbody><tr><th>Hersteller</th><td>Elesa+Ganter</td></tr><tr><th>Serie / Artikel</th><td>GN 345 M24</td></tr><tr><th>Maß / Ø (mm)</th><td>80/100/125</td></tr><tr><th>Material</th><td>PA glasfaserverstärkt; Stahl 5.8 verzinkt; NBR</td></tr><tr><th>Gewinde / Anschluss</th><td>M24</td></tr><tr><th>Traglast (N)</th><td>18000-28000</td></tr><tr><th>Bodenbefestigung</th><td>ja, 2 Bohrungen</td></tr></tbody></table><p>Technische Angaben nach Herstellerunterlagen, ohne Gewähr. Passende Ausführung, Preis und Lieferzeit nennen wir Ihnen auf Anfrage.</p>",taxable,1,,Füße mit Bodenbefestigung,,Elesa+Ganter,Anwendung,Maschine / Anlage,1,1,Funktion,"Höhenverstellung, Bodenbefestigung",1,1,Bauform,Stellfuß,1,1,Material,"Stahl, Kunststoff",1,1,Gewinde,M24,1,1,Bodenbefestigung,ja,1,1,Traglast,18000-28000 N,1,0,Durchmesser,80/100/125 mm,1,0,,,,,1,vergleich
simple,BF-V-2B60979E,Elesa+Ganter GN 345 M8,1,0,visible,"Kunststoffteller mit 2 Befestigungsbohrungen, Stahlspindel, Elesa LV.F. Preis und Lieferzeit auf Anfrage.","<p>Kunststoffteller mit 2 Befestigungsbohrungen, Stahlspindel, Elesa LV.F.</p><table><tbody><tr><th>Hersteller</th><td>Elesa+Ganter</td></tr><tr><th>Serie / Artikel</th><td>GN 345 M8</td></tr><tr><th>Maß / Ø (mm)</th><td>80/100</td></tr><tr><th>Material</th><td>PA glasfaserverstärkt; Stahl 5.8 verzinkt; NBR</td></tr><tr><th>Gewinde / Anschluss</th><td>M8</td></tr><tr><th>Traglast (N)</th><td>16000-18000</td></tr><tr><th>Bodenbefestigung</th><td>ja, 2 Bohrungen</td></tr></tbody></table><p>Technische Angaben nach Herstellerunterlagen, ohne Gewähr. Passende Ausführung, Preis und Lieferzeit nennen wir Ihnen auf Anfrage.</p>",taxable,1,,Füße mit Bodenbefestigung,,Elesa+Ganter,Anwendung,Maschine / Anlage,1,1,Funktion,"Höhenverstellung, Bodenbefestigung",1,1,Bauform,Stellfuß,1,1,Material,"Stahl, Kunststoff",1,1,Gewinde,M8,1,1,Bodenbefestigung,ja,1,1,Traglast,16000-18000 N,1,0,Durchmesser,80/100 mm,1,0,,,,,1,vergleich
simple,BF-V-A9E4957E,"Elesa+Ganter GN 37 M20x1,5",1,0,visible,"Schwerer Maschinenfuß mit zentraler Bodenbefestigungsbohrung, optional NBR. Preis und Lieferzeit auf Anfrage.","<p>Schwerer Maschinenfuß mit zentraler Bodenbefestigungsbohrung, optional NBR.</p><table><tbody><tr><th>Hersteller</th><td>Elesa+Ganter</td></tr><tr><th>Serie / Artikel</th><td>GN 37 M20x1,5</td></tr><tr><th>Maß / Ø (mm)</th><td>80</td></tr><tr><th>Material</th><td>Stahl kunststoffbeschichtet schwarz; Spindel verzinkt; NBR</td></tr><tr><th>Gewinde / Anschluss</th><td>M20x1,5</td></tr><tr><th>Traglast (N)</th><td>40000 (Form B 20000)</td></tr><tr><th>Bodenbefestigung</th><td>ja, zentrale Bohrung</td></tr><tr><th>Varianten laut Hersteller</th><td>3</td></tr></tbody></table><p>Technische Angaben nach Herstellerunterlagen, ohne Gewähr. Passende Ausführung, Preis und Lieferzeit nennen wir Ihnen auf Anfrage.</p>",taxable,1,,Füße mit Bodenbefestigung,,Elesa+Ganter,Anwendung,Maschine / Anlage,1,1,Funktion,"Höhenverstellung, Bodenbefestigung, Hohe Traglast",1,1,Bauform,Stellfuß,1,1,Material,Stahl,1,1,Gewinde,M20,1,1,Bodenbefestigung,ja,1,1,Traglast,40000 (Form B 20000) N,1,0,Durchmesser,80 mm,1,0,,,,,1,vergleich
simple,BF-V-1112C997,Elesa+Ganter GN 37 M24x2,1,0,visible,"Schwerer Maschinenfuß mit zentraler Bodenbefestigungsbohrung, optional NBR. Preis und Lieferzeit auf Anfrage.","<p>Schwerer Maschinenfuß mit zentraler Bodenbefestigungsbohrung, optional NBR.</p><table><tbody><tr><th>Hersteller</th><td>Elesa+Ganter</td></tr><tr><th>Serie / Artikel</th><td>GN 37 M24x2</td></tr><tr><th>Maß / Ø (mm)</th><td>100</td></tr><tr><th>Material</th><td>Stahl kunststoffbeschichtet schwarz; Spindel verzinkt; NBR</td></tr><tr><th>Gewinde / Anschluss</th><td>M24x2</td></tr><tr><th>Traglast (N)</th><td>50000 (Form B 30000)</td></tr><tr><th>Bodenbefestigung</th><td>ja, zentrale Bohrung</td></tr><tr><th>Varianten laut Hersteller</th><td>3</td></tr></tbody></table><p>Technische Angaben nach Herstellerunterlagen, ohne Gewähr. Passende Ausführung, Preis und Lieferzeit nennen wir Ihnen auf Anfrage.</p>",taxable,1,,Füße mit Bodenbefestigung,,Elesa+Ganter,Anwendung,Maschine / Anlage,1,1,Funktion,"Höhenverstellung, Bodenbefestigung, Hohe Traglast",1,1,Bauform,Stellfuß,1,1,Material,Stahl,1,1,Gewinde,M24,1,1,Bodenbefestigung,ja,1,1,Traglast,50000 (Form B 30000) N,1,0,Durchmesser,100 mm,1,0,,,,,1,vergleich
simple,BF-V-22625A7B,Elesa+Ganter GN 445 M10,1,0,visible,"Kunststoffteller mit Befestigungsbohrungen, Stahlspindel, Elesa LV.FO. Preis und Lieferzeit auf Anfrage.","<p>Kunststoffteller mit Befestigungsbohrungen, Stahlspindel, Elesa LV.FO.</p><table><tbody><tr><th>Hersteller</th><td>Elesa+Ganter</td></tr><tr><th>Serie / Artikel</th><td>GN 445 M10</td></tr><tr><th>Maß / Ø (mm)</th><td>60/80</td></tr><tr><th>Material</th><td>PA glasfaserverstärkt; Stahl 5.8 verzinkt; NBR</td></tr><tr><th>Gewinde / Anschluss</th><td>M10</td></tr><tr><th>Traglast (N)</th><td>14000-16000</td></tr><tr><th>Bodenbefestigung</th><td>ja, Bohrungen</td></tr><tr><th>Varianten laut Hersteller</th><td>24</td></tr></tbody></table><p>Technische Angaben nach Herstellerunterlagen, ohne Gewähr. Passende Ausführung, Preis und Lieferzeit nennen wir Ihnen auf Anfrage.</p>",taxable,1,,Füße mit Bodenbefestigung,,Elesa+Ganter,Anwendung,Maschine / Anlage,1,1,Funktion,"Höhenverstellung, Bodenbefestigung",1,1,Bauform,Stellfuß,1,1,Material,"Stahl, Kunststoff",1,1,Gewinde,M10,1,1,Bodenbefestigung,ja,1,1,Traglast,14000-16000 N,1,0,Durchmesser,60/80 mm,1,0,,,,,1,vergleich
simple,BF-V-4C22478D,Elesa+Ganter GN 445 M12,1,0,visible,"Kunststoffteller mit Befestigungsbohrungen, Stahlspindel, Elesa LV.FO. Preis und Lieferzeit auf Anfrage.","<p>Kunststoffteller mit Befestigungsbohrungen, Stahlspindel, Elesa LV.FO.</p><table><tbody><tr><th>Hersteller</th><td>Elesa+Ganter</td></tr><tr><th>Serie / Artikel</th><td>GN 445 M12</td></tr><tr><th>Maß / Ø (mm)</th><td>60/80</td></tr><tr><th>Material</th><td>PA glasfaserverstärkt; Stahl 5.8 verzinkt; NBR</td></tr><tr><th>Gewinde / Anschluss</th><td>M12</td></tr><tr><th>Traglast (N)</th><td>14000-16000</td></tr><tr><th>Bodenbefestigung</th><td>ja, Bohrungen</td></tr><tr><th>Varianten laut Hersteller</th><td>24</td></tr></tbody></table><p>Technische Angaben nach Herstellerunterlagen, ohne Gewähr. Passende Ausführung, Preis und Lieferzeit nennen wir Ihnen auf Anfrage.</p>",taxable,1,,Füße mit Bodenbefestigung,,Elesa+Ganter,Anwendung,Maschine / Anlage,1,1,Funktion,"Höhenverstellung, Bodenbefestigung",1,1,Bauform,Stellfuß,1,1,Material,"Stahl, Kunststoff",1,1,Gewinde,M12,1,1,Bodenbefestigung,ja,1,1,Traglast,14000-16000 N,1,0,Durchmesser,60/80 mm,1,0,,,,,1,vergleich
simple,BF-V-8F383257,Elesa+Ganter GN 445 M14,1,0,visible,"Kunststoffteller mit Befestigungsbohrungen, Stahlspindel, Elesa LV.FO. Preis und Lieferzeit auf Anfrage.","<p>Kunststoffteller mit Befestigungsbohrungen, Stahlspindel, Elesa LV.FO.</p><table><tbody><tr><th>Hersteller</th><td>Elesa+Ganter</td></tr><tr><th>Serie / Artikel</th><td>GN 445 M14</td></tr><tr><th>Maß / Ø (mm)</th><td>60/80</td></tr><tr><th>Material</th><td>PA glasfaserverstärkt; Stahl 5.8 verzinkt; NBR</td></tr><tr><th>Gewinde / Anschluss</th><td>M14</td></tr><tr><th>Traglast (N)</th><td>14000-16000</td></tr><tr><th>Bodenbefestigung</th><td>ja, Bohrungen</td></tr><tr><th>Varianten laut Hersteller</th><td>24</td></tr></tbody></table><p>Technische Angaben nach Herstellerunterlagen, ohne Gewähr. Passende Ausführung, Preis und Lieferzeit nennen wir Ihnen auf Anfrage.</p>",taxable,1,,Füße mit Bodenbefestigung,,Elesa+Ganter,Anwendung,Maschine / Anlage,1,1,Funktion,"Höhenverstellung, Bodenbefestigung",1,1,Bauform,Stellfuß,1,1,Material,"Stahl, Kunststoff",1,1,Gewinde,M14,1,1,Bodenbefestigung,ja,1,1,Traglast,14000-16000 N,1,0,Durchmesser,60/80 mm,1,0,,,,,1,vergleich
simple,BF-V-552E970B,Elesa+Ganter GN 445 M16,1,0,visible,"Kunststoffteller mit Befestigungsbohrungen, Stahlspindel, Elesa LV.FO. Preis und Lieferzeit auf Anfrage.","<p>Kunststoffteller mit Befestigungsbohrungen, Stahlspindel, Elesa LV.FO.</p><table><tbody><tr><th>Hersteller</th><td>Elesa+Ganter</td></tr><tr><th>Serie / Artikel</th><td>GN 445 M16</td></tr><tr><th>Maß / Ø (mm)</th><td>60/80</td></tr><tr><th>Material</th><td>PA glasfaserverstärkt; Stahl 5.8 verzinkt; NBR</td></tr><tr><th>Gewinde / Anschluss</th><td>M16</td></tr><tr><th>Traglast (N)</th><td>14000-16000</td></tr><tr><th>Bodenbefestigung</th><td>ja, Bohrungen</td></tr><tr><th>Varianten laut Hersteller</th><td>32</td></tr></tbody></table><p>Technische Angaben nach Herstellerunterlagen, ohne Gewähr. Passende Ausführung, Preis und Lieferzeit nennen wir Ihnen auf Anfrage.</p>",taxable,1,,Füße mit Bodenbefestigung,,Elesa+Ganter,Anwendung,Maschine / Anlage,1,1,Funktion,"Höhenverstellung, Bodenbefestigung",1,1,Bauform,Stellfuß,1,1,Material,"Stahl, Kunststoff",1,1,Gewinde,M16,1,1,Bodenbefestigung,ja,1,1,Traglast,14000-16000 N,1,0,Durchmesser,60/80 mm,1,0,,,,,1,vergleich
simple,BF-V-C5860EC6,Elesa+Ganter GN 445 M8,1,0,visible,"Kunststoffteller mit Befestigungsbohrungen, Stahlspindel, Elesa LV.FO. Preis und Lieferzeit auf Anfrage.","<p>Kunststoffteller mit Befestigungsbohrungen, Stahlspindel, Elesa LV.FO.</p><table><tbody><tr><th>Hersteller</th><td>Elesa+Ganter</td></tr><tr><th>Serie / Artikel</th><td>GN 445 M8</td></tr><tr><th>Maß / Ø (mm)</th><td>60/80</td></tr><tr><th>Material</th><td>PA glasfaserverstärkt; Stahl 5.8 verzinkt; NBR</td></tr><tr><th>Gewinde / Anschluss</th><td>M8</td></tr><tr><th>Traglast (N)</th><td>14000-16000</td></tr><tr><th>Bodenbefestigung</th><td>ja, Bohrungen</td></tr><tr><th>Varianten laut Hersteller</th><td>16</td></tr></tbody></table><p>Technische Angaben nach Herstellerunterlagen, ohne Gewähr. Passende Ausführung, Preis und Lieferzeit nennen wir Ihnen auf Anfrage.</p>",taxable,1,,Füße mit Bodenbefestigung,,Elesa+Ganter,Anwendung,Maschine / Anlage,1,1,Funktion,"Höhenverstellung, Bodenbefestigung",1,1,Bauform,Stellfuß,1,1,Material,"Stahl, Kunststoff",1,1,Gewinde,M8,1,1,Bodenbefestigung,ja,1,1,Traglast,14000-16000 N,1,0,Durchmesser,60/80 mm,1,0,,,,,1,vergleich
simple,BF-V-2D66D859,Essentra Components Levelling Feet Bolt Down/Low Profile M10,1,0,visible,"Flacher Metall-Gelenkfuß zum Verschrauben, Bolzen oder Gewindebuchse. Preis und Lieferzeit auf Anfrage.","<p>Flacher Metall-Gelenkfuß zum Verschrauben, Bolzen oder Gewindebuchse.</p><table><tbody><tr><th>Hersteller</th><td>Essentra Components</td></tr><tr><th>Serie / Artikel</th><td>Levelling Feet Bolt Down/Low Profile M10</td></tr><tr><th>Maß / Ø (mm)</th><td>38/50</td></tr><tr><th>Material</th><td>Metall (Gelenkteller)</td></tr><tr><th>Gewinde / Anschluss</th><td>M10</td></tr><tr><th>Traglast (N)</th><td>5000-6000 (500-600 kg)</td></tr><tr><th>Bodenbefestigung</th><td>ja (Bolt Down)</td></tr><tr><th>Varianten laut Hersteller</th><td>2</td></tr></tbody></table><p>Technische Angaben nach Herstellerunterlagen, ohne Gewähr. Passende Ausführung, Preis und Lieferzeit nennen wir Ihnen auf Anfrage.</p>",taxable,1,,Füße mit Bodenbefestigung,,Essentra Components,Anwendung,Maschine / Anlage,1,1,Funktion,"Höhenverstellung, Bodenbefestigung",1,1,Bauform,Stellfuß,1,1,Gewinde,M10,1,1,Bodenbefestigung,ja,1,1,Traglast,5000-6000 (500-600 kg) N,1,0,Durchmesser,38/50 mm,1,0,,,,,,,,,1,vergleich
simple,BF-V-4E299D3C,Essentra Components Levelling Feet Bolt Down/Low Profile M12,1,0,visible,"Flacher Metall-Gelenkfuß zum Verschrauben, Bolzen oder Gewindebuchse. Preis und Lieferzeit auf Anfrage.","<p>Flacher Metall-Gelenkfuß zum Verschrauben, Bolzen oder Gewindebuchse.</p><table><tbody><tr><th>Hersteller</th><td>Essentra Components</td></tr><tr><th>Serie / Artikel</th><td>Levelling Feet Bolt Down/Low Profile M12</td></tr><tr><th>Maß / Ø (mm)</th><td>55/60</td></tr><tr><th>Material</th><td>Metall (Gelenkteller)</td></tr><tr><th>Gewinde / Anschluss</th><td>M12</td></tr><tr><th>Traglast (N)</th><td>12500-15000 (1250-1500 kg)</td></tr><tr><th>Bodenbefestigung</th><td>ja (Bolt Down)</td></tr><tr><th>Varianten laut Hersteller</th><td>4</td></tr></tbody></table><p>Technische Angaben nach Herstellerunterlagen, ohne Gewähr. Passende Ausführung, Preis und Lieferzeit nennen wir Ihnen auf Anfrage.</p>",taxable,1,,Füße mit Bodenbefestigung,,Essentra Components,Anwendung,Maschine / Anlage,1,1,Funktion,"Höhenverstellung, Bodenbefestigung",1,1,Bauform,Stellfuß,1,1,Gewinde,M12,1,1,Bodenbefestigung,ja,1,1,Traglast,12500-15000 (1250-1500 kg) N,1,0,Durchmesser,55/60 mm,1,0,,,,,,,,,1,vergleich
simple,BF-V-5509D23E,Essentra Components Levelling Feet Bolt Down/Low Profile M16,1,0,visible,"Flacher Metall-Gelenkfuß zum Verschrauben, Bolzen oder Gewindebuchse. Preis und Lieferzeit auf Anfrage.","<p>Flacher Metall-Gelenkfuß zum Verschrauben, Bolzen oder Gewindebuchse.</p><table><tbody><tr><th>Hersteller</th><td>Essentra Components</td></tr><tr><th>Serie / Artikel</th><td>Levelling Feet Bolt Down/Low Profile M16</td></tr><tr><th>Maß / Ø (mm)</th><td>70/80</td></tr><tr><th>Material</th><td>Metall (Gelenkteller)</td></tr><tr><th>Gewinde / Anschluss</th><td>M16</td></tr><tr><th>Traglast (N)</th><td>17500-20000 (1750-2000 kg)</td></tr><tr><th>Bodenbefestigung</th><td>ja (Bolt Down)</td></tr><tr><th>Varianten laut Hersteller</th><td>5</td></tr></tbody></table><p>Technische Angaben nach Herstellerunterlagen, ohne Gewähr. Passende Ausführung, Preis und Lieferzeit nennen wir Ihnen auf Anfrage.</p>",taxable,1,,Füße mit Bodenbefestigung,,Essentra Components,Anwendung,Maschine / Anlage,1,1,Funktion,"Höhenverstellung, Bodenbefestigung",1,1,Bauform,Stellfuß,1,1,Gewinde,M16,1,1,Bodenbefestigung,ja,1,1,Traglast,17500-20000 (1750-2000 kg) N,1,0,Durchmesser,70/80 mm,1,0,,,,,,,,,1,vergleich
simple,BF-V-E3B1CE9A,Essentra Components Levelling Feet Bolt Down/Low Profile M20,1,0,visible,"Flacher Metall-Gelenkfuß zum Verschrauben, Bolzen oder Gewindebuchse. Preis und Lieferzeit auf Anfrage.","<p>Flacher Metall-Gelenkfuß zum Verschrauben, Bolzen oder Gewindebuchse.</p><table><tbody><tr><th>Hersteller</th><td>Essentra Components</td></tr><tr><th>Serie / Artikel</th><td>Levelling Feet Bolt Down/Low Profile M20</td></tr><tr><th>Maß / Ø (mm)</th><td>100</td></tr><tr><th>Material</th><td>Metall (Gelenkteller)</td></tr><tr><th>Gewinde / Anschluss</th><td>M20</td></tr><tr><th>Traglast (N)</th><td>25000-30000 (2500-3000 kg)</td></tr><tr><th>Bodenbefestigung</th><td>ja (Bolt Down)</td></tr><tr><th>Varianten laut Hersteller</th><td>3</td></tr></tbody></table><p>Technische Angaben nach Herstellerunterlagen, ohne Gewähr. Passende Ausführung, Preis und Lieferzeit nennen wir Ihnen auf Anfrage.</p>",taxable,1,,Füße mit Bodenbefestigung,,Essentra Components,Anwendung,Maschine / Anlage,1,1,Funktion,"Höhenverstellung, Bodenbefestigung, Hohe Traglast",1,1,Bauform,Stellfuß,1,1,Gewinde,M20,1,1,Bodenbefestigung,ja,1,1,Traglast,25000-30000 (2500-3000 kg) N,1,0,Durchmesser,100 mm,1,0,,,,,,,,,1,vergleich
simple,BF-V-F49FFCDB,Essentra Components Levelling Feet Bolt Down/Low Profile M8,1,0,visible,"Flacher Metall-Gelenkfuß zum Verschrauben, Bolzen oder Gewindebuchse. Preis und Lieferzeit auf Anfrage.","<p>Flacher Metall-Gelenkfuß zum Verschrauben, Bolzen oder Gewindebuchse.</p><table><tbody><tr><th>Hersteller</th><td>Essentra Components</td></tr><tr><th>Serie / Artikel</th><td>Levelling Feet Bolt Down/Low Profile M8</td></tr><tr><th>Maß / Ø (mm)</th><td>38/50</td></tr><tr><th>Material</th><td>Metall (Gelenkteller)</td></tr><tr><th>Gewinde / Anschluss</th><td>M8</td></tr><tr><th>Traglast (N)</th><td>3000-4500 (300-450 kg)</td></tr><tr><th>Bodenbefestigung</th><td>ja (Bolt Down)</td></tr><tr><th>Varianten laut Hersteller</th><td>2</td></tr></tbody></table><p>Technische Angaben nach Herstellerunterlagen, ohne Gewähr. Passende Ausführung, Preis und Lieferzeit nennen wir Ihnen auf Anfrage.</p>",taxable,1,,Füße mit Bodenbefestigung,,Essentra Components,Anwendung,Maschine / Anlage,1,1,Funktion,"Höhenverstellung, Bodenbefestigung",1,1,Bauform,Stellfuß,1,1,Gewinde,M8,1,1,Bodenbefestigung,ja,1,1,Traglast,3000-4500 (300-450 kg) N,1,0,Durchmesser,38/50 mm,1,0,,,,,,,,,1,vergleich
simple,BF-V-D497CA83,Martin Levelling Pressstahl oval Ø65 M12x100 mit Bohrungen (Typ 45815768),1,0,visible,"Ovaler Pressstahlteller mit 2 Bohrungen, Gelenkspindel 8°. Preis und Lieferzeit auf Anfrage.","<p>Ovaler Pressstahlteller mit 2 Bohrungen, Gelenkspindel 8°.</p><table><tbody><tr><th>Hersteller</th><td>Martin Levelling</td></tr><tr><th>Serie / Artikel</th><td>Pressstahl oval Ø65 M12x100 mit Bohrungen (Typ 45815768)</td></tr><tr><th>Maß / Ø (mm)</th><td>65 (oval)</td></tr><tr><th>Material</th><td>Pressstahl verzinkt; Spindel Stahl</td></tr><tr><th>Gewinde / Anschluss</th><td>M12</td></tr><tr><th>Traglast (N)</th><td>20000</td></tr><tr><th>Gelenkwinkel (°)</th><td>8</td></tr><tr><th>Bodenbefestigung</th><td>ja, 2 Bohrungen Ø12,5</td></tr><tr><th>Varianten laut Hersteller</th><td>1</td></tr></tbody></table><p>Technische Angaben nach Herstellerunterlagen, ohne Gewähr. Passende Ausführung, Preis und Lieferzeit nennen wir Ihnen auf Anfrage.</p>",taxable,1,,Füße mit Bodenbefestigung,,Martin Levelling,Anwendung,Maschine / Anlage,1,1,Funktion,"Höhenverstellung, Bodenbefestigung, Hohe Traglast",1,1,Bauform,Stellfuß,1,1,Material,Stahl,1,1,Gewinde,M12,1,1,Bodenbefestigung,ja,1,1,Traglast,20000 N,1,0,Durchmesser,65 (oval) mm,1,0,,,,,1,vergleich
simple,BF-V-52A8EA2C,"Martin Levelling Pressstahl oval Ø65 M12x150 Mutter, Bohrungen, NBR (Typ 45815770/G)",1,0,visible,"Ovaler Pressstahlteller mit Bohrungen und NBR-Auflage, 8° Gelenk. Preis und Lieferzeit auf Anfrage.","<p>Ovaler Pressstahlteller mit Bohrungen und NBR-Auflage, 8° Gelenk.</p><table><tbody><tr><th>Hersteller</th><td>Martin Levelling</td></tr><tr><th>Serie / Artikel</th><td>Pressstahl oval Ø65 M12x150 Mutter, Bohrungen, NBR (Typ 45815770/G)</td></tr><tr><th>Maß / Ø (mm)</th><td>65 (oval)</td></tr><tr><th>Material</th><td>Pressstahl verzinkt; Stahl; NBR</td></tr><tr><th>Gewinde / Anschluss</th><td>M12</td></tr><tr><th>Traglast (N)</th><td>15000</td></tr><tr><th>Gelenkwinkel (°)</th><td>8</td></tr><tr><th>Bodenbefestigung</th><td>ja, Bohrungen Ø12,5</td></tr><tr><th>Varianten laut Hersteller</th><td>1</td></tr></tbody></table><p>Technische Angaben nach Herstellerunterlagen, ohne Gewähr. Passende Ausführung, Preis und Lieferzeit nennen wir Ihnen auf Anfrage.</p>",taxable,1,,Füße mit Bodenbefestigung,,Martin Levelling,Anwendung,Maschine / Anlage,1,1,Funktion,"Höhenverstellung, Bodenbefestigung",1,1,Bauform,Stellfuß,1,1,Material,Stahl,1,1,Gewinde,M12,1,1,Bodenbefestigung,ja,1,1,Traglast,15000 N,1,0,Durchmesser,65 (oval) mm,1,0,,,,,1,vergleich
simple,BF-V-F65DB51E,Blohm B0375 M10,1,0,visible,"Stahl-Gelenkfuß, Teller lackiert, optional NBR-Rutschschutz. Preis und Lieferzeit auf Anfrage.","<p>Stahl-Gelenkfuß, Teller lackiert, optional NBR-Rutschschutz.</p><table><tbody><tr><th>Hersteller</th><td>Blohm</td></tr><tr><th>Serie / Artikel</th><td>B0375 M10</td></tr><tr><th>Maß / Ø (mm)</th><td>50</td></tr><tr><th>Material</th><td>Stahl gelb lackiert; Spindel verzinkt; NBR 70 Shore</td></tr><tr><th>Gewinde / Anschluss</th><td>M10</td></tr><tr><th>Traglast (N)</th><td>15000</td></tr><tr><th>Gelenkwinkel (°)</th><td>30</td></tr><tr><th>Varianten laut Hersteller</th><td>10</td></tr></tbody></table><p>Technische Angaben nach Herstellerunterlagen, ohne Gewähr. Passende Ausführung, Preis und Lieferzeit nennen wir Ihnen auf Anfrage.</p>",taxable,1,,Gelenkfüße,,Blohm,Anwendung,"Maschine / Anlage, Fördertechnik, Schaltschrank / Gehäuse",1,1,Funktion,Höhenverstellung,1,1,Bauform,Gelenkfuß,1,1,Material,Stahl,1,1,Gewinde,M10,1,1,Traglast,15000 N,1,0,Durchmesser,50 mm,1,0,,,,,,,,,1,vergleich
simple,BF-V-B8214EC0,Blohm B0375 M12,1,0,visible,"Stahl-Gelenkfuß, Teller lackiert, optional NBR-Rutschschutz. Preis und Lieferzeit auf Anfrage.","<p>Stahl-Gelenkfuß, Teller lackiert, optional NBR-Rutschschutz.</p><table><tbody><tr><th>Hersteller</th><td>Blohm</td></tr><tr><th>Serie / Artikel</th><td>B0375 M12</td></tr><tr><th>Maß / Ø (mm)</th><td>50</td></tr><tr><th>Material</th><td>Stahl gelb lackiert; Spindel verzinkt; NBR 70 Shore</td></tr><tr><th>Gewinde / Anschluss</th><td>M12</td></tr><tr><th>Traglast (N)</th><td>15000</td></tr><tr><th>Gelenkwinkel (°)</th><td>30</td></tr><tr><th>Varianten laut Hersteller</th><td>10</td></tr></tbody></table><p>Technische Angaben nach Herstellerunterlagen, ohne Gewähr. Passende Ausführung, Preis und Lieferzeit nennen wir Ihnen auf Anfrage.</p>",taxable,1,,Gelenkfüße,,Blohm,Anwendung,"Maschine / Anlage, Fördertechnik, Schaltschrank / Gehäuse",1,1,Funktion,Höhenverstellung,1,1,Bauform,Gelenkfuß,1,1,Material,Stahl,1,1,Gewinde,M12,1,1,Traglast,15000 N,1,0,Durchmesser,50 mm,1,0,,,,,,,,,1,vergleich
simple,BF-V-C9F0E492,Blohm B0375 M14,1,0,visible,"Stahl-Gelenkfuß, Teller lackiert, optional NBR-Rutschschutz. Preis und Lieferzeit auf Anfrage.","<p>Stahl-Gelenkfuß, Teller lackiert, optional NBR-Rutschschutz.</p><table><tbody><tr><th>Hersteller</th><td>Blohm</td></tr><tr><th>Serie / Artikel</th><td>B0375 M14</td></tr><tr><th>Maß / Ø (mm)</th><td>50/65</td></tr><tr><th>Material</th><td>Stahl gelb lackiert; Spindel verzinkt; NBR 70 Shore</td></tr><tr><th>Gewinde / Anschluss</th><td>M14</td></tr><tr><th>Traglast (N)</th><td>15000-20000</td></tr><tr><th>Gelenkwinkel (°)</th><td>30</td></tr><tr><th>Varianten laut Hersteller</th><td>20</td></tr></tbody></table><p>Technische Angaben nach Herstellerunterlagen, ohne Gewähr. Passende Ausführung, Preis und Lieferzeit nennen wir Ihnen auf Anfrage.</p>",taxable,1,,Gelenkfüße,,Blohm,Anwendung,"Maschine / Anlage, Fördertechnik, Schaltschrank / Gehäuse",1,1,Funktion,Höhenverstellung,1,1,Bauform,Gelenkfuß,1,1,Material,Stahl,1,1,Gewinde,M14,1,1,Traglast,15000-20000 N,1,0,Durchmesser,50/65 mm,1,0,,,,,,,,,1,vergleich
simple,BF-V-C0BFBD73,Blohm B0375 M16,1,0,visible,"Stahl-Gelenkfuß, Teller lackiert, optional NBR-Rutschschutz. Preis und Lieferzeit auf Anfrage.","<p>Stahl-Gelenkfuß, Teller lackiert, optional NBR-Rutschschutz.</p><table><tbody><tr><th>Hersteller</th><td>Blohm</td></tr><tr><th>Serie / Artikel</th><td>B0375 M16</td></tr><tr><th>Maß / Ø (mm)</th><td>65/80/100</td></tr><tr><th>Material</th><td>Stahl gelb lackiert; Spindel verzinkt; NBR 70 Shore</td></tr><tr><th>Gewinde / Anschluss</th><td>M16</td></tr><tr><th>Traglast (N)</th><td>20000-35000</td></tr><tr><th>Gelenkwinkel (°)</th><td>30</td></tr><tr><th>Varianten laut Hersteller</th><td>40</td></tr></tbody></table><p>Technische Angaben nach Herstellerunterlagen, ohne Gewähr. Passende Ausführung, Preis und Lieferzeit nennen wir Ihnen auf Anfrage.</p>",taxable,1,,Gelenkfüße,,Blohm,Anwendung,"Maschine / Anlage, Fördertechnik, Schaltschrank / Gehäuse",1,1,Funktion,"Höhenverstellung, Hohe Traglast",1,1,Bauform,Gelenkfuß,1,1,Material,Stahl,1,1,Gewinde,M16,1,1,Traglast,20000-35000 N,1,0,Durchmesser,65/80/100 mm,1,0,,,,,,,,,1,vergleich
simple,BF-V-BE2F7339,Blohm B0375 M20,1,0,visible,"Stahl-Gelenkfuß, Teller lackiert, optional NBR-Rutschschutz. Preis und Lieferzeit auf Anfrage.","<p>Stahl-Gelenkfuß, Teller lackiert, optional NBR-Rutschschutz.</p><table><tbody><tr><th>Hersteller</th><td>Blohm</td></tr><tr><th>Serie / Artikel</th><td>B0375 M20</td></tr><tr><th>Maß / Ø (mm)</th><td>80/100</td></tr><tr><th>Material</th><td>Stahl gelb lackiert; Spindel verzinkt; NBR 70 Shore</td></tr><tr><th>Gewinde / Anschluss</th><td>M20</td></tr><tr><th>Traglast (N)</th><td>30000-45000</td></tr><tr><th>Gelenkwinkel (°)</th><td>30</td></tr><tr><th>Varianten laut Hersteller</th><td>24</td></tr></tbody></table><p>Technische Angaben nach Herstellerunterlagen, ohne Gewähr. Passende Ausführung, Preis und Lieferzeit nennen wir Ihnen auf Anfrage.</p>",taxable,1,,Gelenkfüße,,Blohm,Anwendung,"Maschine / Anlage, Fördertechnik, Schaltschrank / Gehäuse",1,1,Funktion,"Höhenverstellung, Hohe Traglast",1,1,Bauform,Gelenkfuß,1,1,Material,Stahl,1,1,Gewinde,M20,1,1,Traglast,30000-45000 N,1,0,Durchmesser,80/100 mm,1,0,,,,,,,,,1,vergleich
simple,BF-V-40FAB03A,Blohm B0375 M24,1,0,visible,"Stahl-Gelenkfuß, Teller lackiert, optional NBR-Rutschschutz. Preis und Lieferzeit auf Anfrage.","<p>Stahl-Gelenkfuß, Teller lackiert, optional NBR-Rutschschutz.</p><table><tbody><tr><th>Hersteller</th><td>Blohm</td></tr><tr><th>Serie / Artikel</th><td>B0375 M24</td></tr><tr><th>Maß / Ø (mm)</th><td>100</td></tr><tr><th>Material</th><td>Stahl gelb lackiert; Spindel verzinkt; NBR 70 Shore</td></tr><tr><th>Gewinde / Anschluss</th><td>M24</td></tr><tr><th>Traglast (N)</th><td>55000</td></tr><tr><th>Gelenkwinkel (°)</th><td>30</td></tr><tr><th>Varianten laut Hersteller</th><td>12</td></tr></tbody></table><p>Technische Angaben nach Herstellerunterlagen, ohne Gewähr. Passende Ausführung, Preis und Lieferzeit nennen wir Ihnen auf Anfrage.</p>",taxable,1,,Gelenkfüße,,Blohm,Anwendung,"Maschine / Anlage, Fördertechnik, Schaltschrank / Gehäuse",1,1,Funktion,"Höhenverstellung, Hohe Traglast",1,1,Bauform,Gelenkfuß,1,1,Material,Stahl,1,1,Gewinde,M24,1,1,Traglast,55000 N,1,0,Durchmesser,100 mm,1,0,,,,,,,,,1,vergleich
simple,BF-V-389861CF,Elesa+Ganter GN 343.1 M10,1,0,visible,"Stahl-Gelenkfuß mit Innengewinde, Kappen POM/TPE/ESD. Preis und Lieferzeit auf Anfrage.","<p>Stahl-Gelenkfuß mit Innengewinde, Kappen POM/TPE/ESD.</p><table><tbody><tr><th>Hersteller</th><td>Elesa+Ganter</td></tr><tr><th>Serie / Artikel</th><td>GN 343.1 M10</td></tr><tr><th>Maß / Ø (mm)</th><td>32/40/50</td></tr><tr><th>Material</th><td>Stahl 5.8 verzinkt blau passiviert; Kappen POM/TPE</td></tr><tr><th>Gewinde / Anschluss</th><td>M10 Innengewinde</td></tr><tr><th>Traglast (N)</th><td>23000 (KR/KRE 2000-5000)</td></tr><tr><th>Varianten laut Hersteller</th><td>15</td></tr></tbody></table><p>Technische Angaben nach Herstellerunterlagen, ohne Gewähr. Passende Ausführung, Preis und Lieferzeit nennen wir Ihnen auf Anfrage.</p>",taxable,1,,Gelenkfüße,,Elesa+Ganter,Anwendung,"Maschine / Anlage, Fördertechnik, Schaltschrank / Gehäuse",1,1,Funktion,"Höhenverstellung, Hohe Traglast",1,1,Bauform,Gelenkfuß,1,1,Material,"Stahl, Kunststoff",1,1,Gewinde,M10,1,1,Traglast,23000 (KR/KRE 2000-5000) N,1,0,Durchmesser,32/40/50 mm,1,0,,,,,,,,,1,vergleich
simple,BF-V-24EE412B,Elesa+Ganter GN 343.1 M12,1,0,visible,"Stahl-Gelenkfuß mit Innengewinde, Kappen POM/TPE/ESD. Preis und Lieferzeit auf Anfrage.","<p>Stahl-Gelenkfuß mit Innengewinde, Kappen POM/TPE/ESD.</p><table><tbody><tr><th>Hersteller</th><td>Elesa+Ganter</td></tr><tr><th>Serie / Artikel</th><td>GN 343.1 M12</td></tr><tr><th>Maß / Ø (mm)</th><td>40/50/60</td></tr><tr><th>Material</th><td>Stahl 5.8 verzinkt blau passiviert; Kappen POM/TPE</td></tr><tr><th>Gewinde / Anschluss</th><td>M12 Innengewinde</td></tr><tr><th>Traglast (N)</th><td>33000 (KR/KRE 3000-7000)</td></tr><tr><th>Varianten laut Hersteller</th><td>15</td></tr></tbody></table><p>Technische Angaben nach Herstellerunterlagen, ohne Gewähr. Passende Ausführung, Preis und Lieferzeit nennen wir Ihnen auf Anfrage.</p>",taxable,1,,Gelenkfüße,,Elesa+Ganter,Anwendung,"Maschine / Anlage, Fördertechnik, Schaltschrank / Gehäuse",1,1,Funktion,"Höhenverstellung, Hohe Traglast",1,1,Bauform,Gelenkfuß,1,1,Material,"Stahl, Kunststoff",1,1,Gewinde,M12,1,1,Traglast,33000 (KR/KRE 3000-7000) N,1,0,Durchmesser,40/50/60 mm,1,0,,,,,,,,,1,vergleich
simple,BF-V-19FEF453,Elesa+Ganter GN 343.1 M16,1,0,visible,"Stahl-Gelenkfuß mit Innengewinde, Kappen POM/TPE/ESD. Preis und Lieferzeit auf Anfrage.","<p>Stahl-Gelenkfuß mit Innengewinde, Kappen POM/TPE/ESD.</p><table><tbody><tr><th>Hersteller</th><td>Elesa+Ganter</td></tr><tr><th>Serie / Artikel</th><td>GN 343.1 M16</td></tr><tr><th>Maß / Ø (mm)</th><td>60</td></tr><tr><th>Material</th><td>Stahl 5.8 verzinkt blau passiviert; Kappen POM/TPE</td></tr><tr><th>Gewinde / Anschluss</th><td>M16 Innengewinde</td></tr><tr><th>Traglast (N)</th><td>62000 (KR/KRE 7000)</td></tr><tr><th>Varianten laut Hersteller</th><td>5</td></tr></tbody></table><p>Technische Angaben nach Herstellerunterlagen, ohne Gewähr. Passende Ausführung, Preis und Lieferzeit nennen wir Ihnen auf Anfrage.</p>",taxable,1,,Gelenkfüße,,Elesa+Ganter,Anwendung,"Maschine / Anlage, Fördertechnik, Schaltschrank / Gehäuse",1,1,Funktion,"Höhenverstellung, Hohe Traglast",1,1,Bauform,Gelenkfuß,1,1,Material,"Stahl, Kunststoff",1,1,Gewinde,M16,1,1,Traglast,62000 (KR/KRE 7000) N,1,0,Durchmesser,60 mm,1,0,,,,,,,,,1,vergleich
simple,BF-V-7A322509,Elesa+Ganter GN 343.1 M6,1,0,visible,"Stahl-Gelenkfuß mit Innengewinde, Kappen POM/TPE/ESD. Preis und Lieferzeit auf Anfrage.","<p>Stahl-Gelenkfuß mit Innengewinde, Kappen POM/TPE/ESD.</p><table><tbody><tr><th>Hersteller</th><td>Elesa+Ganter</td></tr><tr><th>Serie / Artikel</th><td>GN 343.1 M6</td></tr><tr><th>Maß / Ø (mm)</th><td>25</td></tr><tr><th>Material</th><td>Stahl 5.8 verzinkt blau passiviert; Kappen POM/TPE</td></tr><tr><th>Gewinde / Anschluss</th><td>M6 Innengewinde</td></tr><tr><th>Traglast (N)</th><td>7500 (KR/KRE 1000)</td></tr><tr><th>Varianten laut Hersteller</th><td>5</td></tr></tbody></table><p>Technische Angaben nach Herstellerunterlagen, ohne Gewähr. Passende Ausführung, Preis und Lieferzeit nennen wir Ihnen auf Anfrage.</p>",taxable,1,,Gelenkfüße,,Elesa+Ganter,Anwendung,"Maschine / Anlage, Fördertechnik, Schaltschrank / Gehäuse",1,1,Funktion,Höhenverstellung,1,1,Bauform,Gelenkfuß,1,1,Material,"Stahl, Kunststoff",1,1,Gewinde,M6,1,1,Traglast,7500 (KR/KRE 1000) N,1,0,Durchmesser,25 mm,1,0,,,,,,,,,1,vergleich
simple,BF-V-A0368570,Elesa+Ganter GN 343.1 M8,1,0,visible,"Stahl-Gelenkfuß mit Innengewinde, Kappen POM/TPE/ESD. Preis und Lieferzeit auf Anfrage.","<p>Stahl-Gelenkfuß mit Innengewinde, Kappen POM/TPE/ESD.</p><table><tbody><tr><th>Hersteller</th><td>Elesa+Ganter</td></tr><tr><th>Serie / Artikel</th><td>GN 343.1 M8</td></tr><tr><th>Maß / Ø (mm)</th><td>25/32</td></tr><tr><th>Material</th><td>Stahl 5.8 verzinkt blau passiviert; Kappen POM/TPE</td></tr><tr><th>Gewinde / Anschluss</th><td>M8 Innengewinde</td></tr><tr><th>Traglast (N)</th><td>14000 (KR/KRE 1000-2000)</td></tr><tr><th>Varianten laut Hersteller</th><td>10</td></tr></tbody></table><p>Technische Angaben nach Herstellerunterlagen, ohne Gewähr. Passende Ausführung, Preis und Lieferzeit nennen wir Ihnen auf Anfrage.</p>",taxable,1,,Gelenkfüße,,Elesa+Ganter,Anwendung,"Maschine / Anlage, Fördertechnik, Schaltschrank / Gehäuse",1,1,Funktion,Höhenverstellung,1,1,Bauform,Gelenkfuß,1,1,Material,"Stahl, Kunststoff",1,1,Gewinde,M8,1,1,Traglast,14000 (KR/KRE 1000-2000) N,1,0,Durchmesser,25/32 mm,1,0,,,,,,,,,1,vergleich
simple,BF-V-31F83D83,Elesa+Ganter GN 343.2 M10,1,0,visible,"Stahl-Gelenkfuß mit Verstellspindel, optional Kappe POM/TPE/ESD. Preis und Lieferzeit auf Anfrage.","<p>Stahl-Gelenkfuß mit Verstellspindel, optional Kappe POM/TPE/ESD.</p><table><tbody><tr><th>Hersteller</th><td>Elesa+Ganter</td></tr><tr><th>Serie / Artikel</th><td>GN 343.2 M10</td></tr><tr><th>Maß / Ø (mm)</th><td>25/32/40/50/60</td></tr><tr><th>Material</th><td>Stahl 5.8 verzinkt blau passiviert; Kappen POM/TPE</td></tr><tr><th>Gewinde / Anschluss</th><td>M10</td></tr><tr><th>Traglast (N)</th><td>23000 (KR/KRE 1000-7000)</td></tr><tr><th>Varianten laut Hersteller</th><td>75</td></tr></tbody></table><p>Technische Angaben nach Herstellerunterlagen, ohne Gewähr. Passende Ausführung, Preis und Lieferzeit nennen wir Ihnen auf Anfrage.</p>",taxable,1,,Gelenkfüße,,Elesa+Ganter,Anwendung,"Maschine / Anlage, Fördertechnik, Schaltschrank / Gehäuse",1,1,Funktion,"Höhenverstellung, Hohe Traglast",1,1,Bauform,Gelenkfuß,1,1,Material,"Stahl, Kunststoff",1,1,Gewinde,M10,1,1,Traglast,23000 (KR/KRE 1000-7000) N,1,0,Durchmesser,25/32/40/50/60 mm,1,0,,,,,,,,,1,vergleich
simple,BF-V-2B74E1C8,Elesa+Ganter GN 343.2 M12,1,0,visible,"Stahl-Gelenkfuß mit Verstellspindel, optional Kappe POM/TPE/ESD. Preis und Lieferzeit auf Anfrage.","<p>Stahl-Gelenkfuß mit Verstellspindel, optional Kappe POM/TPE/ESD.</p><table><tbody><tr><th>Hersteller</th><td>Elesa+Ganter</td></tr><tr><th>Serie / Artikel</th><td>GN 343.2 M12</td></tr><tr><th>Maß / Ø (mm)</th><td>32/40/50/60</td></tr><tr><th>Material</th><td>Stahl 5.8 verzinkt blau passiviert; Kappen POM/TPE</td></tr><tr><th>Gewinde / Anschluss</th><td>M12</td></tr><tr><th>Traglast (N)</th><td>33000 (KR/KRE 2000-7000)</td></tr><tr><th>Varianten laut Hersteller</th><td>60</td></tr></tbody></table><p>Technische Angaben nach Herstellerunterlagen, ohne Gewähr. Passende Ausführung, Preis und Lieferzeit nennen wir Ihnen auf Anfrage.</p>",taxable,1,,Gelenkfüße,,Elesa+Ganter,Anwendung,"Maschine / Anlage, Fördertechnik, Schaltschrank / Gehäuse",1,1,Funktion,"Höhenverstellung, Hohe Traglast",1,1,Bauform,Gelenkfuß,1,1,Material,"Stahl, Kunststoff",1,1,Gewinde,M12,1,1,Traglast,33000 (KR/KRE 2000-7000) N,1,0,Durchmesser,32/40/50/60 mm,1,0,,,,,,,,,1,vergleich
simple,BF-V-683532FC,Elesa+Ganter GN 343.2 M16,1,0,visible,"Stahl-Gelenkfuß mit Verstellspindel, optional Kappe POM/TPE/ESD. Preis und Lieferzeit auf Anfrage.","<p>Stahl-Gelenkfuß mit Verstellspindel, optional Kappe POM/TPE/ESD.</p><table><tbody><tr><th>Hersteller</th><td>Elesa+Ganter</td></tr><tr><th>Serie / Artikel</th><td>GN 343.2 M16</td></tr><tr><th>Maß / Ø (mm)</th><td>50/60</td></tr><tr><th>Material</th><td>Stahl 5.8 verzinkt blau passiviert; Kappen POM/TPE</td></tr><tr><th>Gewinde / Anschluss</th><td>M16</td></tr><tr><th>Traglast (N)</th><td>40000-62000 (KR/KRE 5000-7000)</td></tr><tr><th>Varianten laut Hersteller</th><td>30</td></tr></tbody></table><p>Technische Angaben nach Herstellerunterlagen, ohne Gewähr. Passende Ausführung, Preis und Lieferzeit nennen wir Ihnen auf Anfrage.</p>",taxable,1,,Gelenkfüße,,Elesa+Ganter,Anwendung,"Maschine / Anlage, Fördertechnik, Schaltschrank / Gehäuse",1,1,Funktion,"Höhenverstellung, Hohe Traglast",1,1,Bauform,Gelenkfuß,1,1,Material,"Stahl, Kunststoff",1,1,Gewinde,M16,1,1,Traglast,40000-62000 (KR/KRE 5000-7000) N,1,0,Durchmesser,50/60 mm,1,0,,,,,,,,,1,vergleich
simple,BF-V-55B30775,Elesa+Ganter GN 343.2 M20,1,0,visible,"Stahl-Gelenkfuß mit Verstellspindel, optional Kappe POM/TPE/ESD. Preis und Lieferzeit auf Anfrage.","<p>Stahl-Gelenkfuß mit Verstellspindel, optional Kappe POM/TPE/ESD.</p><table><tbody><tr><th>Hersteller</th><td>Elesa+Ganter</td></tr><tr><th>Serie / Artikel</th><td>GN 343.2 M20</td></tr><tr><th>Maß / Ø (mm)</th><td>60</td></tr><tr><th>Material</th><td>Stahl 5.8 verzinkt blau passiviert; Kappen POM/TPE</td></tr><tr><th>Gewinde / Anschluss</th><td>M20</td></tr><tr><th>Traglast (N)</th><td>95000 (KR/KRE 7000)</td></tr><tr><th>Varianten laut Hersteller</th><td>15</td></tr></tbody></table><p>Technische Angaben nach Herstellerunterlagen, ohne Gewähr. Passende Ausführung, Preis und Lieferzeit nennen wir Ihnen auf Anfrage.</p>",taxable,1,,Gelenkfüße,,Elesa+Ganter,Anwendung,"Maschine / Anlage, Fördertechnik, Schaltschrank / Gehäuse",1,1,Funktion,"Höhenverstellung, Hohe Traglast",1,1,Bauform,Gelenkfuß,1,1,Material,"Stahl, Kunststoff",1,1,Gewinde,M20,1,1,Traglast,95000 (KR/KRE 7000) N,1,0,Durchmesser,60 mm,1,0,,,,,,,,,1,vergleich
simple,BF-V-659A0184,Elesa+Ganter GN 343.2 M24,1,0,visible,"Stahl-Gelenkfuß mit Verstellspindel, optional Kappe POM/TPE/ESD. Preis und Lieferzeit auf Anfrage.","<p>Stahl-Gelenkfuß mit Verstellspindel, optional Kappe POM/TPE/ESD.</p><table><tbody><tr><th>Hersteller</th><td>Elesa+Ganter</td></tr><tr><th>Serie / Artikel</th><td>GN 343.2 M24</td></tr><tr><th>Maß / Ø (mm)</th><td>60</td></tr><tr><th>Material</th><td>Stahl 5.8 verzinkt blau passiviert; Kappen POM/TPE</td></tr><tr><th>Gewinde / Anschluss</th><td>M24</td></tr><tr><th>Traglast (N)</th><td>95000 (KR/KRE 7000)</td></tr><tr><th>Varianten laut Hersteller</th><td>15</td></tr></tbody></table><p>Technische Angaben nach Herstellerunterlagen, ohne Gewähr. Passende Ausführung, Preis und Lieferzeit nennen wir Ihnen auf Anfrage.</p>",taxable,1,,Gelenkfüße,,Elesa+Ganter,Anwendung,"Maschine / Anlage, Fördertechnik, Schaltschrank / Gehäuse",1,1,Funktion,"Höhenverstellung, Hohe Traglast",1,1,Bauform,Gelenkfuß,1,1,Material,"Stahl, Kunststoff",1,1,Gewinde,M24,1,1,Traglast,95000 (KR/KRE 7000) N,1,0,Durchmesser,60 mm,1,0,,,,,,,,,1,vergleich
simple,BF-V-78DF4F57,Elesa+Ganter GN 343.2 M6,1,0,visible,"Stahl-Gelenkfuß mit Verstellspindel, optional Kappe POM/TPE/ESD. Preis und Lieferzeit auf Anfrage.","<p>Stahl-Gelenkfuß mit Verstellspindel, optional Kappe POM/TPE/ESD.</p><table><tbody><tr><th>Hersteller</th><td>Elesa+Ganter</td></tr><tr><th>Serie / Artikel</th><td>GN 343.2 M6</td></tr><tr><th>Maß / Ø (mm)</th><td>25</td></tr><tr><th>Material</th><td>Stahl 5.8 verzinkt blau passiviert; Kappen POM/TPE</td></tr><tr><th>Gewinde / Anschluss</th><td>M6</td></tr><tr><th>Traglast (N)</th><td>7500 (KR/KRE 1000)</td></tr><tr><th>Varianten laut Hersteller</th><td>15</td></tr></tbody></table><p>Technische Angaben nach Herstellerunterlagen, ohne Gewähr. Passende Ausführung, Preis und Lieferzeit nennen wir Ihnen auf Anfrage.</p>",taxable,1,,Gelenkfüße,,Elesa+Ganter,Anwendung,"Maschine / Anlage, Fördertechnik, Schaltschrank / Gehäuse",1,1,Funktion,Höhenverstellung,1,1,Bauform,Gelenkfuß,1,1,Material,"Stahl, Kunststoff",1,1,Gewinde,M6,1,1,Traglast,7500 (KR/KRE 1000) N,1,0,Durchmesser,25 mm,1,0,,,,,,,,,1,vergleich
simple,BF-V-13173B65,Elesa+Ganter GN 343.2 M8,1,0,visible,"Stahl-Gelenkfuß mit Verstellspindel, optional Kappe POM/TPE/ESD. Preis und Lieferzeit auf Anfrage.","<p>Stahl-Gelenkfuß mit Verstellspindel, optional Kappe POM/TPE/ESD.</p><table><tbody><tr><th>Hersteller</th><td>Elesa+Ganter</td></tr><tr><th>Serie / Artikel</th><td>GN 343.2 M8</td></tr><tr><th>Maß / Ø (mm)</th><td>25/32/40/50</td></tr><tr><th>Material</th><td>Stahl 5.8 verzinkt blau passiviert; Kappen POM/TPE</td></tr><tr><th>Gewinde / Anschluss</th><td>M8</td></tr><tr><th>Traglast (N)</th><td>14000 (KR/KRE 1000-5000)</td></tr><tr><th>Varianten laut Hersteller</th><td>60</td></tr></tbody></table><p>Technische Angaben nach Herstellerunterlagen, ohne Gewähr. Passende Ausführung, Preis und Lieferzeit nennen wir Ihnen auf Anfrage.</p>",taxable,1,,Gelenkfüße,,Elesa+Ganter,Anwendung,"Maschine / Anlage, Fördertechnik, Schaltschrank / Gehäuse",1,1,Funktion,Höhenverstellung,1,1,Bauform,Gelenkfuß,1,1,Material,"Stahl, Kunststoff",1,1,Gewinde,M8,1,1,Traglast,14000 (KR/KRE 1000-5000) N,1,0,Durchmesser,25/32/40/50 mm,1,0,,,,,,,,,1,vergleich
simple,BF-V-95C1932E,Elesa+Ganter GN 343.3 M10,1,0,visible,"Kunststoffteller mit Stahl-Innengewinde, optional NBR-Auflage. Preis und Lieferzeit auf Anfrage.","<p>Kunststoffteller mit Stahl-Innengewinde, optional NBR-Auflage.</p><table><tbody><tr><th>Hersteller</th><td>Elesa+Ganter</td></tr><tr><th>Serie / Artikel</th><td>GN 343.3 M10</td></tr><tr><th>Maß / Ø (mm)</th><td>32/40/50</td></tr><tr><th>Material</th><td>PA glasfaserverstärkt; Stahl 5.8 verzinkt; NBR</td></tr><tr><th>Gewinde / Anschluss</th><td>M10 Innengewinde</td></tr><tr><th>Traglast (N)</th><td>7000-10000 (Form G 2000-4000)</td></tr><tr><th>Varianten laut Hersteller</th><td>6</td></tr></tbody></table><p>Technische Angaben nach Herstellerunterlagen, ohne Gewähr. Passende Ausführung, Preis und Lieferzeit nennen wir Ihnen auf Anfrage.</p>",taxable,1,,Gelenkfüße,,Elesa+Ganter,Anwendung,"Maschine / Anlage, Fördertechnik, Schaltschrank / Gehäuse",1,1,Funktion,Höhenverstellung,1,1,Bauform,Gelenkfuß,1,1,Material,"Stahl, Kunststoff",1,1,Gewinde,M10,1,1,Traglast,7000-10000 (Form G 2000-4000) N,1,0,Durchmesser,32/40/50 mm,1,0,,,,,,,,,1,vergleich
simple,BF-V-FCBDCD37,Elesa+Ganter GN 343.3 M12,1,0,visible,"Kunststoffteller mit Stahl-Innengewinde, optional NBR-Auflage. Preis und Lieferzeit auf Anfrage.","<p>Kunststoffteller mit Stahl-Innengewinde, optional NBR-Auflage.</p><table><tbody><tr><th>Hersteller</th><td>Elesa+Ganter</td></tr><tr><th>Serie / Artikel</th><td>GN 343.3 M12</td></tr><tr><th>Maß / Ø (mm)</th><td>40/50/60</td></tr><tr><th>Material</th><td>PA glasfaserverstärkt; Stahl 5.8 verzinkt; NBR</td></tr><tr><th>Gewinde / Anschluss</th><td>M12 Innengewinde</td></tr><tr><th>Traglast (N)</th><td>10000-14000 (Form G 3000-6000)</td></tr><tr><th>Varianten laut Hersteller</th><td>6</td></tr></tbody></table><p>Technische Angaben nach Herstellerunterlagen, ohne Gewähr. Passende Ausführung, Preis und Lieferzeit nennen wir Ihnen auf Anfrage.</p>",taxable,1,,Gelenkfüße,,Elesa+Ganter,Anwendung,"Maschine / Anlage, Fördertechnik, Schaltschrank / Gehäuse",1,1,Funktion,Höhenverstellung,1,1,Bauform,Gelenkfuß,1,1,Material,"Stahl, Kunststoff",1,1,Gewinde,M12,1,1,Traglast,10000-14000 (Form G 3000-6000) N,1,0,Durchmesser,40/50/60 mm,1,0,,,,,,,,,1,vergleich
simple,BF-V-516FFED2,Elesa+Ganter GN 343.3 M16,1,0,visible,"Kunststoffteller mit Stahl-Innengewinde, optional NBR-Auflage. Preis und Lieferzeit auf Anfrage.","<p>Kunststoffteller mit Stahl-Innengewinde, optional NBR-Auflage.</p><table><tbody><tr><th>Hersteller</th><td>Elesa+Ganter</td></tr><tr><th>Serie / Artikel</th><td>GN 343.3 M16</td></tr><tr><th>Maß / Ø (mm)</th><td>60</td></tr><tr><th>Material</th><td>PA glasfaserverstärkt; Stahl 5.8 verzinkt; NBR</td></tr><tr><th>Gewinde / Anschluss</th><td>M16 Innengewinde</td></tr><tr><th>Traglast (N)</th><td>14000 (Form G 6000)</td></tr><tr><th>Varianten laut Hersteller</th><td>2</td></tr></tbody></table><p>Technische Angaben nach Herstellerunterlagen, ohne Gewähr. Passende Ausführung, Preis und Lieferzeit nennen wir Ihnen auf Anfrage.</p>",taxable,1,,Gelenkfüße,,Elesa+Ganter,Anwendung,"Maschine / Anlage, Fördertechnik, Schaltschrank / Gehäuse",1,1,Funktion,Höhenverstellung,1,1,Bauform,Gelenkfuß,1,1,Material,"Stahl, Kunststoff",1,1,Gewinde,M16,1,1,Traglast,14000 (Form G 6000) N,1,0,Durchmesser,60 mm,1,0,,,,,,,,,1,vergleich
simple,BF-V-33E736CC,Elesa+Ganter GN 343.3 M6,1,0,visible,"Kunststoffteller mit Stahl-Innengewinde, optional NBR-Auflage. Preis und Lieferzeit auf Anfrage.","<p>Kunststoffteller mit Stahl-Innengewinde, optional NBR-Auflage.</p><table><tbody><tr><th>Hersteller</th><td>Elesa+Ganter</td></tr><tr><th>Serie / Artikel</th><td>GN 343.3 M6</td></tr><tr><th>Maß / Ø (mm)</th><td>25</td></tr><tr><th>Material</th><td>PA glasfaserverstärkt; Stahl 5.8 verzinkt; NBR</td></tr><tr><th>Gewinde / Anschluss</th><td>M6 Innengewinde</td></tr><tr><th>Traglast (N)</th><td>5000 (Form G 1000)</td></tr><tr><th>Varianten laut Hersteller</th><td>2</td></tr></tbody></table><p>Technische Angaben nach Herstellerunterlagen, ohne Gewähr. Passende Ausführung, Preis und Lieferzeit nennen wir Ihnen auf Anfrage.</p>",taxable,1,,Gelenkfüße,,Elesa+Ganter,Anwendung,"Maschine / Anlage, Fördertechnik, Schaltschrank / Gehäuse",1,1,Funktion,Höhenverstellung,1,1,Bauform,Gelenkfuß,1,1,Material,"Stahl, Kunststoff",1,1,Gewinde,M6,1,1,Traglast,5000 (Form G 1000) N,1,0,Durchmesser,25 mm,1,0,,,,,,,,,1,vergleich
simple,BF-V-411D8662,Elesa+Ganter GN 343.3 M8,1,0,visible,"Kunststoffteller mit Stahl-Innengewinde, optional NBR-Auflage. Preis und Lieferzeit auf Anfrage.","<p>Kunststoffteller mit Stahl-Innengewinde, optional NBR-Auflage.</p><table><tbody><tr><th>Hersteller</th><td>Elesa+Ganter</td></tr><tr><th>Serie / Artikel</th><td>GN 343.3 M8</td></tr><tr><th>Maß / Ø (mm)</th><td>25/32</td></tr><tr><th>Material</th><td>PA glasfaserverstärkt; Stahl 5.8 verzinkt; NBR</td></tr><tr><th>Gewinde / Anschluss</th><td>M8 Innengewinde</td></tr><tr><th>Traglast (N)</th><td>5000-7000 (Form G 1000-2000)</td></tr><tr><th>Varianten laut Hersteller</th><td>4</td></tr></tbody></table><p>Technische Angaben nach Herstellerunterlagen, ohne Gewähr. Passende Ausführung, Preis und Lieferzeit nennen wir Ihnen auf Anfrage.</p>",taxable,1,,Gelenkfüße,,Elesa+Ganter,Anwendung,"Maschine / Anlage, Fördertechnik, Schaltschrank / Gehäuse",1,1,Funktion,Höhenverstellung,1,1,Bauform,Gelenkfuß,1,1,Material,"Stahl, Kunststoff",1,1,Gewinde,M8,1,1,Traglast,5000-7000 (Form G 1000-2000) N,1,0,Durchmesser,25/32 mm,1,0,,,,,,,,,1,vergleich
simple,BF-V-F2A2E133,Elesa+Ganter GN 343.4 M10,1,0,visible,"Kunststoffteller mit Stahlspindel, optional NBR-Gummiauflage (Form G). Preis und Lieferzeit auf Anfrage.","<p>Kunststoffteller mit Stahlspindel, optional NBR-Gummiauflage (Form G).</p><table><tbody><tr><th>Hersteller</th><td>Elesa+Ganter</td></tr><tr><th>Serie / Artikel</th><td>GN 343.4 M10</td></tr><tr><th>Maß / Ø (mm)</th><td>25/32/40/50/60</td></tr><tr><th>Material</th><td>PA glasfaserverstärkt; Stahl 5.8 verzinkt; NBR 70 Shore A</td></tr><tr><th>Gewinde / Anschluss</th><td>M10</td></tr><tr><th>Traglast (N)</th><td>5000-14000 (Form G 1000-6000)</td></tr><tr><th>Varianten laut Hersteller</th><td>30</td></tr></tbody></table><p>Technische Angaben nach Herstellerunterlagen, ohne Gewähr. Passende Ausführung, Preis und Lieferzeit nennen wir Ihnen auf Anfrage.</p>",taxable,1,,Gelenkfüße,,Elesa+Ganter,Anwendung,"Maschine / Anlage, Fördertechnik, Schaltschrank / Gehäuse",1,1,Funktion,Höhenverstellung,1,1,Bauform,Gelenkfuß,1,1,Material,"Stahl, Kunststoff",1,1,Gewinde,M10,1,1,Traglast,5000-14000 (Form G 1000-6000) N,1,0,Durchmesser,25/32/40/50/60 mm,1,0,,,,,,,,,1,vergleich
simple,BF-V-0256E061,Elesa+Ganter GN 343.4 M12,1,0,visible,"Kunststoffteller mit Stahlspindel, optional NBR-Gummiauflage (Form G). Preis und Lieferzeit auf Anfrage.","<p>Kunststoffteller mit Stahlspindel, optional NBR-Gummiauflage (Form G).</p><table><tbody><tr><th>Hersteller</th><td>Elesa+Ganter</td></tr><tr><th>Serie / Artikel</th><td>GN 343.4 M12</td></tr><tr><th>Maß / Ø (mm)</th><td>32/40/50/60</td></tr><tr><th>Material</th><td>PA glasfaserverstärkt; Stahl 5.8 verzinkt; NBR 70 Shore A</td></tr><tr><th>Gewinde / Anschluss</th><td>M12</td></tr><tr><th>Traglast (N)</th><td>7000-14000 (Form G 2000-6000)</td></tr><tr><th>Varianten laut Hersteller</th><td>24</td></tr></tbody></table><p>Technische Angaben nach Herstellerunterlagen, ohne Gewähr. Passende Ausführung, Preis und Lieferzeit nennen wir Ihnen auf Anfrage.</p>",taxable,1,,Gelenkfüße,,Elesa+Ganter,Anwendung,"Maschine / Anlage, Fördertechnik, Schaltschrank / Gehäuse",1,1,Funktion,Höhenverstellung,1,1,Bauform,Gelenkfuß,1,1,Material,"Stahl, Kunststoff",1,1,Gewinde,M12,1,1,Traglast,7000-14000 (Form G 2000-6000) N,1,0,Durchmesser,32/40/50/60 mm,1,0,,,,,,,,,1,vergleich
simple,BF-V-10F6093C,Elesa+Ganter GN 343.4 M16,1,0,visible,"Kunststoffteller mit Stahlspindel, optional NBR-Gummiauflage (Form G). Preis und Lieferzeit auf Anfrage.","<p>Kunststoffteller mit Stahlspindel, optional NBR-Gummiauflage (Form G).</p><table><tbody><tr><th>Hersteller</th><td>Elesa+Ganter</td></tr><tr><th>Serie / Artikel</th><td>GN 343.4 M16</td></tr><tr><th>Maß / Ø (mm)</th><td>50/60</td></tr><tr><th>Material</th><td>PA glasfaserverstärkt; Stahl 5.8 verzinkt; NBR 70 Shore A</td></tr><tr><th>Gewinde / Anschluss</th><td>M16</td></tr><tr><th>Traglast (N)</th><td>10000-14000 (Form G 4000-6000)</td></tr><tr><th>Varianten laut Hersteller</th><td>12</td></tr></tbody></table><p>Technische Angaben nach Herstellerunterlagen, ohne Gewähr. Passende Ausführung, Preis und Lieferzeit nennen wir Ihnen auf Anfrage.</p>",taxable,1,,Gelenkfüße,,Elesa+Ganter,Anwendung,"Maschine / Anlage, Fördertechnik, Schaltschrank / Gehäuse",1,1,Funktion,Höhenverstellung,1,1,Bauform,Gelenkfuß,1,1,Material,"Stahl, Kunststoff",1,1,Gewinde,M16,1,1,Traglast,10000-14000 (Form G 4000-6000) N,1,0,Durchmesser,50/60 mm,1,0,,,,,,,,,1,vergleich
simple,BF-V-D3A12713,Elesa+Ganter GN 343.4 M20,1,0,visible,"Kunststoffteller mit Stahlspindel, optional NBR-Gummiauflage (Form G). Preis und Lieferzeit auf Anfrage.","<p>Kunststoffteller mit Stahlspindel, optional NBR-Gummiauflage (Form G).</p><table><tbody><tr><th>Hersteller</th><td>Elesa+Ganter</td></tr><tr><th>Serie / Artikel</th><td>GN 343.4 M20</td></tr><tr><th>Maß / Ø (mm)</th><td>60</td></tr><tr><th>Material</th><td>PA glasfaserverstärkt; Stahl 5.8 verzinkt; NBR 70 Shore A</td></tr><tr><th>Gewinde / Anschluss</th><td>M20</td></tr><tr><th>Traglast (N)</th><td>14000 (Form G 6000)</td></tr><tr><th>Varianten laut Hersteller</th><td>6</td></tr></tbody></table><p>Technische Angaben nach Herstellerunterlagen, ohne Gewähr. Passende Ausführung, Preis und Lieferzeit nennen wir Ihnen auf Anfrage.</p>",taxable,1,,Gelenkfüße,,Elesa+Ganter,Anwendung,"Maschine / Anlage, Fördertechnik, Schaltschrank / Gehäuse",1,1,Funktion,Höhenverstellung,1,1,Bauform,Gelenkfuß,1,1,Material,"Stahl, Kunststoff",1,1,Gewinde,M20,1,1,Traglast,14000 (Form G 6000) N,1,0,Durchmesser,60 mm,1,0,,,,,,,,,1,vergleich
simple,BF-V-400FFD44,Elesa+Ganter GN 343.4 M24,1,0,visible,"Kunststoffteller mit Stahlspindel, optional NBR-Gummiauflage (Form G). Preis und Lieferzeit auf Anfrage.","<p>Kunststoffteller mit Stahlspindel, optional NBR-Gummiauflage (Form G).</p><table><tbody><tr><th>Hersteller</th><td>Elesa+Ganter</td></tr><tr><th>Serie / Artikel</th><td>GN 343.4 M24</td></tr><tr><th>Maß / Ø (mm)</th><td>60</td></tr><tr><th>Material</th><td>PA glasfaserverstärkt; Stahl 5.8 verzinkt; NBR 70 Shore A</td></tr><tr><th>Gewinde / Anschluss</th><td>M24</td></tr><tr><th>Traglast (N)</th><td>14000 (Form G 6000)</td></tr><tr><th>Varianten laut Hersteller</th><td>6</td></tr></tbody></table><p>Technische Angaben nach Herstellerunterlagen, ohne Gewähr. Passende Ausführung, Preis und Lieferzeit nennen wir Ihnen auf Anfrage.</p>",taxable,1,,Gelenkfüße,,Elesa+Ganter,Anwendung,"Maschine / Anlage, Fördertechnik, Schaltschrank / Gehäuse",1,1,Funktion,Höhenverstellung,1,1,Bauform,Gelenkfuß,1,1,Material,"Stahl, Kunststoff",1,1,Gewinde,M24,1,1,Traglast,14000 (Form G 6000) N,1,0,Durchmesser,60 mm,1,0,,,,,,,,,1,vergleich
simple,BF-V-28C891EF,Elesa+Ganter GN 343.4 M6,1,0,visible,"Kunststoffteller mit Stahlspindel, optional NBR-Gummiauflage (Form G). Preis und Lieferzeit auf Anfrage.","<p>Kunststoffteller mit Stahlspindel, optional NBR-Gummiauflage (Form G).</p><table><tbody><tr><th>Hersteller</th><td>Elesa+Ganter</td></tr><tr><th>Serie / Artikel</th><td>GN 343.4 M6</td></tr><tr><th>Maß / Ø (mm)</th><td>25</td></tr><tr><th>Material</th><td>PA glasfaserverstärkt; Stahl 5.8 verzinkt; NBR 70 Shore A</td></tr><tr><th>Gewinde / Anschluss</th><td>M6</td></tr><tr><th>Traglast (N)</th><td>5000 (Form G 1000)</td></tr><tr><th>Varianten laut Hersteller</th><td>6</td></tr></tbody></table><p>Technische Angaben nach Herstellerunterlagen, ohne Gewähr. Passende Ausführung, Preis und Lieferzeit nennen wir Ihnen auf Anfrage.</p>",taxable,1,,Gelenkfüße,,Elesa+Ganter,Anwendung,"Maschine / Anlage, Fördertechnik, Schaltschrank / Gehäuse",1,1,Funktion,Höhenverstellung,1,1,Bauform,Gelenkfuß,1,1,Material,"Stahl, Kunststoff",1,1,Gewinde,M6,1,1,Traglast,5000 (Form G 1000) N,1,0,Durchmesser,25 mm,1,0,,,,,,,,,1,vergleich
simple,BF-V-C0B9E0CF,Elesa+Ganter GN 343.4 M8,1,0,visible,"Kunststoffteller mit Stahlspindel, optional NBR-Gummiauflage (Form G). Preis und Lieferzeit auf Anfrage.","<p>Kunststoffteller mit Stahlspindel, optional NBR-Gummiauflage (Form G).</p><table><tbody><tr><th>Hersteller</th><td>Elesa+Ganter</td></tr><tr><th>Serie / Artikel</th><td>GN 343.4 M8</td></tr><tr><th>Maß / Ø (mm)</th><td>25/32/40/50</td></tr><tr><th>Material</th><td>PA glasfaserverstärkt; Stahl 5.8 verzinkt; NBR 70 Shore A</td></tr><tr><th>Gewinde / Anschluss</th><td>M8</td></tr><tr><th>Traglast (N)</th><td>5000-10000 (Form G 1000-4000)</td></tr><tr><th>Varianten laut Hersteller</th><td>24</td></tr></tbody></table><p>Technische Angaben nach Herstellerunterlagen, ohne Gewähr. Passende Ausführung, Preis und Lieferzeit nennen wir Ihnen auf Anfrage.</p>",taxable,1,,Gelenkfüße,,Elesa+Ganter,Anwendung,"Maschine / Anlage, Fördertechnik, Schaltschrank / Gehäuse",1,1,Funktion,Höhenverstellung,1,1,Bauform,Gelenkfuß,1,1,Material,"Stahl, Kunststoff",1,1,Gewinde,M8,1,1,Traglast,5000-10000 (Form G 1000-4000) N,1,0,Durchmesser,25/32/40/50 mm,1,0,,,,,,,,,1,vergleich
simple,BF-V-D8C30536,Elesa+Ganter GN 343.5 M10,1,0,visible,"Edelstahl-Gelenkfuß mit Innengewinde, Kappen wählbar. Preis und Lieferzeit auf Anfrage.","<p>Edelstahl-Gelenkfuß mit Innengewinde, Kappen wählbar.</p><table><tbody><tr><th>Hersteller</th><td>Elesa+Ganter</td></tr><tr><th>Serie / Artikel</th><td>GN 343.5 M10</td></tr><tr><th>Maß / Ø (mm)</th><td>32/40/50</td></tr><tr><th>Material</th><td>Edelstahl 1.4305; Kappen POM/TPE</td></tr><tr><th>Gewinde / Anschluss</th><td>M10 Innengewinde</td></tr><tr><th>Traglast (N)</th><td>11000 (KR/KRE 2000-5000)</td></tr><tr><th>Varianten laut Hersteller</th><td>15</td></tr></tbody></table><p>Technische Angaben nach Herstellerunterlagen, ohne Gewähr. Passende Ausführung, Preis und Lieferzeit nennen wir Ihnen auf Anfrage.</p>",taxable,1,,Gelenkfüße,,Elesa+Ganter,Anwendung,"Maschine / Anlage, Fördertechnik, Schaltschrank / Gehäuse",1,1,Funktion,Höhenverstellung,1,1,Bauform,Gelenkfuß,1,1,Material,"Edelstahl, Kunststoff",1,1,Gewinde,M10,1,1,Traglast,11000 (KR/KRE 2000-5000) N,1,0,Durchmesser,32/40/50 mm,1,0,,,,,,,,,1,vergleich
simple,BF-V-FA549163,Elesa+Ganter GN 343.5 M12,1,0,visible,"Edelstahl-Gelenkfuß mit Innengewinde, Kappen wählbar. Preis und Lieferzeit auf Anfrage.","<p>Edelstahl-Gelenkfuß mit Innengewinde, Kappen wählbar.</p><table><tbody><tr><th>Hersteller</th><td>Elesa+Ganter</td></tr><tr><th>Serie / Artikel</th><td>GN 343.5 M12</td></tr><tr><th>Maß / Ø (mm)</th><td>40/50/60</td></tr><tr><th>Material</th><td>Edelstahl 1.4305; Kappen POM/TPE</td></tr><tr><th>Gewinde / Anschluss</th><td>M12 Innengewinde</td></tr><tr><th>Traglast (N)</th><td>16000 (KR/KRE 3000-7000)</td></tr><tr><th>Varianten laut Hersteller</th><td>15</td></tr></tbody></table><p>Technische Angaben nach Herstellerunterlagen, ohne Gewähr. Passende Ausführung, Preis und Lieferzeit nennen wir Ihnen auf Anfrage.</p>",taxable,1,,Gelenkfüße,,Elesa+Ganter,Anwendung,"Maschine / Anlage, Fördertechnik, Schaltschrank / Gehäuse",1,1,Funktion,Höhenverstellung,1,1,Bauform,Gelenkfuß,1,1,Material,"Edelstahl, Kunststoff",1,1,Gewinde,M12,1,1,Traglast,16000 (KR/KRE 3000-7000) N,1,0,Durchmesser,40/50/60 mm,1,0,,,,,,,,,1,vergleich
simple,BF-V-964BC515,Elesa+Ganter GN 343.5 M16,1,0,visible,"Edelstahl-Gelenkfuß mit Innengewinde, Kappen wählbar. Preis und Lieferzeit auf Anfrage.","<p>Edelstahl-Gelenkfuß mit Innengewinde, Kappen wählbar.</p><table><tbody><tr><th>Hersteller</th><td>Elesa+Ganter</td></tr><tr><th>Serie / Artikel</th><td>GN 343.5 M16</td></tr><tr><th>Maß / Ø (mm)</th><td>60</td></tr><tr><th>Material</th><td>Edelstahl 1.4305; Kappen POM/TPE</td></tr><tr><th>Gewinde / Anschluss</th><td>M16 Innengewinde</td></tr><tr><th>Traglast (N)</th><td>30000 (KR/KRE 7000)</td></tr><tr><th>Varianten laut Hersteller</th><td>5</td></tr></tbody></table><p>Technische Angaben nach Herstellerunterlagen, ohne Gewähr. Passende Ausführung, Preis und Lieferzeit nennen wir Ihnen auf Anfrage.</p>",taxable,1,,Gelenkfüße,,Elesa+Ganter,Anwendung,"Maschine / Anlage, Fördertechnik, Schaltschrank / Gehäuse",1,1,Funktion,"Höhenverstellung, Hohe Traglast",1,1,Bauform,Gelenkfuß,1,1,Material,"Edelstahl, Kunststoff",1,1,Gewinde,M16,1,1,Traglast,30000 (KR/KRE 7000) N,1,0,Durchmesser,60 mm,1,0,,,,,,,,,1,vergleich
simple,BF-V-7284DFC2,Elesa+Ganter GN 343.5 M6,1,0,visible,"Edelstahl-Gelenkfuß mit Innengewinde, Kappen wählbar. Preis und Lieferzeit auf Anfrage.","<p>Edelstahl-Gelenkfuß mit Innengewinde, Kappen wählbar.</p><table><tbody><tr><th>Hersteller</th><td>Elesa+Ganter</td></tr><tr><th>Serie / Artikel</th><td>GN 343.5 M6</td></tr><tr><th>Maß / Ø (mm)</th><td>25</td></tr><tr><th>Material</th><td>Edelstahl 1.4305; Kappen POM/TPE</td></tr><tr><th>Gewinde / Anschluss</th><td>M6 Innengewinde</td></tr><tr><th>Traglast (N)</th><td>4000 (KR/KRE 1000)</td></tr><tr><th>Varianten laut Hersteller</th><td>5</td></tr></tbody></table><p>Technische Angaben nach Herstellerunterlagen, ohne Gewähr. Passende Ausführung, Preis und Lieferzeit nennen wir Ihnen auf Anfrage.</p>",taxable,1,,Gelenkfüße,,Elesa+Ganter,Anwendung,"Maschine / Anlage, Fördertechnik, Schaltschrank / Gehäuse",1,1,Funktion,Höhenverstellung,1,1,Bauform,Gelenkfuß,1,1,Material,"Edelstahl, Kunststoff",1,1,Gewinde,M6,1,1,Traglast,4000 (KR/KRE 1000) N,1,0,Durchmesser,25 mm,1,0,,,,,,,,,1,vergleich
simple,BF-V-1A017363,Elesa+Ganter GN 343.5 M8,1,0,visible,"Edelstahl-Gelenkfuß mit Innengewinde, Kappen wählbar. Preis und Lieferzeit auf Anfrage.","<p>Edelstahl-Gelenkfuß mit Innengewinde, Kappen wählbar.</p><table><tbody><tr><th>Hersteller</th><td>Elesa+Ganter</td></tr><tr><th>Serie / Artikel</th><td>GN 343.5 M8</td></tr><tr><th>Maß / Ø (mm)</th><td>25/32</td></tr><tr><th>Material</th><td>Edelstahl 1.4305; Kappen POM/TPE</td></tr><tr><th>Gewinde / Anschluss</th><td>M8 Innengewinde</td></tr><tr><th>Traglast (N)</th><td>7000 (KR/KRE 1000-2000)</td></tr><tr><th>Varianten laut Hersteller</th><td>10</td></tr></tbody></table><p>Technische Angaben nach Herstellerunterlagen, ohne Gewähr. Passende Ausführung, Preis und Lieferzeit nennen wir Ihnen auf Anfrage.</p>",taxable,1,,Gelenkfüße,,Elesa+Ganter,Anwendung,"Maschine / Anlage, Fördertechnik, Schaltschrank / Gehäuse",1,1,Funktion,Höhenverstellung,1,1,Bauform,Gelenkfuß,1,1,Material,"Edelstahl, Kunststoff",1,1,Gewinde,M8,1,1,Traglast,7000 (KR/KRE 1000-2000) N,1,0,Durchmesser,25/32 mm,1,0,,,,,,,,,1,vergleich
simple,BF-V-0A48BD8E,Elesa+Ganter GN 343.6 M10,1,0,visible,"Edelstahl-Gelenkfuß mit Verstellspindel, Kappen POM/TPE/ESD wählbar. Preis und Lieferzeit auf Anfrage.","<p>Edelstahl-Gelenkfuß mit Verstellspindel, Kappen POM/TPE/ESD wählbar.</p><table><tbody><tr><th>Hersteller</th><td>Elesa+Ganter</td></tr><tr><th>Serie / Artikel</th><td>GN 343.6 M10</td></tr><tr><th>Maß / Ø (mm)</th><td>25/32/40/50/60</td></tr><tr><th>Material</th><td>Edelstahl 1.4305; Mutter A2; Kappen POM/TPE</td></tr><tr><th>Gewinde / Anschluss</th><td>M10</td></tr><tr><th>Traglast (N)</th><td>11000 (KR/KRE 1000-7000)</td></tr><tr><th>Varianten laut Hersteller</th><td>75</td></tr></tbody></table><p>Technische Angaben nach Herstellerunterlagen, ohne Gewähr. Passende Ausführung, Preis und Lieferzeit nennen wir Ihnen auf Anfrage.</p>",taxable,1,,Gelenkfüße,,Elesa+Ganter,Anwendung,"Maschine / Anlage, Fördertechnik, Schaltschrank / Gehäuse",1,1,Funktion,Höhenverstellung,1,1,Bauform,Gelenkfuß,1,1,Material,"Edelstahl, Kunststoff",1,1,Gewinde,M10,1,1,Traglast,11000 (KR/KRE 1000-7000) N,1,0,Durchmesser,25/32/40/50/60 mm,1,0,,,,,,,,,1,vergleich
simple,BF-V-C37258E5,Elesa+Ganter GN 343.6 M12,1,0,visible,"Edelstahl-Gelenkfuß mit Verstellspindel, Kappen POM/TPE/ESD wählbar. Preis und Lieferzeit auf Anfrage.","<p>Edelstahl-Gelenkfuß mit Verstellspindel, Kappen POM/TPE/ESD wählbar.</p><table><tbody><tr><th>Hersteller</th><td>Elesa+Ganter</td></tr><tr><th>Serie / Artikel</th><td>GN 343.6 M12</td></tr><tr><th>Maß / Ø (mm)</th><td>32/40/50/60</td></tr><tr><th>Material</th><td>Edelstahl 1.4305; Mutter A2; Kappen POM/TPE</td></tr><tr><th>Gewinde / Anschluss</th><td>M12</td></tr><tr><th>Traglast (N)</th><td>16000 (KR/KRE 2000-7000)</td></tr><tr><th>Varianten laut Hersteller</th><td>60</td></tr></tbody></table><p>Technische Angaben nach Herstellerunterlagen, ohne Gewähr. Passende Ausführung, Preis und Lieferzeit nennen wir Ihnen auf Anfrage.</p>",taxable,1,,Gelenkfüße,,Elesa+Ganter,Anwendung,"Maschine / Anlage, Fördertechnik, Schaltschrank / Gehäuse",1,1,Funktion,Höhenverstellung,1,1,Bauform,Gelenkfuß,1,1,Material,"Edelstahl, Kunststoff",1,1,Gewinde,M12,1,1,Traglast,16000 (KR/KRE 2000-7000) N,1,0,Durchmesser,32/40/50/60 mm,1,0,,,,,,,,,1,vergleich
simple,BF-V-74B51457,Elesa+Ganter GN 343.6 M16,1,0,visible,"Edelstahl-Gelenkfuß mit Verstellspindel, Kappen POM/TPE/ESD wählbar. Preis und Lieferzeit auf Anfrage.","<p>Edelstahl-Gelenkfuß mit Verstellspindel, Kappen POM/TPE/ESD wählbar.</p><table><tbody><tr><th>Hersteller</th><td>Elesa+Ganter</td></tr><tr><th>Serie / Artikel</th><td>GN 343.6 M16</td></tr><tr><th>Maß / Ø (mm)</th><td>50/60</td></tr><tr><th>Material</th><td>Edelstahl 1.4305; Mutter A2; Kappen POM/TPE</td></tr><tr><th>Gewinde / Anschluss</th><td>M16</td></tr><tr><th>Traglast (N)</th><td>30000 (KR/KRE 5000-7000)</td></tr><tr><th>Varianten laut Hersteller</th><td>30</td></tr></tbody></table><p>Technische Angaben nach Herstellerunterlagen, ohne Gewähr. Passende Ausführung, Preis und Lieferzeit nennen wir Ihnen auf Anfrage.</p>",taxable,1,,Gelenkfüße,,Elesa+Ganter,Anwendung,"Maschine / Anlage, Fördertechnik, Schaltschrank / Gehäuse",1,1,Funktion,"Höhenverstellung, Hohe Traglast",1,1,Bauform,Gelenkfuß,1,1,Material,"Edelstahl, Kunststoff",1,1,Gewinde,M16,1,1,Traglast,30000 (KR/KRE 5000-7000) N,1,0,Durchmesser,50/60 mm,1,0,,,,,,,,,1,vergleich
simple,BF-V-B0327C75,Elesa+Ganter GN 343.6 M20,1,0,visible,"Edelstahl-Gelenkfuß mit Verstellspindel, Kappen POM/TPE/ESD wählbar. Preis und Lieferzeit auf Anfrage.","<p>Edelstahl-Gelenkfuß mit Verstellspindel, Kappen POM/TPE/ESD wählbar.</p><table><tbody><tr><th>Hersteller</th><td>Elesa+Ganter</td></tr><tr><th>Serie / Artikel</th><td>GN 343.6 M20</td></tr><tr><th>Maß / Ø (mm)</th><td>60</td></tr><tr><th>Material</th><td>Edelstahl 1.4305; Mutter A2; Kappen POM/TPE</td></tr><tr><th>Gewinde / Anschluss</th><td>M20</td></tr><tr><th>Traglast (N)</th><td>45000 (KR/KRE 7000)</td></tr><tr><th>Varianten laut Hersteller</th><td>15</td></tr></tbody></table><p>Technische Angaben nach Herstellerunterlagen, ohne Gewähr. Passende Ausführung, Preis und Lieferzeit nennen wir Ihnen auf Anfrage.</p>",taxable,1,,Gelenkfüße,,Elesa+Ganter,Anwendung,"Maschine / Anlage, Fördertechnik, Schaltschrank / Gehäuse",1,1,Funktion,"Höhenverstellung, Hohe Traglast",1,1,Bauform,Gelenkfuß,1,1,Material,"Edelstahl, Kunststoff",1,1,Gewinde,M20,1,1,Traglast,45000 (KR/KRE 7000) N,1,0,Durchmesser,60 mm,1,0,,,,,,,,,1,vergleich
simple,BF-V-22833FA5,Elesa+Ganter GN 343.6 M24,1,0,visible,"Edelstahl-Gelenkfuß mit Verstellspindel, Kappen POM/TPE/ESD wählbar. Preis und Lieferzeit auf Anfrage.","<p>Edelstahl-Gelenkfuß mit Verstellspindel, Kappen POM/TPE/ESD wählbar.</p><table><tbody><tr><th>Hersteller</th><td>Elesa+Ganter</td></tr><tr><th>Serie / Artikel</th><td>GN 343.6 M24</td></tr><tr><th>Maß / Ø (mm)</th><td>60</td></tr><tr><th>Material</th><td>Edelstahl 1.4305; Mutter A2; Kappen POM/TPE</td></tr><tr><th>Gewinde / Anschluss</th><td>M24</td></tr><tr><th>Traglast (N)</th><td>45000 (KR/KRE 7000)</td></tr><tr><th>Varianten laut Hersteller</th><td>15</td></tr></tbody></table><p>Technische Angaben nach Herstellerunterlagen, ohne Gewähr. Passende Ausführung, Preis und Lieferzeit nennen wir Ihnen auf Anfrage.</p>",taxable,1,,Gelenkfüße,,Elesa+Ganter,Anwendung,"Maschine / Anlage, Fördertechnik, Schaltschrank / Gehäuse",1,1,Funktion,"Höhenverstellung, Hohe Traglast",1,1,Bauform,Gelenkfuß,1,1,Material,"Edelstahl, Kunststoff",1,1,Gewinde,M24,1,1,Traglast,45000 (KR/KRE 7000) N,1,0,Durchmesser,60 mm,1,0,,,,,,,,,1,vergleich
simple,BF-V-BBA99057,Elesa+Ganter GN 343.6 M6,1,0,visible,"Edelstahl-Gelenkfuß mit Verstellspindel, Kappen POM/TPE/ESD wählbar. Preis und Lieferzeit auf Anfrage.","<p>Edelstahl-Gelenkfuß mit Verstellspindel, Kappen POM/TPE/ESD wählbar.</p><table><tbody><tr><th>Hersteller</th><td>Elesa+Ganter</td></tr><tr><th>Serie / Artikel</th><td>GN 343.6 M6</td></tr><tr><th>Maß / Ø (mm)</th><td>25</td></tr><tr><th>Material</th><td>Edelstahl 1.4305; Mutter A2; Kappen POM/TPE</td></tr><tr><th>Gewinde / Anschluss</th><td>M6</td></tr><tr><th>Traglast (N)</th><td>4000 (KR/KRE 1000)</td></tr><tr><th>Varianten laut Hersteller</th><td>15</td></tr></tbody></table><p>Technische Angaben nach Herstellerunterlagen, ohne Gewähr. Passende Ausführung, Preis und Lieferzeit nennen wir Ihnen auf Anfrage.</p>",taxable,1,,Gelenkfüße,,Elesa+Ganter,Anwendung,"Maschine / Anlage, Fördertechnik, Schaltschrank / Gehäuse",1,1,Funktion,Höhenverstellung,1,1,Bauform,Gelenkfuß,1,1,Material,"Edelstahl, Kunststoff",1,1,Gewinde,M6,1,1,Traglast,4000 (KR/KRE 1000) N,1,0,Durchmesser,25 mm,1,0,,,,,,,,,1,vergleich
simple,BF-V-7AEDEFD8,Elesa+Ganter GN 343.6 M8,1,0,visible,"Edelstahl-Gelenkfuß mit Verstellspindel, Kappen POM/TPE/ESD wählbar. Preis und Lieferzeit auf Anfrage.","<p>Edelstahl-Gelenkfuß mit Verstellspindel, Kappen POM/TPE/ESD wählbar.</p><table><tbody><tr><th>Hersteller</th><td>Elesa+Ganter</td></tr><tr><th>Serie / Artikel</th><td>GN 343.6 M8</td></tr><tr><th>Maß / Ø (mm)</th><td>25/32/40/50</td></tr><tr><th>Material</th><td>Edelstahl 1.4305; Mutter A2; Kappen POM/TPE</td></tr><tr><th>Gewinde / Anschluss</th><td>M8</td></tr><tr><th>Traglast (N)</th><td>7000 (KR/KRE 1000-5000)</td></tr><tr><th>Varianten laut Hersteller</th><td>60</td></tr></tbody></table><p>Technische Angaben nach Herstellerunterlagen, ohne Gewähr. Passende Ausführung, Preis und Lieferzeit nennen wir Ihnen auf Anfrage.</p>",taxable,1,,Gelenkfüße,,Elesa+Ganter,Anwendung,"Maschine / Anlage, Fördertechnik, Schaltschrank / Gehäuse",1,1,Funktion,Höhenverstellung,1,1,Bauform,Gelenkfuß,1,1,Material,"Edelstahl, Kunststoff",1,1,Gewinde,M8,1,1,Traglast,7000 (KR/KRE 1000-5000) N,1,0,Durchmesser,25/32/40/50 mm,1,0,,,,,,,,,1,vergleich
simple,BF-V-48CCB0C1,Elesa+Ganter GN 343.8 M10,1,0,visible,"Kunststoffteller mit Edelstahlspindel, optional NBR-Gummiauflage. Preis und Lieferzeit auf Anfrage.","<p>Kunststoffteller mit Edelstahlspindel, optional NBR-Gummiauflage.</p><table><tbody><tr><th>Hersteller</th><td>Elesa+Ganter</td></tr><tr><th>Serie / Artikel</th><td>GN 343.8 M10</td></tr><tr><th>Maß / Ø (mm)</th><td>25/32/40/50/60</td></tr><tr><th>Material</th><td>PA glasfaserverstärkt; Edelstahl 1.4305; NBR</td></tr><tr><th>Gewinde / Anschluss</th><td>M10</td></tr><tr><th>Traglast (N)</th><td>5000-10000 (Form G 1000-6000)</td></tr><tr><th>Varianten laut Hersteller</th><td>30</td></tr></tbody></table><p>Technische Angaben nach Herstellerunterlagen, ohne Gewähr. Passende Ausführung, Preis und Lieferzeit nennen wir Ihnen auf Anfrage.</p>",taxable,1,,Gelenkfüße,,Elesa+Ganter,Anwendung,"Maschine / Anlage, Fördertechnik, Schaltschrank / Gehäuse",1,1,Funktion,Höhenverstellung,1,1,Bauform,Gelenkfuß,1,1,Material,"Edelstahl, Kunststoff",1,1,Gewinde,M10,1,1,Traglast,5000-10000 (Form G 1000-6000) N,1,0,Durchmesser,25/32/40/50/60 mm,1,0,,,,,,,,,1,vergleich
simple,BF-V-487D4CEC,Elesa+Ganter GN 343.8 M12,1,0,visible,"Kunststoffteller mit Edelstahlspindel, optional NBR-Gummiauflage. Preis und Lieferzeit auf Anfrage.","<p>Kunststoffteller mit Edelstahlspindel, optional NBR-Gummiauflage.</p><table><tbody><tr><th>Hersteller</th><td>Elesa+Ganter</td></tr><tr><th>Serie / Artikel</th><td>GN 343.8 M12</td></tr><tr><th>Maß / Ø (mm)</th><td>32/40/50/60</td></tr><tr><th>Material</th><td>PA glasfaserverstärkt; Edelstahl 1.4305; NBR</td></tr><tr><th>Gewinde / Anschluss</th><td>M12</td></tr><tr><th>Traglast (N)</th><td>7000-14000 (Form G 2000-6000)</td></tr><tr><th>Varianten laut Hersteller</th><td>24</td></tr></tbody></table><p>Technische Angaben nach Herstellerunterlagen, ohne Gewähr. Passende Ausführung, Preis und Lieferzeit nennen wir Ihnen auf Anfrage.</p>",taxable,1,,Gelenkfüße,,Elesa+Ganter,Anwendung,"Maschine / Anlage, Fördertechnik, Schaltschrank / Gehäuse",1,1,Funktion,Höhenverstellung,1,1,Bauform,Gelenkfuß,1,1,Material,"Edelstahl, Kunststoff",1,1,Gewinde,M12,1,1,Traglast,7000-14000 (Form G 2000-6000) N,1,0,Durchmesser,32/40/50/60 mm,1,0,,,,,,,,,1,vergleich
simple,BF-V-53AB46D0,Elesa+Ganter GN 343.8 M16,1,0,visible,"Kunststoffteller mit Edelstahlspindel, optional NBR-Gummiauflage. Preis und Lieferzeit auf Anfrage.","<p>Kunststoffteller mit Edelstahlspindel, optional NBR-Gummiauflage.</p><table><tbody><tr><th>Hersteller</th><td>Elesa+Ganter</td></tr><tr><th>Serie / Artikel</th><td>GN 343.8 M16</td></tr><tr><th>Maß / Ø (mm)</th><td>50/60</td></tr><tr><th>Material</th><td>PA glasfaserverstärkt; Edelstahl 1.4305; NBR</td></tr><tr><th>Gewinde / Anschluss</th><td>M16</td></tr><tr><th>Traglast (N)</th><td>10000-14000 (Form G 4000-6000)</td></tr><tr><th>Varianten laut Hersteller</th><td>12</td></tr></tbody></table><p>Technische Angaben nach Herstellerunterlagen, ohne Gewähr. Passende Ausführung, Preis und Lieferzeit nennen wir Ihnen auf Anfrage.</p>",taxable,1,,Gelenkfüße,,Elesa+Ganter,Anwendung,"Maschine / Anlage, Fördertechnik, Schaltschrank / Gehäuse",1,1,Funktion,Höhenverstellung,1,1,Bauform,Gelenkfuß,1,1,Material,"Edelstahl, Kunststoff",1,1,Gewinde,M16,1,1,Traglast,10000-14000 (Form G 4000-6000) N,1,0,Durchmesser,50/60 mm,1,0,,,,,,,,,1,vergleich
simple,BF-V-F48AC0EC,Elesa+Ganter GN 343.8 M20,1,0,visible,"Kunststoffteller mit Edelstahlspindel, optional NBR-Gummiauflage. Preis und Lieferzeit auf Anfrage.","<p>Kunststoffteller mit Edelstahlspindel, optional NBR-Gummiauflage.</p><table><tbody><tr><th>Hersteller</th><td>Elesa+Ganter</td></tr><tr><th>Serie / Artikel</th><td>GN 343.8 M20</td></tr><tr><th>Maß / Ø (mm)</th><td>60</td></tr><tr><th>Material</th><td>PA glasfaserverstärkt; Edelstahl 1.4305; NBR</td></tr><tr><th>Gewinde / Anschluss</th><td>M20</td></tr><tr><th>Traglast (N)</th><td>14000 (Form G 6000)</td></tr><tr><th>Varianten laut Hersteller</th><td>6</td></tr></tbody></table><p>Technische Angaben nach Herstellerunterlagen, ohne Gewähr. Passende Ausführung, Preis und Lieferzeit nennen wir Ihnen auf Anfrage.</p>",taxable,1,,Gelenkfüße,,Elesa+Ganter,Anwendung,"Maschine / Anlage, Fördertechnik, Schaltschrank / Gehäuse",1,1,Funktion,Höhenverstellung,1,1,Bauform,Gelenkfuß,1,1,Material,"Edelstahl, Kunststoff",1,1,Gewinde,M20,1,1,Traglast,14000 (Form G 6000) N,1,0,Durchmesser,60 mm,1,0,,,,,,,,,1,vergleich
simple,BF-V-8861C1D4,Elesa+Ganter GN 343.8 M24,1,0,visible,"Kunststoffteller mit Edelstahlspindel, optional NBR-Gummiauflage. Preis und Lieferzeit auf Anfrage.","<p>Kunststoffteller mit Edelstahlspindel, optional NBR-Gummiauflage.</p><table><tbody><tr><th>Hersteller</th><td>Elesa+Ganter</td></tr><tr><th>Serie / Artikel</th><td>GN 343.8 M24</td></tr><tr><th>Maß / Ø (mm)</th><td>60</td></tr><tr><th>Material</th><td>PA glasfaserverstärkt; Edelstahl 1.4305; NBR</td></tr><tr><th>Gewinde / Anschluss</th><td>M24</td></tr><tr><th>Traglast (N)</th><td>14000 (Form G 6000)</td></tr><tr><th>Varianten laut Hersteller</th><td>6</td></tr></tbody></table><p>Technische Angaben nach Herstellerunterlagen, ohne Gewähr. Passende Ausführung, Preis und Lieferzeit nennen wir Ihnen auf Anfrage.</p>",taxable,1,,Gelenkfüße,,Elesa+Ganter,Anwendung,"Maschine / Anlage, Fördertechnik, Schaltschrank / Gehäuse",1,1,Funktion,Höhenverstellung,1,1,Bauform,Gelenkfuß,1,1,Material,"Edelstahl, Kunststoff",1,1,Gewinde,M24,1,1,Traglast,14000 (Form G 6000) N,1,0,Durchmesser,60 mm,1,0,,,,,,,,,1,vergleich
simple,BF-V-1F5DF697,Elesa+Ganter GN 343.8 M6,1,0,visible,"Kunststoffteller mit Edelstahlspindel, optional NBR-Gummiauflage. Preis und Lieferzeit auf Anfrage.","<p>Kunststoffteller mit Edelstahlspindel, optional NBR-Gummiauflage.</p><table><tbody><tr><th>Hersteller</th><td>Elesa+Ganter</td></tr><tr><th>Serie / Artikel</th><td>GN 343.8 M6</td></tr><tr><th>Maß / Ø (mm)</th><td>25</td></tr><tr><th>Material</th><td>PA glasfaserverstärkt; Edelstahl 1.4305; NBR</td></tr><tr><th>Gewinde / Anschluss</th><td>M6</td></tr><tr><th>Traglast (N)</th><td>5000 (Form G 1000)</td></tr><tr><th>Varianten laut Hersteller</th><td>6</td></tr></tbody></table><p>Technische Angaben nach Herstellerunterlagen, ohne Gewähr. Passende Ausführung, Preis und Lieferzeit nennen wir Ihnen auf Anfrage.</p>",taxable,1,,Gelenkfüße,,Elesa+Ganter,Anwendung,"Maschine / Anlage, Fördertechnik, Schaltschrank / Gehäuse",1,1,Funktion,Höhenverstellung,1,1,Bauform,Gelenkfuß,1,1,Material,"Edelstahl, Kunststoff",1,1,Gewinde,M6,1,1,Traglast,5000 (Form G 1000) N,1,0,Durchmesser,25 mm,1,0,,,,,,,,,1,vergleich
simple,BF-V-11F33940,Elesa+Ganter GN 343.8 M8,1,0,visible,"Kunststoffteller mit Edelstahlspindel, optional NBR-Gummiauflage. Preis und Lieferzeit auf Anfrage.","<p>Kunststoffteller mit Edelstahlspindel, optional NBR-Gummiauflage.</p><table><tbody><tr><th>Hersteller</th><td>Elesa+Ganter</td></tr><tr><th>Serie / Artikel</th><td>GN 343.8 M8</td></tr><tr><th>Maß / Ø (mm)</th><td>25/32/40/50</td></tr><tr><th>Material</th><td>PA glasfaserverstärkt; Edelstahl 1.4305; NBR</td></tr><tr><th>Gewinde / Anschluss</th><td>M8</td></tr><tr><th>Traglast (N)</th><td>5000-10000 (Form G 1000-4000)</td></tr><tr><th>Varianten laut Hersteller</th><td>24</td></tr></tbody></table><p>Technische Angaben nach Herstellerunterlagen, ohne Gewähr. Passende Ausführung, Preis und Lieferzeit nennen wir Ihnen auf Anfrage.</p>",taxable,1,,Gelenkfüße,,Elesa+Ganter,Anwendung,"Maschine / Anlage, Fördertechnik, Schaltschrank / Gehäuse",1,1,Funktion,Höhenverstellung,1,1,Bauform,Gelenkfuß,1,1,Material,"Edelstahl, Kunststoff",1,1,Gewinde,M8,1,1,Traglast,5000-10000 (Form G 1000-4000) N,1,0,Durchmesser,25/32/40/50 mm,1,0,,,,,,,,,1,vergleich
simple,BF-V-19E9FF82,Elesa+Ganter GN 344 M10,1,0,visible,"Kunststoff-Fußteller mit Stahlspindel, optional NBR, Elesa-Typ LV.A. Preis und Lieferzeit auf Anfrage.","<p>Kunststoff-Fußteller mit Stahlspindel, optional NBR, Elesa-Typ LV.A.</p><table><tbody><tr><th>Hersteller</th><td>Elesa+Ganter</td></tr><tr><th>Serie / Artikel</th><td>GN 344 M10</td></tr><tr><th>Maß / Ø (mm)</th><td>60/80/100</td></tr><tr><th>Material</th><td>PA glasfaserverstärkt; Stahl 5.8 verzinkt; NBR 70 Shore A</td></tr><tr><th>Gewinde / Anschluss</th><td>M10</td></tr><tr><th>Traglast (N)</th><td>14000-18000</td></tr></tbody></table><p>Technische Angaben nach Herstellerunterlagen, ohne Gewähr. Passende Ausführung, Preis und Lieferzeit nennen wir Ihnen auf Anfrage.</p>",taxable,1,,Gelenkfüße,,Elesa+Ganter,Anwendung,"Maschine / Anlage, Fördertechnik, Schaltschrank / Gehäuse",1,1,Funktion,Höhenverstellung,1,1,Bauform,Gelenkfuß,1,1,Material,"Stahl, Kunststoff",1,1,Gewinde,M10,1,1,Traglast,14000-18000 N,1,0,Durchmesser,60/80/100 mm,1,0,,,,,,,,,1,vergleich
simple,BF-V-32EDE3CF,Elesa+Ganter GN 344 M12,1,0,visible,"Kunststoff-Fußteller mit Stahlspindel, optional NBR, Elesa-Typ LV.A. Preis und Lieferzeit auf Anfrage.","<p>Kunststoff-Fußteller mit Stahlspindel, optional NBR, Elesa-Typ LV.A.</p><table><tbody><tr><th>Hersteller</th><td>Elesa+Ganter</td></tr><tr><th>Serie / Artikel</th><td>GN 344 M12</td></tr><tr><th>Maß / Ø (mm)</th><td>60/80/100</td></tr><tr><th>Material</th><td>PA glasfaserverstärkt; Stahl 5.8 verzinkt; NBR 70 Shore A</td></tr><tr><th>Gewinde / Anschluss</th><td>M12</td></tr><tr><th>Traglast (N)</th><td>14000-18000</td></tr></tbody></table><p>Technische Angaben nach Herstellerunterlagen, ohne Gewähr. Passende Ausführung, Preis und Lieferzeit nennen wir Ihnen auf Anfrage.</p>",taxable,1,,Gelenkfüße,,Elesa+Ganter,Anwendung,"Maschine / Anlage, Fördertechnik, Schaltschrank / Gehäuse",1,1,Funktion,Höhenverstellung,1,1,Bauform,Gelenkfuß,1,1,Material,"Stahl, Kunststoff",1,1,Gewinde,M12,1,1,Traglast,14000-18000 N,1,0,Durchmesser,60/80/100 mm,1,0,,,,,,,,,1,vergleich
simple,BF-V-CDACB0CE,Elesa+Ganter GN 344 M14,1,0,visible,"Kunststoff-Fußteller mit Stahlspindel, optional NBR, Elesa-Typ LV.A. Preis und Lieferzeit auf Anfrage.","<p>Kunststoff-Fußteller mit Stahlspindel, optional NBR, Elesa-Typ LV.A.</p><table><tbody><tr><th>Hersteller</th><td>Elesa+Ganter</td></tr><tr><th>Serie / Artikel</th><td>GN 344 M14</td></tr><tr><th>Maß / Ø (mm)</th><td>60/80/100</td></tr><tr><th>Material</th><td>PA glasfaserverstärkt; Stahl 5.8 verzinkt; NBR 70 Shore A</td></tr><tr><th>Gewinde / Anschluss</th><td>M14</td></tr><tr><th>Traglast (N)</th><td>14000-18000</td></tr></tbody></table><p>Technische Angaben nach Herstellerunterlagen, ohne Gewähr. Passende Ausführung, Preis und Lieferzeit nennen wir Ihnen auf Anfrage.</p>",taxable,1,,Gelenkfüße,,Elesa+Ganter,Anwendung,"Maschine / Anlage, Fördertechnik, Schaltschrank / Gehäuse",1,1,Funktion,Höhenverstellung,1,1,Bauform,Gelenkfuß,1,1,Material,"Stahl, Kunststoff",1,1,Gewinde,M14,1,1,Traglast,14000-18000 N,1,0,Durchmesser,60/80/100 mm,1,0,,,,,,,,,1,vergleich
simple,BF-V-FB9227B4,Elesa+Ganter GN 344 M16,1,0,visible,"Kunststoff-Fußteller mit Stahlspindel, optional NBR, Elesa-Typ LV.A. Preis und Lieferzeit auf Anfrage.","<p>Kunststoff-Fußteller mit Stahlspindel, optional NBR, Elesa-Typ LV.A.</p><table><tbody><tr><th>Hersteller</th><td>Elesa+Ganter</td></tr><tr><th>Serie / Artikel</th><td>GN 344 M16</td></tr><tr><th>Maß / Ø (mm)</th><td>60/80/100/125</td></tr><tr><th>Material</th><td>PA glasfaserverstärkt; Stahl 5.8 verzinkt; NBR 70 Shore A</td></tr><tr><th>Gewinde / Anschluss</th><td>M16</td></tr><tr><th>Traglast (N)</th><td>14000-28000</td></tr></tbody></table><p>Technische Angaben nach Herstellerunterlagen, ohne Gewähr. Passende Ausführung, Preis und Lieferzeit nennen wir Ihnen auf Anfrage.</p>",taxable,1,,Gelenkfüße,,Elesa+Ganter,Anwendung,"Maschine / Anlage, Fördertechnik, Schaltschrank / Gehäuse",1,1,Funktion,Höhenverstellung,1,1,Bauform,Gelenkfuß,1,1,Material,"Stahl, Kunststoff",1,1,Gewinde,M16,1,1,Traglast,14000-28000 N,1,0,Durchmesser,60/80/100/125 mm,1,0,,,,,,,,,1,vergleich
simple,BF-V-6F9D7DC9,Elesa+Ganter GN 344 M20,1,0,visible,"Kunststoff-Fußteller mit Stahlspindel, optional NBR, Elesa-Typ LV.A. Preis und Lieferzeit auf Anfrage.","<p>Kunststoff-Fußteller mit Stahlspindel, optional NBR, Elesa-Typ LV.A.</p><table><tbody><tr><th>Hersteller</th><td>Elesa+Ganter</td></tr><tr><th>Serie / Artikel</th><td>GN 344 M20</td></tr><tr><th>Maß / Ø (mm)</th><td>60/80/100/125</td></tr><tr><th>Material</th><td>PA glasfaserverstärkt; Stahl 5.8 verzinkt; NBR 70 Shore A</td></tr><tr><th>Gewinde / Anschluss</th><td>M20</td></tr><tr><th>Traglast (N)</th><td>18000-28000</td></tr></tbody></table><p>Technische Angaben nach Herstellerunterlagen, ohne Gewähr. Passende Ausführung, Preis und Lieferzeit nennen wir Ihnen auf Anfrage.</p>",taxable,1,,Gelenkfüße,,Elesa+Ganter,Anwendung,"Maschine / Anlage, Fördertechnik, Schaltschrank / Gehäuse",1,1,Funktion,Höhenverstellung,1,1,Bauform,Gelenkfuß,1,1,Material,"Stahl, Kunststoff",1,1,Gewinde,M20,1,1,Traglast,18000-28000 N,1,0,Durchmesser,60/80/100/125 mm,1,0,,,,,,,,,1,vergleich
simple,BF-V-2F9D0E7D,Elesa+Ganter GN 344 M24,1,0,visible,"Kunststoff-Fußteller mit Stahlspindel, optional NBR, Elesa-Typ LV.A. Preis und Lieferzeit auf Anfrage.","<p>Kunststoff-Fußteller mit Stahlspindel, optional NBR, Elesa-Typ LV.A.</p><table><tbody><tr><th>Hersteller</th><td>Elesa+Ganter</td></tr><tr><th>Serie / Artikel</th><td>GN 344 M24</td></tr><tr><th>Maß / Ø (mm)</th><td>60/80/100/125</td></tr><tr><th>Material</th><td>PA glasfaserverstärkt; Stahl 5.8 verzinkt; NBR 70 Shore A</td></tr><tr><th>Gewinde / Anschluss</th><td>M24</td></tr><tr><th>Traglast (N)</th><td>18000-28000</td></tr></tbody></table><p>Technische Angaben nach Herstellerunterlagen, ohne Gewähr. Passende Ausführung, Preis und Lieferzeit nennen wir Ihnen auf Anfrage.</p>",taxable,1,,Gelenkfüße,,Elesa+Ganter,Anwendung,"Maschine / Anlage, Fördertechnik, Schaltschrank / Gehäuse",1,1,Funktion,Höhenverstellung,1,1,Bauform,Gelenkfuß,1,1,Material,"Stahl, Kunststoff",1,1,Gewinde,M24,1,1,Traglast,18000-28000 N,1,0,Durchmesser,60/80/100/125 mm,1,0,,,,,,,,,1,vergleich
simple,BF-V-8FB9F468,Elesa+Ganter GN 344 M8,1,0,visible,"Kunststoff-Fußteller mit Stahlspindel, optional NBR, Elesa-Typ LV.A. Preis und Lieferzeit auf Anfrage.","<p>Kunststoff-Fußteller mit Stahlspindel, optional NBR, Elesa-Typ LV.A.</p><table><tbody><tr><th>Hersteller</th><td>Elesa+Ganter</td></tr><tr><th>Serie / Artikel</th><td>GN 344 M8</td></tr><tr><th>Maß / Ø (mm)</th><td>60/80/100</td></tr><tr><th>Material</th><td>PA glasfaserverstärkt; Stahl 5.8 verzinkt; NBR 70 Shore A</td></tr><tr><th>Gewinde / Anschluss</th><td>M8</td></tr><tr><th>Traglast (N)</th><td>14000-18000</td></tr></tbody></table><p>Technische Angaben nach Herstellerunterlagen, ohne Gewähr. Passende Ausführung, Preis und Lieferzeit nennen wir Ihnen auf Anfrage.</p>",taxable,1,,Gelenkfüße,,Elesa+Ganter,Anwendung,"Maschine / Anlage, Fördertechnik, Schaltschrank / Gehäuse",1,1,Funktion,Höhenverstellung,1,1,Bauform,Gelenkfuß,1,1,Material,"Stahl, Kunststoff",1,1,Gewinde,M8,1,1,Traglast,14000-18000 N,1,0,Durchmesser,60/80/100 mm,1,0,,,,,,,,,1,vergleich
simple,BF-V-EF052BD9,Elesa+Ganter GN 344.9 M10,1,0,visible,"Vollkunststoff-Gelenkfuß mit Kunststoffspindel, optional NBR. Preis und Lieferzeit auf Anfrage.","<p>Vollkunststoff-Gelenkfuß mit Kunststoffspindel, optional NBR.</p><table><tbody><tr><th>Hersteller</th><td>Elesa+Ganter</td></tr><tr><th>Serie / Artikel</th><td>GN 344.9 M10</td></tr><tr><th>Maß / Ø (mm)</th><td>60/80/100</td></tr><tr><th>Material</th><td>PA glasfaserverstärkt (Teller und Spindel); NBR</td></tr><tr><th>Gewinde / Anschluss</th><td>M10</td></tr><tr><th>Traglast (N)</th><td>4800</td></tr><tr><th>Varianten laut Hersteller</th><td>18</td></tr></tbody></table><p>Technische Angaben nach Herstellerunterlagen, ohne Gewähr. Passende Ausführung, Preis und Lieferzeit nennen wir Ihnen auf Anfrage.</p>",taxable,1,,Gelenkfüße,,Elesa+Ganter,Anwendung,"Maschine / Anlage, Fördertechnik, Schaltschrank / Gehäuse",1,1,Funktion,Höhenverstellung,1,1,Bauform,Gelenkfuß,1,1,Material,Kunststoff,1,1,Gewinde,M10,1,1,Traglast,4800 N,1,0,Durchmesser,60/80/100 mm,1,0,,,,,,,,,1,vergleich
simple,BF-V-1D8E09E1,Elesa+Ganter GN 344.9 M12,1,0,visible,"Vollkunststoff-Gelenkfuß mit Kunststoffspindel, optional NBR. Preis und Lieferzeit auf Anfrage.","<p>Vollkunststoff-Gelenkfuß mit Kunststoffspindel, optional NBR.</p><table><tbody><tr><th>Hersteller</th><td>Elesa+Ganter</td></tr><tr><th>Serie / Artikel</th><td>GN 344.9 M12</td></tr><tr><th>Maß / Ø (mm)</th><td>60/80/100</td></tr><tr><th>Material</th><td>PA glasfaserverstärkt (Teller und Spindel); NBR</td></tr><tr><th>Gewinde / Anschluss</th><td>M12</td></tr><tr><th>Traglast (N)</th><td>6800</td></tr><tr><th>Varianten laut Hersteller</th><td>18</td></tr></tbody></table><p>Technische Angaben nach Herstellerunterlagen, ohne Gewähr. Passende Ausführung, Preis und Lieferzeit nennen wir Ihnen auf Anfrage.</p>",taxable,1,,Gelenkfüße,,Elesa+Ganter,Anwendung,"Maschine / Anlage, Fördertechnik, Schaltschrank / Gehäuse",1,1,Funktion,Höhenverstellung,1,1,Bauform,Gelenkfuß,1,1,Material,Kunststoff,1,1,Gewinde,M12,1,1,Traglast,6800 N,1,0,Durchmesser,60/80/100 mm,1,0,,,,,,,,,1,vergleich
simple,BF-V-14A6CABE,Elesa+Ganter GN 344.9 M8,1,0,visible,"Vollkunststoff-Gelenkfuß mit Kunststoffspindel, optional NBR. Preis und Lieferzeit auf Anfrage.","<p>Vollkunststoff-Gelenkfuß mit Kunststoffspindel, optional NBR.</p><table><tbody><tr><th>Hersteller</th><td>Elesa+Ganter</td></tr><tr><th>Serie / Artikel</th><td>GN 344.9 M8</td></tr><tr><th>Maß / Ø (mm)</th><td>60/80/100</td></tr><tr><th>Material</th><td>PA glasfaserverstärkt (Teller und Spindel); NBR</td></tr><tr><th>Gewinde / Anschluss</th><td>M8</td></tr><tr><th>Traglast (N)</th><td>2700</td></tr><tr><th>Varianten laut Hersteller</th><td>12</td></tr></tbody></table><p>Technische Angaben nach Herstellerunterlagen, ohne Gewähr. Passende Ausführung, Preis und Lieferzeit nennen wir Ihnen auf Anfrage.</p>",taxable,1,,Gelenkfüße,,Elesa+Ganter,Anwendung,"Maschine / Anlage, Fördertechnik, Schaltschrank / Gehäuse",1,1,Funktion,Höhenverstellung,1,1,Bauform,Gelenkfuß,1,1,Material,Kunststoff,1,1,Gewinde,M8,1,1,Traglast,2700 N,1,0,Durchmesser,60/80/100 mm,1,0,,,,,,,,,1,vergleich
simple,BF-V-8ED8E665,Elesa+Ganter GN 6311.4 M10,1,0,visible,"Stahl-Gelenkfuß mit Haltefeder, Kappe POM oder TPE wählbar. Preis und Lieferzeit auf Anfrage.","<p>Stahl-Gelenkfuß mit Haltefeder, Kappe POM oder TPE wählbar.</p><table><tbody><tr><th>Hersteller</th><td>Elesa+Ganter</td></tr><tr><th>Serie / Artikel</th><td>GN 6311.4 M10</td></tr><tr><th>Maß / Ø (mm)</th><td>50</td></tr><tr><th>Material</th><td>Stahl 5.8 verzinkt blau passiviert; POM/TPE</td></tr><tr><th>Gewinde / Anschluss</th><td>M10</td></tr><tr><th>Traglast (N)</th><td>13000 (Form R 5000)</td></tr></tbody></table><p>Technische Angaben nach Herstellerunterlagen, ohne Gewähr. Passende Ausführung, Preis und Lieferzeit nennen wir Ihnen auf Anfrage.</p>",taxable,1,,Gelenkfüße,,Elesa+Ganter,Anwendung,"Maschine / Anlage, Fördertechnik, Schaltschrank / Gehäuse",1,1,Funktion,Höhenverstellung,1,1,Bauform,Gelenkfuß,1,1,Material,"Stahl, Kunststoff",1,1,Gewinde,M10,1,1,Traglast,13000 (Form R 5000) N,1,0,Durchmesser,50 mm,1,0,,,,,,,,,1,vergleich
simple,BF-V-B7534684,Elesa+Ganter GN 6311.4 M12,1,0,visible,"Stahl-Gelenkfuß mit Haltefeder, Kappe POM oder TPE wählbar. Preis und Lieferzeit auf Anfrage.","<p>Stahl-Gelenkfuß mit Haltefeder, Kappe POM oder TPE wählbar.</p><table><tbody><tr><th>Hersteller</th><td>Elesa+Ganter</td></tr><tr><th>Serie / Artikel</th><td>GN 6311.4 M12</td></tr><tr><th>Maß / Ø (mm)</th><td>50</td></tr><tr><th>Material</th><td>Stahl 5.8 verzinkt blau passiviert; POM/TPE</td></tr><tr><th>Gewinde / Anschluss</th><td>M12</td></tr><tr><th>Traglast (N)</th><td>13000 (Form R 5000)</td></tr></tbody></table><p>Technische Angaben nach Herstellerunterlagen, ohne Gewähr. Passende Ausführung, Preis und Lieferzeit nennen wir Ihnen auf Anfrage.</p>",taxable,1,,Gelenkfüße,,Elesa+Ganter,Anwendung,"Maschine / Anlage, Fördertechnik, Schaltschrank / Gehäuse",1,1,Funktion,Höhenverstellung,1,1,Bauform,Gelenkfuß,1,1,Material,"Stahl, Kunststoff",1,1,Gewinde,M12,1,1,Traglast,13000 (Form R 5000) N,1,0,Durchmesser,50 mm,1,0,,,,,,,,,1,vergleich
simple,BF-V-10CBE62C,Elesa+Ganter GN 6311.4 M16,1,0,visible,"Stahl-Gelenkfuß mit Haltefeder, Kappe POM oder TPE wählbar. Preis und Lieferzeit auf Anfrage.","<p>Stahl-Gelenkfuß mit Haltefeder, Kappe POM oder TPE wählbar.</p><table><tbody><tr><th>Hersteller</th><td>Elesa+Ganter</td></tr><tr><th>Serie / Artikel</th><td>GN 6311.4 M16</td></tr><tr><th>Maß / Ø (mm)</th><td>50/60/80/100</td></tr><tr><th>Material</th><td>Stahl 5.8 verzinkt blau passiviert; POM/TPE</td></tr><tr><th>Gewinde / Anschluss</th><td>M16</td></tr><tr><th>Traglast (N)</th><td>30000 (Form R 5000-19000)</td></tr></tbody></table><p>Technische Angaben nach Herstellerunterlagen, ohne Gewähr. Passende Ausführung, Preis und Lieferzeit nennen wir Ihnen auf Anfrage.</p>",taxable,1,,Gelenkfüße,,Elesa+Ganter,Anwendung,"Maschine / Anlage, Fördertechnik, Schaltschrank / Gehäuse",1,1,Funktion,"Höhenverstellung, Hohe Traglast",1,1,Bauform,Gelenkfuß,1,1,Material,"Stahl, Kunststoff",1,1,Gewinde,M16,1,1,Traglast,30000 (Form R 5000-19000) N,1,0,Durchmesser,50/60/80/100 mm,1,0,,,,,,,,,1,vergleich
simple,BF-V-7B17A791,Elesa+Ganter GN 6311.4 M20,1,0,visible,"Stahl-Gelenkfuß mit Haltefeder, Kappe POM oder TPE wählbar. Preis und Lieferzeit auf Anfrage.","<p>Stahl-Gelenkfuß mit Haltefeder, Kappe POM oder TPE wählbar.</p><table><tbody><tr><th>Hersteller</th><td>Elesa+Ganter</td></tr><tr><th>Serie / Artikel</th><td>GN 6311.4 M20</td></tr><tr><th>Maß / Ø (mm)</th><td>60/80/100</td></tr><tr><th>Material</th><td>Stahl 5.8 verzinkt blau passiviert; POM/TPE</td></tr><tr><th>Gewinde / Anschluss</th><td>M20</td></tr><tr><th>Traglast (N)</th><td>50000 (Form R 7000-19000)</td></tr></tbody></table><p>Technische Angaben nach Herstellerunterlagen, ohne Gewähr. Passende Ausführung, Preis und Lieferzeit nennen wir Ihnen auf Anfrage.</p>",taxable,1,,Gelenkfüße,,Elesa+Ganter,Anwendung,"Maschine / Anlage, Fördertechnik, Schaltschrank / Gehäuse",1,1,Funktion,"Höhenverstellung, Hohe Traglast",1,1,Bauform,Gelenkfuß,1,1,Material,"Stahl, Kunststoff",1,1,Gewinde,M20,1,1,Traglast,50000 (Form R 7000-19000) N,1,0,Durchmesser,60/80/100 mm,1,0,,,,,,,,,1,vergleich
simple,BF-V-723242A9,Essentra Components Stud Mount Levelling Feet Plastic Swivel Base M10,1,0,visible,"Kunststoff-Gelenkteller mit Stahlbolzen oder Gewindeeinsatz, leichte Ausführung. Preis und Lieferzeit auf Anfrage.","<p>Kunststoff-Gelenkteller mit Stahlbolzen oder Gewindeeinsatz, leichte Ausführung.</p><table><tbody><tr><th>Hersteller</th><td>Essentra Components</td></tr><tr><th>Serie / Artikel</th><td>Stud Mount Levelling Feet Plastic Swivel Base M10</td></tr><tr><th>Maß / Ø (mm)</th><td>32/38/48</td></tr><tr><th>Material</th><td>PP/PE/PA; Stahlbolzen</td></tr><tr><th>Gewinde / Anschluss</th><td>M10</td></tr></tbody></table><p>Technische Angaben nach Herstellerunterlagen, ohne Gewähr. Passende Ausführung, Preis und Lieferzeit nennen wir Ihnen auf Anfrage.</p>",taxable,1,,Gelenkfüße,,Essentra Components,Anwendung,"Maschine / Anlage, Fördertechnik, Schaltschrank / Gehäuse",1,1,Funktion,Höhenverstellung,1,1,Bauform,Gelenkfuß,1,1,Material,"Stahl, Kunststoff",1,1,Gewinde,M10,1,1,Durchmesser,32/38/48 mm,1,0,,,,,,,,,,,,,1,vergleich
simple,BF-V-265E1CDD,Essentra Components Stud Mount Levelling Feet Plastic Swivel Base M24,1,0,visible,"Kunststoff-Gelenkteller mit Stahlbolzen oder Gewindeeinsatz, leichte Ausführung. Preis und Lieferzeit auf Anfrage.","<p>Kunststoff-Gelenkteller mit Stahlbolzen oder Gewindeeinsatz, leichte Ausführung.</p><table><tbody><tr><th>Hersteller</th><td>Essentra Components</td></tr><tr><th>Serie / Artikel</th><td>Stud Mount Levelling Feet Plastic Swivel Base M24</td></tr><tr><th>Maß / Ø (mm)</th><td>100</td></tr><tr><th>Material</th><td>PP/PE/PA; Stahlbolzen</td></tr><tr><th>Gewinde / Anschluss</th><td>M24</td></tr></tbody></table><p>Technische Angaben nach Herstellerunterlagen, ohne Gewähr. Passende Ausführung, Preis und Lieferzeit nennen wir Ihnen auf Anfrage.</p>",taxable,1,,Gelenkfüße,,Essentra Components,Anwendung,"Maschine / Anlage, Fördertechnik, Schaltschrank / Gehäuse",1,1,Funktion,Höhenverstellung,1,1,Bauform,Gelenkfuß,1,1,Material,"Stahl, Kunststoff",1,1,Gewinde,M24,1,1,Durchmesser,100 mm,1,0,,,,,,,,,,,,,1,vergleich
simple,BF-V-9A4BB626,Essentra Components Stud Mount Levelling Feet Plastic Swivel Base M6,1,0,visible,"Kunststoff-Gelenkteller mit Stahlbolzen oder Gewindeeinsatz, leichte Ausführung. Preis und Lieferzeit auf Anfrage.","<p>Kunststoff-Gelenkteller mit Stahlbolzen oder Gewindeeinsatz, leichte Ausführung.</p><table><tbody><tr><th>Hersteller</th><td>Essentra Components</td></tr><tr><th>Serie / Artikel</th><td>Stud Mount Levelling Feet Plastic Swivel Base M6</td></tr><tr><th>Maß / Ø (mm)</th><td>20</td></tr><tr><th>Material</th><td>PP/PE/PA; Stahlbolzen</td></tr><tr><th>Gewinde / Anschluss</th><td>M6</td></tr></tbody></table><p>Technische Angaben nach Herstellerunterlagen, ohne Gewähr. Passende Ausführung, Preis und Lieferzeit nennen wir Ihnen auf Anfrage.</p>",taxable,1,,Gelenkfüße,,Essentra Components,Anwendung,"Maschine / Anlage, Fördertechnik, Schaltschrank / Gehäuse",1,1,Funktion,Höhenverstellung,1,1,Bauform,Gelenkfuß,1,1,Material,"Stahl, Kunststoff",1,1,Gewinde,M6,1,1,Durchmesser,20 mm,1,0,,,,,,,,,,,,,1,vergleich
simple,BF-V-C47644F9,Essentra Components Stud Mount Levelling Feet Plastic Swivel Base M8,1,0,visible,"Kunststoff-Gelenkteller mit Stahlbolzen oder Gewindeeinsatz, leichte Ausführung. Preis und Lieferzeit auf Anfrage.","<p>Kunststoff-Gelenkteller mit Stahlbolzen oder Gewindeeinsatz, leichte Ausführung.</p><table><tbody><tr><th>Hersteller</th><td>Essentra Components</td></tr><tr><th>Serie / Artikel</th><td>Stud Mount Levelling Feet Plastic Swivel Base M8</td></tr><tr><th>Maß / Ø (mm)</th><td>25/32/34/38/48</td></tr><tr><th>Material</th><td>PP/PE/PA; Stahlbolzen</td></tr><tr><th>Gewinde / Anschluss</th><td>M8</td></tr></tbody></table><p>Technische Angaben nach Herstellerunterlagen, ohne Gewähr. Passende Ausführung, Preis und Lieferzeit nennen wir Ihnen auf Anfrage.</p>",taxable,1,,Gelenkfüße,,Essentra Components,Anwendung,"Maschine / Anlage, Fördertechnik, Schaltschrank / Gehäuse",1,1,Funktion,Höhenverstellung,1,1,Bauform,Gelenkfuß,1,1,Material,"Stahl, Kunststoff",1,1,Gewinde,M8,1,1,Durchmesser,25/32/34/38/48 mm,1,0,,,,,,,,,,,,,1,vergleich
simple,BF-V-A635A01A,Halder EH 22593 Stellfüße M10,1,0,visible,"Stellfuß mit Gelenkteller, Schraube oder Innengewinde, verzinkt oder rostfrei. Preis und Lieferzeit auf Anfrage.","<p>Stellfuß mit Gelenkteller, Schraube oder Innengewinde, verzinkt oder rostfrei.</p><table><tbody><tr><th>Hersteller</th><td>Halder</td></tr><tr><th>Serie / Artikel</th><td>EH 22593 Stellfüße M10</td></tr><tr><th>Maß / Ø (mm)</th><td>40/50</td></tr><tr><th>Material</th><td>Stahl verzinkt passiviert oder Edelstahl 1.4301</td></tr><tr><th>Gewinde / Anschluss</th><td>M10</td></tr><tr><th>Gelenkwinkel (°)</th><td>6 (Nivellierausgleich lt. Kategorie)</td></tr></tbody></table><p>Technische Angaben nach Herstellerunterlagen, ohne Gewähr. Passende Ausführung, Preis und Lieferzeit nennen wir Ihnen auf Anfrage.</p>",taxable,1,,Gelenkfüße,,Halder,Anwendung,"Maschine / Anlage, Fördertechnik, Schaltschrank / Gehäuse",1,1,Funktion,Höhenverstellung,1,1,Bauform,Gelenkfuß,1,1,Material,"Edelstahl, Stahl",1,1,Gewinde,M10,1,1,Durchmesser,40/50 mm,1,0,,,,,,,,,,,,,1,vergleich
simple,BF-V-68FB055B,Halder EH 22593 Stellfüße M12,1,0,visible,"Stellfuß mit Gelenkteller, Schraube oder Innengewinde, verzinkt oder rostfrei. Preis und Lieferzeit auf Anfrage.","<p>Stellfuß mit Gelenkteller, Schraube oder Innengewinde, verzinkt oder rostfrei.</p><table><tbody><tr><th>Hersteller</th><td>Halder</td></tr><tr><th>Serie / Artikel</th><td>EH 22593 Stellfüße M12</td></tr><tr><th>Maß / Ø (mm)</th><td>40</td></tr><tr><th>Material</th><td>Stahl verzinkt passiviert oder Edelstahl 1.4301</td></tr><tr><th>Gewinde / Anschluss</th><td>M12</td></tr><tr><th>Gelenkwinkel (°)</th><td>6 (Nivellierausgleich lt. Kategorie)</td></tr></tbody></table><p>Technische Angaben nach Herstellerunterlagen, ohne Gewähr. Passende Ausführung, Preis und Lieferzeit nennen wir Ihnen auf Anfrage.</p>",taxable,1,,Gelenkfüße,,Halder,Anwendung,"Maschine / Anlage, Fördertechnik, Schaltschrank / Gehäuse",1,1,Funktion,Höhenverstellung,1,1,Bauform,Gelenkfuß,1,1,Material,"Edelstahl, Stahl",1,1,Gewinde,M12,1,1,Durchmesser,40 mm,1,0,,,,,,,,,,,,,1,vergleich
simple,BF-V-8B2D7859,Halder EH 22593 Stellfüße M16,1,0,visible,"Stellfuß mit Gelenkteller, Schraube oder Innengewinde, verzinkt oder rostfrei. Preis und Lieferzeit auf Anfrage.","<p>Stellfuß mit Gelenkteller, Schraube oder Innengewinde, verzinkt oder rostfrei.</p><table><tbody><tr><th>Hersteller</th><td>Halder</td></tr><tr><th>Serie / Artikel</th><td>EH 22593 Stellfüße M16</td></tr><tr><th>Material</th><td>Stahl verzinkt passiviert oder Edelstahl 1.4301</td></tr><tr><th>Gewinde / Anschluss</th><td>M16</td></tr><tr><th>Gelenkwinkel (°)</th><td>6 (Nivellierausgleich lt. Kategorie)</td></tr></tbody></table><p>Technische Angaben nach Herstellerunterlagen, ohne Gewähr. Passende Ausführung, Preis und Lieferzeit nennen wir Ihnen auf Anfrage.</p>",taxable,1,,Gelenkfüße,,Halder,Anwendung,"Maschine / Anlage, Fördertechnik, Schaltschrank / Gehäuse",1,1,Funktion,Höhenverstellung,1,1,Bauform,Gelenkfuß,1,1,Material,"Edelstahl, Stahl",1,1,Gewinde,M16,1,1,,,,,,,,,,,,,,,,,1,vergleich
simple,BF-V-D69A3421,Halder EH 22593 Stellfüße M20,1,0,visible,"Stellfuß mit Gelenkteller, Schraube oder Innengewinde, verzinkt oder rostfrei. Preis und Lieferzeit auf Anfrage.","<p>Stellfuß mit Gelenkteller, Schraube oder Innengewinde, verzinkt oder rostfrei.</p><table><tbody><tr><th>Hersteller</th><td>Halder</td></tr><tr><th>Serie / Artikel</th><td>EH 22593 Stellfüße M20</td></tr><tr><th>Material</th><td>Stahl verzinkt passiviert oder Edelstahl 1.4301</td></tr><tr><th>Gewinde / Anschluss</th><td>M20</td></tr><tr><th>Gelenkwinkel (°)</th><td>6 (Nivellierausgleich lt. Kategorie)</td></tr></tbody></table><p>Technische Angaben nach Herstellerunterlagen, ohne Gewähr. Passende Ausführung, Preis und Lieferzeit nennen wir Ihnen auf Anfrage.</p>",taxable,1,,Gelenkfüße,,Halder,Anwendung,"Maschine / Anlage, Fördertechnik, Schaltschrank / Gehäuse",1,1,Funktion,Höhenverstellung,1,1,Bauform,Gelenkfuß,1,1,Material,"Edelstahl, Stahl",1,1,Gewinde,M20,1,1,,,,,,,,,,,,,,,,,1,vergleich
simple,BF-V-6A7BF3AC,Halder EH 22593 Stellfüße M24,1,0,visible,"Stellfuß mit Gelenkteller, Schraube oder Innengewinde, verzinkt oder rostfrei. Preis und Lieferzeit auf Anfrage.","<p>Stellfuß mit Gelenkteller, Schraube oder Innengewinde, verzinkt oder rostfrei.</p><table><tbody><tr><th>Hersteller</th><td>Halder</td></tr><tr><th>Serie / Artikel</th><td>EH 22593 Stellfüße M24</td></tr><tr><th>Material</th><td>Stahl verzinkt passiviert oder Edelstahl 1.4301</td></tr><tr><th>Gewinde / Anschluss</th><td>M24</td></tr><tr><th>Gelenkwinkel (°)</th><td>6 (Nivellierausgleich lt. Kategorie)</td></tr></tbody></table><p>Technische Angaben nach Herstellerunterlagen, ohne Gewähr. Passende Ausführung, Preis und Lieferzeit nennen wir Ihnen auf Anfrage.</p>",taxable,1,,Gelenkfüße,,Halder,Anwendung,"Maschine / Anlage, Fördertechnik, Schaltschrank / Gehäuse",1,1,Funktion,Höhenverstellung,1,1,Bauform,Gelenkfuß,1,1,Material,"Edelstahl, Stahl",1,1,Gewinde,M24,1,1,,,,,,,,,,,,,,,,,1,vergleich
simple,BF-V-B875363B,Halder EH 22593 Stellfüße M8,1,0,visible,"Stellfuß mit Gelenkteller, Schraube oder Innengewinde, verzinkt oder rostfrei. Preis und Lieferzeit auf Anfrage.","<p>Stellfuß mit Gelenkteller, Schraube oder Innengewinde, verzinkt oder rostfrei.</p><table><tbody><tr><th>Hersteller</th><td>Halder</td></tr><tr><th>Serie / Artikel</th><td>EH 22593 Stellfüße M8</td></tr><tr><th>Maß / Ø (mm)</th><td>40/50</td></tr><tr><th>Material</th><td>Stahl verzinkt passiviert oder Edelstahl 1.4301</td></tr><tr><th>Gewinde / Anschluss</th><td>M8</td></tr><tr><th>Gelenkwinkel (°)</th><td>6 (Nivellierausgleich lt. Kategorie)</td></tr></tbody></table><p>Technische Angaben nach Herstellerunterlagen, ohne Gewähr. Passende Ausführung, Preis und Lieferzeit nennen wir Ihnen auf Anfrage.</p>",taxable,1,,Gelenkfüße,,Halder,Anwendung,"Maschine / Anlage, Fördertechnik, Schaltschrank / Gehäuse",1,1,Funktion,Höhenverstellung,1,1,Bauform,Gelenkfuß,1,1,Material,"Edelstahl, Stahl",1,1,Gewinde,M8,1,1,Durchmesser,40/50 mm,1,0,,,,,,,,,,,,,1,vergleich
simple,BF-V-83F6240B,Halder EH 22593 Stellfüße mit Rutschsicherung M10,1,0,visible,Stellfuß mit Schutzkappe gegen Rutschen und Vibration. Preis und Lieferzeit auf Anfrage.,"<p>Stellfuß mit Schutzkappe gegen Rutschen und Vibration.</p><table><tbody><tr><th>Hersteller</th><td>Halder</td></tr><tr><th>Serie / Artikel</th><td>EH 22593 Stellfüße mit Rutschsicherung M10</td></tr><tr><th>Maß / Ø (mm)</th><td>40/50</td></tr><tr><th>Material</th><td>Stahl verzinkt passiviert oder Edelstahl 1.4301; Schutzkappe</td></tr><tr><th>Gewinde / Anschluss</th><td>M10</td></tr><tr><th>Gelenkwinkel (°)</th><td>6 (Nivellierausgleich lt. Kategorie)</td></tr></tbody></table><p>Technische Angaben nach Herstellerunterlagen, ohne Gewähr. Passende Ausführung, Preis und Lieferzeit nennen wir Ihnen auf Anfrage.</p>",taxable,1,,Gelenkfüße,,Halder,Anwendung,"Maschine / Anlage, Fördertechnik, Schaltschrank / Gehäuse",1,1,Funktion,Höhenverstellung,1,1,Bauform,Gelenkfuß,1,1,Material,"Edelstahl, Stahl",1,1,Gewinde,M10,1,1,Durchmesser,40/50 mm,1,0,,,,,,,,,,,,,1,vergleich
simple,BF-V-62C8717D,Halder EH 22593 Stellfüße mit Rutschsicherung M12,1,0,visible,Stellfuß mit Schutzkappe gegen Rutschen und Vibration. Preis und Lieferzeit auf Anfrage.,"<p>Stellfuß mit Schutzkappe gegen Rutschen und Vibration.</p><table><tbody><tr><th>Hersteller</th><td>Halder</td></tr><tr><th>Serie / Artikel</th><td>EH 22593 Stellfüße mit Rutschsicherung M12</td></tr><tr><th>Maß / Ø (mm)</th><td>40</td></tr><tr><th>Material</th><td>Stahl verzinkt passiviert oder Edelstahl 1.4301; Schutzkappe</td></tr><tr><th>Gewinde / Anschluss</th><td>M12</td></tr><tr><th>Gelenkwinkel (°)</th><td>6 (Nivellierausgleich lt. Kategorie)</td></tr></tbody></table><p>Technische Angaben nach Herstellerunterlagen, ohne Gewähr. Passende Ausführung, Preis und Lieferzeit nennen wir Ihnen auf Anfrage.</p>",taxable,1,,Gelenkfüße,,Halder,Anwendung,"Maschine / Anlage, Fördertechnik, Schaltschrank / Gehäuse",1,1,Funktion,Höhenverstellung,1,1,Bauform,Gelenkfuß,1,1,Material,"Edelstahl, Stahl",1,1,Gewinde,M12,1,1,Durchmesser,40 mm,1,0,,,,,,,,,,,,,1,vergleich
simple,BF-V-137671DB,Halder EH 22593 Stellfüße mit Rutschsicherung M8,1,0,visible,Stellfuß mit Schutzkappe gegen Rutschen und Vibration. Preis und Lieferzeit auf Anfrage.,"<p>Stellfuß mit Schutzkappe gegen Rutschen und Vibration.</p><table><tbody><tr><th>Hersteller</th><td>Halder</td></tr><tr><th>Serie / Artikel</th><td>EH 22593 Stellfüße mit Rutschsicherung M8</td></tr><tr><th>Maß / Ø (mm)</th><td>40/50</td></tr><tr><th>Material</th><td>Stahl verzinkt passiviert oder Edelstahl 1.4301; Schutzkappe</td></tr><tr><th>Gewinde / Anschluss</th><td>M8</td></tr><tr><th>Gelenkwinkel (°)</th><td>6 (Nivellierausgleich lt. Kategorie)</td></tr></tbody></table><p>Technische Angaben nach Herstellerunterlagen, ohne Gewähr. Passende Ausführung, Preis und Lieferzeit nennen wir Ihnen auf Anfrage.</p>",taxable,1,,Gelenkfüße,,Halder,Anwendung,"Maschine / Anlage, Fördertechnik, Schaltschrank / Gehäuse",1,1,Funktion,Höhenverstellung,1,1,Bauform,Gelenkfuß,1,1,Material,"Edelstahl, Stahl",1,1,Gewinde,M8,1,1,Durchmesser,40/50 mm,1,0,,,,,,,,,,,,,1,vergleich
simple,BF-V-CC3F14B7,item Industrietechnik Stellfuß D40 ESD M8x60 rostfrei (0.0.697.93),1,0,visible,Rostfreier ESD-Gelenkstellfuß für Profilsysteme. Preis und Lieferzeit auf Anfrage.,"<p>Rostfreier ESD-Gelenkstellfuß für Profilsysteme.</p><table><tbody><tr><th>Hersteller</th><td>item Industrietechnik</td></tr><tr><th>Serie / Artikel</th><td>Stellfuß D40 ESD M8x60 rostfrei (0.0.697.93)</td></tr><tr><th>Maß / Ø (mm)</th><td>40</td></tr><tr><th>Material</th><td>Stahl rostfrei; ESD</td></tr><tr><th>Gewinde / Anschluss</th><td>M8</td></tr><tr><th>Traglast (N)</th><td>1000</td></tr><tr><th>Varianten laut Hersteller</th><td>1</td></tr></tbody></table><p>Technische Angaben nach Herstellerunterlagen, ohne Gewähr. Passende Ausführung, Preis und Lieferzeit nennen wir Ihnen auf Anfrage.</p>",taxable,1,,Gelenkfüße,,item Industrietechnik,Anwendung,"Maschine / Anlage, Fördertechnik, Schaltschrank / Gehäuse",1,1,Funktion,Höhenverstellung,1,1,Bauform,Gelenkfuß,1,1,Material,Stahl,1,1,Gewinde,M8,1,1,Traglast,1000 N,1,0,Durchmesser,40 mm,1,0,,,,,,,,,1,vergleich
simple,BF-V-38827E21,item Industrietechnik Stellfuß D80 M16x100 schwarz (0.0.265.29),1,0,visible,"Gelenkstellfuß D80 mit Kugelpfanne, Klemmlasche für Bodenverankerung optional. Preis und Lieferzeit auf Anfrage.","<p>Gelenkstellfuß D80 mit Kugelpfanne, Klemmlasche für Bodenverankerung optional.</p><table><tbody><tr><th>Hersteller</th><td>item Industrietechnik</td></tr><tr><th>Serie / Artikel</th><td>Stellfuß D80 M16x100 schwarz (0.0.265.29)</td></tr><tr><th>Maß / Ø (mm)</th><td>80</td></tr><tr><th>Material</th><td>Stahl verzinkt</td></tr><tr><th>Gewinde / Anschluss</th><td>M16</td></tr><tr><th>Traglast (N)</th><td>10000</td></tr><tr><th>Bodenbefestigung</th><td>optional Klemmlasche 0.0.265.30</td></tr></tbody></table><p>Technische Angaben nach Herstellerunterlagen, ohne Gewähr. Passende Ausführung, Preis und Lieferzeit nennen wir Ihnen auf Anfrage.</p>",taxable,1,,Gelenkfüße,,item Industrietechnik,Anwendung,"Maschine / Anlage, Fördertechnik, Schaltschrank / Gehäuse",1,1,Funktion,Höhenverstellung,1,1,Bauform,Gelenkfuß,1,1,Material,Stahl,1,1,Gewinde,M16,1,1,Traglast,10000 N,1,0,Durchmesser,80 mm,1,0,,,,,,,,,1,vergleich
simple,BF-V-D5E63EFC,item Industrietechnik Tellerstellfuß M10,1,0,visible,"Kugelgelenk-Stellfuß für Profiltechnik, schwarz, alufarben oder rostfrei. Preis und Lieferzeit auf Anfrage.","<p>Kugelgelenk-Stellfuß für Profiltechnik, schwarz, alufarben oder rostfrei.</p><table><tbody><tr><th>Hersteller</th><td>item Industrietechnik</td></tr><tr><th>Serie / Artikel</th><td>Tellerstellfuß M10</td></tr><tr><th>Maß / Ø (mm)</th><td>40/47/60/80</td></tr><tr><th>Material</th><td>Stahl verzinkt oder rostfrei; Teller farbig</td></tr><tr><th>Gewinde / Anschluss</th><td>M10</td></tr><tr><th>Bodenbefestigung</th><td>nein (Klemmlasche als Zubehör)</td></tr><tr><th>Varianten laut Hersteller</th><td>10</td></tr></tbody></table><p>Technische Angaben nach Herstellerunterlagen, ohne Gewähr. Passende Ausführung, Preis und Lieferzeit nennen wir Ihnen auf Anfrage.</p>",taxable,1,,Gelenkfüße,,item Industrietechnik,Anwendung,"Maschine / Anlage, Fördertechnik, Schaltschrank / Gehäuse",1,1,Funktion,Höhenverstellung,1,1,Bauform,Gelenkfuß,1,1,Material,Stahl,1,1,Gewinde,M10,1,1,Bodenbefestigung,nein,1,1,Durchmesser,40/47/60/80 mm,1,0,,,,,,,,,1,vergleich
simple,BF-V-B61C20BA,item Industrietechnik Tellerstellfuß M12,1,0,visible,"Kugelgelenk-Stellfuß für Profiltechnik, schwarz, alufarben oder rostfrei. Preis und Lieferzeit auf Anfrage.","<p>Kugelgelenk-Stellfuß für Profiltechnik, schwarz, alufarben oder rostfrei.</p><table><tbody><tr><th>Hersteller</th><td>item Industrietechnik</td></tr><tr><th>Serie / Artikel</th><td>Tellerstellfuß M12</td></tr><tr><th>Maß / Ø (mm)</th><td>60/80</td></tr><tr><th>Material</th><td>Stahl verzinkt oder rostfrei; Teller farbig</td></tr><tr><th>Gewinde / Anschluss</th><td>M12</td></tr><tr><th>Traglast (N)</th><td>5000 (D60, verzinkt)</td></tr><tr><th>Bodenbefestigung</th><td>nein (Klemmlasche als Zubehör)</td></tr><tr><th>Varianten laut Hersteller</th><td>9</td></tr></tbody></table><p>Technische Angaben nach Herstellerunterlagen, ohne Gewähr. Passende Ausführung, Preis und Lieferzeit nennen wir Ihnen auf Anfrage.</p>",taxable,1,,Gelenkfüße,,item Industrietechnik,Anwendung,"Maschine / Anlage, Fördertechnik, Schaltschrank / Gehäuse",1,1,Funktion,Höhenverstellung,1,1,Bauform,Gelenkfuß,1,1,Material,Stahl,1,1,Gewinde,M12,1,1,Bodenbefestigung,nein,1,1,Traglast,5000 (D60 · verzinkt) N,1,0,Durchmesser,60/80 mm,1,0,,,,,1,vergleich
simple,BF-V-0123C48A,item Industrietechnik Tellerstellfuß M16,1,0,visible,"Kugelgelenk-Stellfuß für Profiltechnik, schwarz, alufarben oder rostfrei. Preis und Lieferzeit auf Anfrage.","<p>Kugelgelenk-Stellfuß für Profiltechnik, schwarz, alufarben oder rostfrei.</p><table><tbody><tr><th>Hersteller</th><td>item Industrietechnik</td></tr><tr><th>Serie / Artikel</th><td>Tellerstellfuß M16</td></tr><tr><th>Maß / Ø (mm)</th><td>80</td></tr><tr><th>Material</th><td>Stahl verzinkt oder rostfrei; Teller farbig</td></tr><tr><th>Gewinde / Anschluss</th><td>M16</td></tr><tr><th>Traglast (N)</th><td>10000 (D80, verzinkt)</td></tr><tr><th>Bodenbefestigung</th><td>nein (Klemmlasche als Zubehör)</td></tr><tr><th>Varianten laut Hersteller</th><td>6</td></tr></tbody></table><p>Technische Angaben nach Herstellerunterlagen, ohne Gewähr. Passende Ausführung, Preis und Lieferzeit nennen wir Ihnen auf Anfrage.</p>",taxable,1,,Gelenkfüße,,item Industrietechnik,Anwendung,"Maschine / Anlage, Fördertechnik, Schaltschrank / Gehäuse",1,1,Funktion,Höhenverstellung,1,1,Bauform,Gelenkfuß,1,1,Material,Stahl,1,1,Gewinde,M16,1,1,Bodenbefestigung,nein,1,1,Traglast,10000 (D80 · verzinkt) N,1,0,Durchmesser,80 mm,1,0,,,,,1,vergleich
simple,BF-V-EE78540E,item Industrietechnik Tellerstellfuß M6,1,0,visible,"Kugelgelenk-Stellfuß für Profiltechnik, schwarz, alufarben oder rostfrei. Preis und Lieferzeit auf Anfrage.","<p>Kugelgelenk-Stellfuß für Profiltechnik, schwarz, alufarben oder rostfrei.</p><table><tbody><tr><th>Hersteller</th><td>item Industrietechnik</td></tr><tr><th>Serie / Artikel</th><td>Tellerstellfuß M6</td></tr><tr><th>Maß / Ø (mm)</th><td>30</td></tr><tr><th>Material</th><td>Stahl verzinkt oder rostfrei; Teller farbig</td></tr><tr><th>Gewinde / Anschluss</th><td>M6</td></tr><tr><th>Bodenbefestigung</th><td>nein (Klemmlasche als Zubehör)</td></tr><tr><th>Varianten laut Hersteller</th><td>3</td></tr></tbody></table><p>Technische Angaben nach Herstellerunterlagen, ohne Gewähr. Passende Ausführung, Preis und Lieferzeit nennen wir Ihnen auf Anfrage.</p>",taxable,1,,Gelenkfüße,,item Industrietechnik,Anwendung,"Maschine / Anlage, Fördertechnik, Schaltschrank / Gehäuse",1,1,Funktion,Höhenverstellung,1,1,Bauform,Gelenkfuß,1,1,Material,Stahl,1,1,Gewinde,M6,1,1,Bodenbefestigung,nein,1,1,Durchmesser,30 mm,1,0,,,,,,,,,1,vergleich
simple,BF-V-9134047A,item Industrietechnik Tellerstellfuß M8,1,0,visible,"Kugelgelenk-Stellfuß für Profiltechnik, schwarz, alufarben oder rostfrei. Preis und Lieferzeit auf Anfrage.","<p>Kugelgelenk-Stellfuß für Profiltechnik, schwarz, alufarben oder rostfrei.</p><table><tbody><tr><th>Hersteller</th><td>item Industrietechnik</td></tr><tr><th>Serie / Artikel</th><td>Tellerstellfuß M8</td></tr><tr><th>Maß / Ø (mm)</th><td>40</td></tr><tr><th>Material</th><td>Stahl verzinkt oder rostfrei; Teller farbig</td></tr><tr><th>Gewinde / Anschluss</th><td>M8</td></tr><tr><th>Bodenbefestigung</th><td>nein (Klemmlasche als Zubehör)</td></tr><tr><th>Varianten laut Hersteller</th><td>7</td></tr></tbody></table><p>Technische Angaben nach Herstellerunterlagen, ohne Gewähr. Passende Ausführung, Preis und Lieferzeit nennen wir Ihnen auf Anfrage.</p>",taxable,1,,Gelenkfüße,,item Industrietechnik,Anwendung,"Maschine / Anlage, Fördertechnik, Schaltschrank / Gehäuse",1,1,Funktion,Höhenverstellung,1,1,Bauform,Gelenkfuß,1,1,Material,Stahl,1,1,Gewinde,M8,1,1,Bodenbefestigung,nein,1,1,Durchmesser,40 mm,1,0,,,,,,,,,1,vergleich
simple,BF-V-94F38ABA,Martin Levelling Codes 10000-10017 M10,1,0,visible,"Kleiner Kunststoff-Gelenkfuß Ø40 mit Edelstahlspindel, optional NBR. Preis und Lieferzeit auf Anfrage.","<p>Kleiner Kunststoff-Gelenkfuß Ø40 mit Edelstahlspindel, optional NBR.</p><table><tbody><tr><th>Hersteller</th><td>Martin Levelling</td></tr><tr><th>Serie / Artikel</th><td>Codes 10000-10017 M10</td></tr><tr><th>Maß / Ø (mm)</th><td>40</td></tr><tr><th>Material</th><td>PA glasfaserverstärkt; Edelstahl AISI 304; NBR 70 Shore</td></tr><tr><th>Gewinde / Anschluss</th><td>M10</td></tr><tr><th>Traglast (N)</th><td>10000</td></tr><tr><th>Gelenkwinkel (°)</th><td>30</td></tr><tr><th>Varianten laut Hersteller</th><td>10</td></tr></tbody></table><p>Technische Angaben nach Herstellerunterlagen, ohne Gewähr. Passende Ausführung, Preis und Lieferzeit nennen wir Ihnen auf Anfrage.</p>",taxable,1,,Gelenkfüße,,Martin Levelling,Anwendung,"Maschine / Anlage, Fördertechnik, Schaltschrank / Gehäuse",1,1,Funktion,Höhenverstellung,1,1,Bauform,Gelenkfuß,1,1,Material,"Edelstahl, Kunststoff",1,1,Gewinde,M10,1,1,Traglast,10000 N,1,0,Durchmesser,40 mm,1,0,,,,,,,,,1,vergleich
simple,BF-V-FDB021BD,Martin Levelling Codes 10000-10017 M12,1,0,visible,"Kleiner Kunststoff-Gelenkfuß Ø40 mit Edelstahlspindel, optional NBR. Preis und Lieferzeit auf Anfrage.","<p>Kleiner Kunststoff-Gelenkfuß Ø40 mit Edelstahlspindel, optional NBR.</p><table><tbody><tr><th>Hersteller</th><td>Martin Levelling</td></tr><tr><th>Serie / Artikel</th><td>Codes 10000-10017 M12</td></tr><tr><th>Maß / Ø (mm)</th><td>40</td></tr><tr><th>Material</th><td>PA glasfaserverstärkt; Edelstahl AISI 304; NBR 70 Shore</td></tr><tr><th>Gewinde / Anschluss</th><td>M12</td></tr><tr><th>Traglast (N)</th><td>10000</td></tr><tr><th>Gelenkwinkel (°)</th><td>30</td></tr><tr><th>Varianten laut Hersteller</th><td>10</td></tr></tbody></table><p>Technische Angaben nach Herstellerunterlagen, ohne Gewähr. Passende Ausführung, Preis und Lieferzeit nennen wir Ihnen auf Anfrage.</p>",taxable,1,,Gelenkfüße,,Martin Levelling,Anwendung,"Maschine / Anlage, Fördertechnik, Schaltschrank / Gehäuse",1,1,Funktion,Höhenverstellung,1,1,Bauform,Gelenkfuß,1,1,Material,"Edelstahl, Kunststoff",1,1,Gewinde,M12,1,1,Traglast,10000 N,1,0,Durchmesser,40 mm,1,0,,,,,,,,,1,vergleich
simple,BF-V-0F718C57,Martin Levelling Codes 10000-10017 M6,1,0,visible,"Kleiner Kunststoff-Gelenkfuß Ø40 mit Edelstahlspindel, optional NBR. Preis und Lieferzeit auf Anfrage.","<p>Kleiner Kunststoff-Gelenkfuß Ø40 mit Edelstahlspindel, optional NBR.</p><table><tbody><tr><th>Hersteller</th><td>Martin Levelling</td></tr><tr><th>Serie / Artikel</th><td>Codes 10000-10017 M6</td></tr><tr><th>Maß / Ø (mm)</th><td>40</td></tr><tr><th>Material</th><td>PA glasfaserverstärkt; Edelstahl AISI 304; NBR 70 Shore</td></tr><tr><th>Gewinde / Anschluss</th><td>M6</td></tr><tr><th>Traglast (N)</th><td>5000</td></tr><tr><th>Gelenkwinkel (°)</th><td>30</td></tr><tr><th>Varianten laut Hersteller</th><td>6</td></tr></tbody></table><p>Technische Angaben nach Herstellerunterlagen, ohne Gewähr. Passende Ausführung, Preis und Lieferzeit nennen wir Ihnen auf Anfrage.</p>",taxable,1,,Gelenkfüße,,Martin Levelling,Anwendung,"Maschine / Anlage, Fördertechnik, Schaltschrank / Gehäuse",1,1,Funktion,Höhenverstellung,1,1,Bauform,Gelenkfuß,1,1,Material,"Edelstahl, Kunststoff",1,1,Gewinde,M6,1,1,Traglast,5000 N,1,0,Durchmesser,40 mm,1,0,,,,,,,,,1,vergleich
simple,BF-V-D97654F3,Martin Levelling Codes 10000-10017 M8,1,0,visible,"Kleiner Kunststoff-Gelenkfuß Ø40 mit Edelstahlspindel, optional NBR. Preis und Lieferzeit auf Anfrage.","<p>Kleiner Kunststoff-Gelenkfuß Ø40 mit Edelstahlspindel, optional NBR.</p><table><tbody><tr><th>Hersteller</th><td>Martin Levelling</td></tr><tr><th>Serie / Artikel</th><td>Codes 10000-10017 M8</td></tr><tr><th>Maß / Ø (mm)</th><td>40</td></tr><tr><th>Material</th><td>PA glasfaserverstärkt; Edelstahl AISI 304; NBR 70 Shore</td></tr><tr><th>Gewinde / Anschluss</th><td>M8</td></tr><tr><th>Traglast (N)</th><td>10000</td></tr><tr><th>Gelenkwinkel (°)</th><td>30</td></tr><tr><th>Varianten laut Hersteller</th><td>8</td></tr></tbody></table><p>Technische Angaben nach Herstellerunterlagen, ohne Gewähr. Passende Ausführung, Preis und Lieferzeit nennen wir Ihnen auf Anfrage.</p>",taxable,1,,Gelenkfüße,,Martin Levelling,Anwendung,"Maschine / Anlage, Fördertechnik, Schaltschrank / Gehäuse",1,1,Funktion,Höhenverstellung,1,1,Bauform,Gelenkfuß,1,1,Material,"Edelstahl, Kunststoff",1,1,Gewinde,M8,1,1,Traglast,10000 N,1,0,Durchmesser,40 mm,1,0,,,,,,,,,1,vergleich
simple,BF-V-E6B08CFB,Martin Levelling Codes 11491-11549 M16,1,0,visible,Schwerlast-Stahlteller Ø80 mit 10°-Gelenkspindel und NBR-Auflage. Preis und Lieferzeit auf Anfrage.,"<p>Schwerlast-Stahlteller Ø80 mit 10°-Gelenkspindel und NBR-Auflage.</p><table><tbody><tr><th>Hersteller</th><td>Martin Levelling</td></tr><tr><th>Serie / Artikel</th><td>Codes 11491-11549 M16</td></tr><tr><th>Maß / Ø (mm)</th><td>80</td></tr><tr><th>Material</th><td>Stahl gelb lackiert; Spindel verzinkt; NBR 70 Shore</td></tr><tr><th>Gewinde / Anschluss</th><td>M16</td></tr><tr><th>Traglast (N)</th><td>30000</td></tr><tr><th>Gelenkwinkel (°)</th><td>10</td></tr><tr><th>Varianten laut Hersteller</th><td>3</td></tr></tbody></table><p>Technische Angaben nach Herstellerunterlagen, ohne Gewähr. Passende Ausführung, Preis und Lieferzeit nennen wir Ihnen auf Anfrage.</p>",taxable,1,,Gelenkfüße,,Martin Levelling,Anwendung,"Maschine / Anlage, Fördertechnik, Schaltschrank / Gehäuse",1,1,Funktion,"Höhenverstellung, Hohe Traglast",1,1,Bauform,Gelenkfuß,1,1,Material,Stahl,1,1,Gewinde,M16,1,1,Traglast,30000 N,1,0,Durchmesser,80 mm,1,0,,,,,,,,,1,vergleich
simple,BF-V-9B00C544,Martin Levelling Codes 11491-11549 M20,1,0,visible,Schwerlast-Stahlteller Ø80 mit 10°-Gelenkspindel und NBR-Auflage. Preis und Lieferzeit auf Anfrage.,"<p>Schwerlast-Stahlteller Ø80 mit 10°-Gelenkspindel und NBR-Auflage.</p><table><tbody><tr><th>Hersteller</th><td>Martin Levelling</td></tr><tr><th>Serie / Artikel</th><td>Codes 11491-11549 M20</td></tr><tr><th>Maß / Ø (mm)</th><td>80</td></tr><tr><th>Material</th><td>Stahl gelb lackiert; Spindel verzinkt; NBR 70 Shore</td></tr><tr><th>Gewinde / Anschluss</th><td>M20</td></tr><tr><th>Traglast (N)</th><td>35000</td></tr><tr><th>Gelenkwinkel (°)</th><td>10</td></tr><tr><th>Varianten laut Hersteller</th><td>4</td></tr></tbody></table><p>Technische Angaben nach Herstellerunterlagen, ohne Gewähr. Passende Ausführung, Preis und Lieferzeit nennen wir Ihnen auf Anfrage.</p>",taxable,1,,Gelenkfüße,,Martin Levelling,Anwendung,"Maschine / Anlage, Fördertechnik, Schaltschrank / Gehäuse",1,1,Funktion,"Höhenverstellung, Hohe Traglast",1,1,Bauform,Gelenkfuß,1,1,Material,Stahl,1,1,Gewinde,M20,1,1,Traglast,35000 N,1,0,Durchmesser,80 mm,1,0,,,,,,,,,1,vergleich
simple,BF-V-75E1A636,Martin Levelling Codes 11491-11549 M24,1,0,visible,Schwerlast-Stahlteller Ø80 mit 10°-Gelenkspindel und NBR-Auflage. Preis und Lieferzeit auf Anfrage.,"<p>Schwerlast-Stahlteller Ø80 mit 10°-Gelenkspindel und NBR-Auflage.</p><table><tbody><tr><th>Hersteller</th><td>Martin Levelling</td></tr><tr><th>Serie / Artikel</th><td>Codes 11491-11549 M24</td></tr><tr><th>Maß / Ø (mm)</th><td>80</td></tr><tr><th>Material</th><td>Stahl gelb lackiert; Spindel verzinkt; NBR 70 Shore</td></tr><tr><th>Gewinde / Anschluss</th><td>M24</td></tr><tr><th>Traglast (N)</th><td>40000</td></tr><tr><th>Gelenkwinkel (°)</th><td>10</td></tr><tr><th>Varianten laut Hersteller</th><td>4</td></tr></tbody></table><p>Technische Angaben nach Herstellerunterlagen, ohne Gewähr. Passende Ausführung, Preis und Lieferzeit nennen wir Ihnen auf Anfrage.</p>",taxable,1,,Gelenkfüße,,Martin Levelling,Anwendung,"Maschine / Anlage, Fördertechnik, Schaltschrank / Gehäuse",1,1,Funktion,"Höhenverstellung, Hohe Traglast",1,1,Bauform,Gelenkfuß,1,1,Material,Stahl,1,1,Gewinde,M24,1,1,Traglast,40000 N,1,0,Durchmesser,80 mm,1,0,,,,,,,,,1,vergleich
simple,BF-V-6ABD5D1F,Martin Levelling Codes 18100-18141 M16,1,0,visible,"Flacher Kunststoffteller Ø103, Edelstahl-Gelenkspindel 30°, optional NBR. Preis und Lieferzeit auf Anfrage.","<p>Flacher Kunststoffteller Ø103, Edelstahl-Gelenkspindel 30°, optional NBR.</p><table><tbody><tr><th>Hersteller</th><td>Martin Levelling</td></tr><tr><th>Serie / Artikel</th><td>Codes 18100-18141 M16</td></tr><tr><th>Maß / Ø (mm)</th><td>103</td></tr><tr><th>Material</th><td>PA glasfaserverstärkt; Edelstahl AISI 304; NBR 70 Shore</td></tr><tr><th>Gewinde / Anschluss</th><td>M16</td></tr><tr><th>Traglast (N)</th><td>18000</td></tr><tr><th>Gelenkwinkel (°)</th><td>30</td></tr><tr><th>Varianten laut Hersteller</th><td>6</td></tr></tbody></table><p>Technische Angaben nach Herstellerunterlagen, ohne Gewähr. Passende Ausführung, Preis und Lieferzeit nennen wir Ihnen auf Anfrage.</p>",taxable,1,,Gelenkfüße,,Martin Levelling,Anwendung,"Maschine / Anlage, Fördertechnik, Schaltschrank / Gehäuse",1,1,Funktion,Höhenverstellung,1,1,Bauform,Gelenkfuß,1,1,Material,"Edelstahl, Kunststoff",1,1,Gewinde,M16,1,1,Traglast,18000 N,1,0,Durchmesser,103 mm,1,0,,,,,,,,,1,vergleich
simple,BF-V-8C2BE733,Martin Levelling Codes 18100-18141 M20,1,0,visible,"Flacher Kunststoffteller Ø103, Edelstahl-Gelenkspindel 30°, optional NBR. Preis und Lieferzeit auf Anfrage.","<p>Flacher Kunststoffteller Ø103, Edelstahl-Gelenkspindel 30°, optional NBR.</p><table><tbody><tr><th>Hersteller</th><td>Martin Levelling</td></tr><tr><th>Serie / Artikel</th><td>Codes 18100-18141 M20</td></tr><tr><th>Maß / Ø (mm)</th><td>103</td></tr><tr><th>Material</th><td>PA glasfaserverstärkt; Edelstahl AISI 304; NBR 70 Shore</td></tr><tr><th>Gewinde / Anschluss</th><td>M20</td></tr><tr><th>Traglast (N)</th><td>20000</td></tr><tr><th>Gelenkwinkel (°)</th><td>30</td></tr><tr><th>Varianten laut Hersteller</th><td>8</td></tr></tbody></table><p>Technische Angaben nach Herstellerunterlagen, ohne Gewähr. Passende Ausführung, Preis und Lieferzeit nennen wir Ihnen auf Anfrage.</p>",taxable,1,,Gelenkfüße,,Martin Levelling,Anwendung,"Maschine / Anlage, Fördertechnik, Schaltschrank / Gehäuse",1,1,Funktion,"Höhenverstellung, Hohe Traglast",1,1,Bauform,Gelenkfuß,1,1,Material,"Edelstahl, Kunststoff",1,1,Gewinde,M20,1,1,Traglast,20000 N,1,0,Durchmesser,103 mm,1,0,,,,,,,,,1,vergleich
simple,BF-V-6FFED83C,Martin Levelling Codes 18100-18141 M24,1,0,visible,"Flacher Kunststoffteller Ø103, Edelstahl-Gelenkspindel 30°, optional NBR. Preis und Lieferzeit auf Anfrage.","<p>Flacher Kunststoffteller Ø103, Edelstahl-Gelenkspindel 30°, optional NBR.</p><table><tbody><tr><th>Hersteller</th><td>Martin Levelling</td></tr><tr><th>Serie / Artikel</th><td>Codes 18100-18141 M24</td></tr><tr><th>Maß / Ø (mm)</th><td>103</td></tr><tr><th>Material</th><td>PA glasfaserverstärkt; Edelstahl AISI 304; NBR 70 Shore</td></tr><tr><th>Gewinde / Anschluss</th><td>M24</td></tr><tr><th>Traglast (N)</th><td>25000</td></tr><tr><th>Gelenkwinkel (°)</th><td>30</td></tr><tr><th>Varianten laut Hersteller</th><td>8</td></tr></tbody></table><p>Technische Angaben nach Herstellerunterlagen, ohne Gewähr. Passende Ausführung, Preis und Lieferzeit nennen wir Ihnen auf Anfrage.</p>",taxable,1,,Gelenkfüße,,Martin Levelling,Anwendung,"Maschine / Anlage, Fördertechnik, Schaltschrank / Gehäuse",1,1,Funktion,"Höhenverstellung, Hohe Traglast",1,1,Bauform,Gelenkfuß,1,1,Material,"Edelstahl, Kunststoff",1,1,Gewinde,M24,1,1,Traglast,25000 N,1,0,Durchmesser,103 mm,1,0,,,,,,,,,1,vergleich
simple,BF-V-027F0405,Martin Levelling Codes 18600-18657 M16,1,0,visible,"Flacher Kunststoffteller Ø123 mit verzinkter Gelenkspindel, z.B. für Förderer. Preis und Lieferzeit auf Anfrage.","<p>Flacher Kunststoffteller Ø123 mit verzinkter Gelenkspindel, z.B. für Förderer.</p><table><tbody><tr><th>Hersteller</th><td>Martin Levelling</td></tr><tr><th>Serie / Artikel</th><td>Codes 18600-18657 M16</td></tr><tr><th>Maß / Ø (mm)</th><td>123</td></tr><tr><th>Material</th><td>PA glasfaserverstärkt; Stahl verzinkt; NBR 70 Shore</td></tr><tr><th>Gewinde / Anschluss</th><td>M16</td></tr><tr><th>Traglast (N)</th><td>18000</td></tr><tr><th>Gelenkwinkel (°)</th><td>30</td></tr><tr><th>Varianten laut Hersteller</th><td>6</td></tr></tbody></table><p>Technische Angaben nach Herstellerunterlagen, ohne Gewähr. Passende Ausführung, Preis und Lieferzeit nennen wir Ihnen auf Anfrage.</p>",taxable,1,,Gelenkfüße,,Martin Levelling,Anwendung,"Maschine / Anlage, Fördertechnik, Schaltschrank / Gehäuse",1,1,Funktion,Höhenverstellung,1,1,Bauform,Gelenkfuß,1,1,Material,"Stahl, Kunststoff",1,1,Gewinde,M16,1,1,Traglast,18000 N,1,0,Durchmesser,123 mm,1,0,,,,,,,,,1,vergleich
simple,BF-V-3109B87F,Martin Levelling Codes 18600-18657 M20,1,0,visible,"Flacher Kunststoffteller Ø123 mit verzinkter Gelenkspindel, z.B. für Förderer. Preis und Lieferzeit auf Anfrage.","<p>Flacher Kunststoffteller Ø123 mit verzinkter Gelenkspindel, z.B. für Förderer.</p><table><tbody><tr><th>Hersteller</th><td>Martin Levelling</td></tr><tr><th>Serie / Artikel</th><td>Codes 18600-18657 M20</td></tr><tr><th>Maß / Ø (mm)</th><td>123</td></tr><tr><th>Material</th><td>PA glasfaserverstärkt; Stahl verzinkt; NBR 70 Shore</td></tr><tr><th>Gewinde / Anschluss</th><td>M20</td></tr><tr><th>Traglast (N)</th><td>20000</td></tr><tr><th>Gelenkwinkel (°)</th><td>30</td></tr><tr><th>Varianten laut Hersteller</th><td>8</td></tr></tbody></table><p>Technische Angaben nach Herstellerunterlagen, ohne Gewähr. Passende Ausführung, Preis und Lieferzeit nennen wir Ihnen auf Anfrage.</p>",taxable,1,,Gelenkfüße,,Martin Levelling,Anwendung,"Maschine / Anlage, Fördertechnik, Schaltschrank / Gehäuse",1,1,Funktion,"Höhenverstellung, Hohe Traglast",1,1,Bauform,Gelenkfuß,1,1,Material,"Stahl, Kunststoff",1,1,Gewinde,M20,1,1,Traglast,20000 N,1,0,Durchmesser,123 mm,1,0,,,,,,,,,1,vergleich
simple,BF-V-F0C3CA27,Martin Levelling Codes 18600-18657 M24,1,0,visible,"Flacher Kunststoffteller Ø123 mit verzinkter Gelenkspindel, z.B. für Förderer. Preis und Lieferzeit auf Anfrage.","<p>Flacher Kunststoffteller Ø123 mit verzinkter Gelenkspindel, z.B. für Förderer.</p><table><tbody><tr><th>Hersteller</th><td>Martin Levelling</td></tr><tr><th>Serie / Artikel</th><td>Codes 18600-18657 M24</td></tr><tr><th>Maß / Ø (mm)</th><td>123</td></tr><tr><th>Material</th><td>PA glasfaserverstärkt; Stahl verzinkt; NBR 70 Shore</td></tr><tr><th>Gewinde / Anschluss</th><td>M24</td></tr><tr><th>Traglast (N)</th><td>25000</td></tr><tr><th>Gelenkwinkel (°)</th><td>30</td></tr><tr><th>Varianten laut Hersteller</th><td>8</td></tr></tbody></table><p>Technische Angaben nach Herstellerunterlagen, ohne Gewähr. Passende Ausführung, Preis und Lieferzeit nennen wir Ihnen auf Anfrage.</p>",taxable,1,,Gelenkfüße,,Martin Levelling,Anwendung,"Maschine / Anlage, Fördertechnik, Schaltschrank / Gehäuse",1,1,Funktion,"Höhenverstellung, Hohe Traglast",1,1,Bauform,Gelenkfuß,1,1,Material,"Stahl, Kunststoff",1,1,Gewinde,M24,1,1,Traglast,25000 N,1,0,Durchmesser,123 mm,1,0,,,,,,,,,1,vergleich
simple,BF-V-E89F7C52,Martin Levelling MASSIV Stahl Ø50 M12x125 gelb (Typ 45810696),1,0,visible,"Massiver Stahlteller gelb pulverbeschichtet, Gelenkspindel bis 30°. Preis und Lieferzeit auf Anfrage.","<p>Massiver Stahlteller gelb pulverbeschichtet, Gelenkspindel bis 30°.</p><table><tbody><tr><th>Hersteller</th><td>Martin Levelling</td></tr><tr><th>Serie / Artikel</th><td>MASSIV Stahl Ø50 M12x125 gelb (Typ 45810696)</td></tr><tr><th>Maß / Ø (mm)</th><td>50</td></tr><tr><th>Material</th><td>Stahl verzinkt, gelb pulverbeschichtet</td></tr><tr><th>Gewinde / Anschluss</th><td>M12</td></tr><tr><th>Traglast (N)</th><td>15000</td></tr><tr><th>Gelenkwinkel (°)</th><td>30</td></tr><tr><th>Varianten laut Hersteller</th><td>1</td></tr></tbody></table><p>Technische Angaben nach Herstellerunterlagen, ohne Gewähr. Passende Ausführung, Preis und Lieferzeit nennen wir Ihnen auf Anfrage.</p>",taxable,1,,Gelenkfüße,,Martin Levelling,Anwendung,"Maschine / Anlage, Fördertechnik, Schaltschrank / Gehäuse",1,1,Funktion,Höhenverstellung,1,1,Bauform,Gelenkfuß,1,1,Material,Stahl,1,1,Gewinde,M12,1,1,Traglast,15000 N,1,0,Durchmesser,50 mm,1,0,,,,,,,,,1,vergleich
simple,BF-V-5DD46B1D,Nu-Tech Engineering A040/017 M12 (RS 274-8692),1,0,visible,"Gelenkstellfuß mit Nylonbasis und Stahlbolzen, bis 10° neigbar. Preis und Lieferzeit auf Anfrage.","<p>Gelenkstellfuß mit Nylonbasis und Stahlbolzen, bis 10° neigbar.</p><table><tbody><tr><th>Hersteller</th><td>Nu-Tech Engineering</td></tr><tr><th>Serie / Artikel</th><td>A040/017 M12 (RS 274-8692)</td></tr><tr><th>Maß / Ø (mm)</th><td>50</td></tr><tr><th>Material</th><td>Stahlbolzen; PA-verstärkte Nylonbasis</td></tr><tr><th>Gewinde / Anschluss</th><td>M12</td></tr><tr><th>Traglast (N)</th><td>6000 (600 kg)</td></tr><tr><th>Gelenkwinkel (°)</th><td>10</td></tr><tr><th>Varianten laut Hersteller</th><td>1</td></tr></tbody></table><p>Technische Angaben nach Herstellerunterlagen, ohne Gewähr. Passende Ausführung, Preis und Lieferzeit nennen wir Ihnen auf Anfrage.</p>",taxable,1,,Gelenkfüße,,Nu-Tech Engineering,Anwendung,"Maschine / Anlage, Fördertechnik, Schaltschrank / Gehäuse",1,1,Funktion,Höhenverstellung,1,1,Bauform,Gelenkfuß,1,1,Material,"Stahl, Kunststoff",1,1,Gewinde,M12,1,1,Traglast,6000 (600 kg) N,1,0,Durchmesser,50 mm,1,0,,,,,,,,,1,vergleich
simple,BF-V-54FE5871,RS PRO RS 162-3253 M12,1,0,visible,"RS-Eigenmarke Stellfuß, Handelsware, Hersteller nicht genannt. Preis und Lieferzeit auf Anfrage.","<p>RS-Eigenmarke Stellfuß, Handelsware, Hersteller nicht genannt.</p><table><tbody><tr><th>Hersteller</th><td>RS PRO</td></tr><tr><th>Serie / Artikel</th><td>RS 162-3253 M12</td></tr><tr><th>Maß / Ø (mm)</th><td>40</td></tr><tr><th>Material</th><td>Stahl verzinkt</td></tr><tr><th>Gewinde / Anschluss</th><td>M12</td></tr><tr><th>Traglast (N)</th><td>9000 (900 kg)</td></tr><tr><th>Gelenkwinkel (°)</th><td>3</td></tr><tr><th>Varianten laut Hersteller</th><td>1</td></tr></tbody></table><p>Technische Angaben nach Herstellerunterlagen, ohne Gewähr. Passende Ausführung, Preis und Lieferzeit nennen wir Ihnen auf Anfrage.</p>",taxable,1,,Gelenkfüße,,RS PRO,Anwendung,"Maschine / Anlage, Fördertechnik, Schaltschrank / Gehäuse",1,1,Funktion,Höhenverstellung,1,1,Bauform,Gelenkfuß,1,1,Material,Stahl,1,1,Gewinde,M12,1,1,Traglast,9000 (900 kg) N,1,0,Durchmesser,40 mm,1,0,,,,,,,,,1,vergleich
simple,BF-V-8C8CE63E,RS PRO RS 162-3265 M20,1,0,visible,"RS-Eigenmarke Stellfuß, Handelsware, Hersteller nicht genannt. Preis und Lieferzeit auf Anfrage.","<p>RS-Eigenmarke Stellfuß, Handelsware, Hersteller nicht genannt.</p><table><tbody><tr><th>Hersteller</th><td>RS PRO</td></tr><tr><th>Serie / Artikel</th><td>RS 162-3265 M20</td></tr><tr><th>Maß / Ø (mm)</th><td>100</td></tr><tr><th>Material</th><td>Edelstahl</td></tr><tr><th>Gewinde / Anschluss</th><td>M20</td></tr><tr><th>Traglast (N)</th><td>30000 (3000 kg)</td></tr><tr><th>Gelenkwinkel (°)</th><td>10</td></tr><tr><th>Varianten laut Hersteller</th><td>1</td></tr></tbody></table><p>Technische Angaben nach Herstellerunterlagen, ohne Gewähr. Passende Ausführung, Preis und Lieferzeit nennen wir Ihnen auf Anfrage.</p>",taxable,1,,Gelenkfüße,,RS PRO,Anwendung,"Maschine / Anlage, Fördertechnik, Schaltschrank / Gehäuse",1,1,Funktion,"Höhenverstellung, Hohe Traglast",1,1,Bauform,Gelenkfuß,1,1,Material,Edelstahl,1,1,Gewinde,M20,1,1,Traglast,30000 (3000 kg) N,1,0,Durchmesser,100 mm,1,0,,,,,,,,,1,vergleich
simple,BF-V-D6D183C1,RS PRO RS 185-4516 M12,1,0,visible,"RS-Eigenmarke Stellfuß, Handelsware, Hersteller nicht genannt. Preis und Lieferzeit auf Anfrage.","<p>RS-Eigenmarke Stellfuß, Handelsware, Hersteller nicht genannt.</p><table><tbody><tr><th>Hersteller</th><td>RS PRO</td></tr><tr><th>Serie / Artikel</th><td>RS 185-4516 M12</td></tr><tr><th>Maß / Ø (mm)</th><td>50</td></tr><tr><th>Material</th><td>Edelstahl</td></tr><tr><th>Gewinde / Anschluss</th><td>M12</td></tr><tr><th>Traglast (N)</th><td>4000 (400 kg)</td></tr><tr><th>Gelenkwinkel (°)</th><td>10</td></tr><tr><th>Varianten laut Hersteller</th><td>1</td></tr></tbody></table><p>Technische Angaben nach Herstellerunterlagen, ohne Gewähr. Passende Ausführung, Preis und Lieferzeit nennen wir Ihnen auf Anfrage.</p>",taxable,1,,Gelenkfüße,,RS PRO,Anwendung,"Maschine / Anlage, Fördertechnik, Schaltschrank / Gehäuse",1,1,Funktion,Höhenverstellung,1,1,Bauform,Gelenkfuß,1,1,Material,Edelstahl,1,1,Gewinde,M12,1,1,Traglast,4000 (400 kg) N,1,0,Durchmesser,50 mm,1,0,,,,,,,,,1,vergleich
simple,BF-V-5979AAB2,RS PRO RS 196-5326 M16,1,0,visible,"RS-Eigenmarke Stellfuß, Handelsware, Hersteller nicht genannt. Preis und Lieferzeit auf Anfrage.","<p>RS-Eigenmarke Stellfuß, Handelsware, Hersteller nicht genannt.</p><table><tbody><tr><th>Hersteller</th><td>RS PRO</td></tr><tr><th>Serie / Artikel</th><td>RS 196-5326 M16</td></tr><tr><th>Maß / Ø (mm)</th><td>123</td></tr><tr><th>Material</th><td>Edelstahl</td></tr><tr><th>Gewinde / Anschluss</th><td>M16</td></tr><tr><th>Traglast (N)</th><td>18000 (1800 kg)</td></tr><tr><th>Gelenkwinkel (°)</th><td>30</td></tr><tr><th>Varianten laut Hersteller</th><td>1</td></tr></tbody></table><p>Technische Angaben nach Herstellerunterlagen, ohne Gewähr. Passende Ausführung, Preis und Lieferzeit nennen wir Ihnen auf Anfrage.</p>",taxable,1,,Gelenkfüße,,RS PRO,Anwendung,"Maschine / Anlage, Fördertechnik, Schaltschrank / Gehäuse",1,1,Funktion,Höhenverstellung,1,1,Bauform,Gelenkfuß,1,1,Material,Edelstahl,1,1,Gewinde,M16,1,1,Traglast,18000 (1800 kg) N,1,0,Durchmesser,123 mm,1,0,,,,,,,,,1,vergleich
simple,BF-V-19F5AB34,RS PRO RS 196-5345 M20,1,0,visible,"RS-Eigenmarke Stellfuß, Handelsware, Hersteller nicht genannt. Preis und Lieferzeit auf Anfrage.","<p>RS-Eigenmarke Stellfuß, Handelsware, Hersteller nicht genannt.</p><table><tbody><tr><th>Hersteller</th><td>RS PRO</td></tr><tr><th>Serie / Artikel</th><td>RS 196-5345 M20</td></tr><tr><th>Maß / Ø (mm)</th><td>83</td></tr><tr><th>Material</th><td>Baustahl</td></tr><tr><th>Gewinde / Anschluss</th><td>M20</td></tr><tr><th>Traglast (N)</th><td>18000 (1800 kg)</td></tr><tr><th>Gelenkwinkel (°)</th><td>30</td></tr><tr><th>Varianten laut Hersteller</th><td>1</td></tr></tbody></table><p>Technische Angaben nach Herstellerunterlagen, ohne Gewähr. Passende Ausführung, Preis und Lieferzeit nennen wir Ihnen auf Anfrage.</p>",taxable,1,,Gelenkfüße,,RS PRO,Anwendung,"Maschine / Anlage, Fördertechnik, Schaltschrank / Gehäuse",1,1,Funktion,Höhenverstellung,1,1,Bauform,Gelenkfuß,1,1,Material,Stahl,1,1,Gewinde,M20,1,1,Traglast,18000 (1800 kg) N,1,0,Durchmesser,83 mm,1,0,,,,,,,,,1,vergleich
simple,BF-V-294DBF8D,RS PRO RS 224-5782 M20,1,0,visible,"RS-Eigenmarke Stellfuß, Handelsware, Hersteller nicht genannt. Preis und Lieferzeit auf Anfrage.","<p>RS-Eigenmarke Stellfuß, Handelsware, Hersteller nicht genannt.</p><table><tbody><tr><th>Hersteller</th><td>RS PRO</td></tr><tr><th>Serie / Artikel</th><td>RS 224-5782 M20</td></tr><tr><th>Maß / Ø (mm)</th><td>103</td></tr><tr><th>Material</th><td>Baustahl</td></tr><tr><th>Gewinde / Anschluss</th><td>M20</td></tr><tr><th>Traglast (N)</th><td>25000 (2500 kg)</td></tr><tr><th>Gelenkwinkel (°)</th><td>30</td></tr><tr><th>Varianten laut Hersteller</th><td>1</td></tr></tbody></table><p>Technische Angaben nach Herstellerunterlagen, ohne Gewähr. Passende Ausführung, Preis und Lieferzeit nennen wir Ihnen auf Anfrage.</p>",taxable,1,,Gelenkfüße,,RS PRO,Anwendung,"Maschine / Anlage, Fördertechnik, Schaltschrank / Gehäuse",1,1,Funktion,"Höhenverstellung, Hohe Traglast",1,1,Bauform,Gelenkfuß,1,1,Material,Stahl,1,1,Gewinde,M20,1,1,Traglast,25000 (2500 kg) N,1,0,Durchmesser,103 mm,1,0,,,,,,,,,1,vergleich
simple,BF-V-2603AA47,RS PRO RS 224-5785 M6,1,0,visible,"RS-Eigenmarke Stellfuß, Handelsware, Hersteller nicht genannt. Preis und Lieferzeit auf Anfrage.","<p>RS-Eigenmarke Stellfuß, Handelsware, Hersteller nicht genannt.</p><table><tbody><tr><th>Hersteller</th><td>RS PRO</td></tr><tr><th>Serie / Artikel</th><td>RS 224-5785 M6</td></tr><tr><th>Maß / Ø (mm)</th><td>40</td></tr><tr><th>Material</th><td>Baustahl</td></tr><tr><th>Gewinde / Anschluss</th><td>M6</td></tr><tr><th>Traglast (N)</th><td>5000 (500 kg)</td></tr><tr><th>Gelenkwinkel (°)</th><td>30</td></tr><tr><th>Varianten laut Hersteller</th><td>1</td></tr></tbody></table><p>Technische Angaben nach Herstellerunterlagen, ohne Gewähr. Passende Ausführung, Preis und Lieferzeit nennen wir Ihnen auf Anfrage.</p>",taxable,1,,Gelenkfüße,,RS PRO,Anwendung,"Maschine / Anlage, Fördertechnik, Schaltschrank / Gehäuse",1,1,Funktion,Höhenverstellung,1,1,Bauform,Gelenkfuß,1,1,Material,Stahl,1,1,Gewinde,M6,1,1,Traglast,5000 (500 kg) N,1,0,Durchmesser,40 mm,1,0,,,,,,,,,1,vergleich
simple,BF-V-7713E393,RS PRO RS 224-5787 M8,1,0,visible,"RS-Eigenmarke Stellfuß, Handelsware, Hersteller nicht genannt. Preis und Lieferzeit auf Anfrage.","<p>RS-Eigenmarke Stellfuß, Handelsware, Hersteller nicht genannt.</p><table><tbody><tr><th>Hersteller</th><td>RS PRO</td></tr><tr><th>Serie / Artikel</th><td>RS 224-5787 M8</td></tr><tr><th>Maß / Ø (mm)</th><td>40</td></tr><tr><th>Material</th><td>Baustahl</td></tr><tr><th>Gewinde / Anschluss</th><td>M8</td></tr><tr><th>Traglast (N)</th><td>10000 (1000 kg)</td></tr><tr><th>Gelenkwinkel (°)</th><td>30</td></tr><tr><th>Varianten laut Hersteller</th><td>1</td></tr></tbody></table><p>Technische Angaben nach Herstellerunterlagen, ohne Gewähr. Passende Ausführung, Preis und Lieferzeit nennen wir Ihnen auf Anfrage.</p>",taxable,1,,Gelenkfüße,,RS PRO,Anwendung,"Maschine / Anlage, Fördertechnik, Schaltschrank / Gehäuse",1,1,Funktion,Höhenverstellung,1,1,Bauform,Gelenkfuß,1,1,Material,Stahl,1,1,Gewinde,M8,1,1,Traglast,10000 (1000 kg) N,1,0,Durchmesser,40 mm,1,0,,,,,,,,,1,vergleich
simple,BF-V-72DD0526,RS PRO RS 224-5821 M12,1,0,visible,"RS-Eigenmarke Stellfuß, Handelsware, Hersteller nicht genannt. Preis und Lieferzeit auf Anfrage.","<p>RS-Eigenmarke Stellfuß, Handelsware, Hersteller nicht genannt.</p><table><tbody><tr><th>Hersteller</th><td>RS PRO</td></tr><tr><th>Serie / Artikel</th><td>RS 224-5821 M12</td></tr><tr><th>Maß / Ø (mm)</th><td>60</td></tr><tr><th>Material</th><td>Edelstahl</td></tr><tr><th>Gewinde / Anschluss</th><td>M12</td></tr><tr><th>Traglast (N)</th><td>7000 (700 kg)</td></tr><tr><th>Gelenkwinkel (°)</th><td>10</td></tr><tr><th>Varianten laut Hersteller</th><td>1</td></tr></tbody></table><p>Technische Angaben nach Herstellerunterlagen, ohne Gewähr. Passende Ausführung, Preis und Lieferzeit nennen wir Ihnen auf Anfrage.</p>",taxable,1,,Gelenkfüße,,RS PRO,Anwendung,"Maschine / Anlage, Fördertechnik, Schaltschrank / Gehäuse",1,1,Funktion,Höhenverstellung,1,1,Bauform,Gelenkfuß,1,1,Material,Edelstahl,1,1,Gewinde,M12,1,1,Traglast,7000 (700 kg) N,1,0,Durchmesser,60 mm,1,0,,,,,,,,,1,vergleich
simple,BF-V-69BD6C25,RS PRO RS 224-5822 M16,1,0,visible,"RS-Eigenmarke Stellfuß, Handelsware, Hersteller nicht genannt. Preis und Lieferzeit auf Anfrage.","<p>RS-Eigenmarke Stellfuß, Handelsware, Hersteller nicht genannt.</p><table><tbody><tr><th>Hersteller</th><td>RS PRO</td></tr><tr><th>Serie / Artikel</th><td>RS 224-5822 M16</td></tr><tr><th>Maß / Ø (mm)</th><td>60</td></tr><tr><th>Material</th><td>Edelstahl</td></tr><tr><th>Gewinde / Anschluss</th><td>M16</td></tr><tr><th>Traglast (N)</th><td>7000 (700 kg)</td></tr><tr><th>Gelenkwinkel (°)</th><td>10</td></tr><tr><th>Varianten laut Hersteller</th><td>1</td></tr></tbody></table><p>Technische Angaben nach Herstellerunterlagen, ohne Gewähr. Passende Ausführung, Preis und Lieferzeit nennen wir Ihnen auf Anfrage.</p>",taxable,1,,Gelenkfüße,,RS PRO,Anwendung,"Maschine / Anlage, Fördertechnik, Schaltschrank / Gehäuse",1,1,Funktion,Höhenverstellung,1,1,Bauform,Gelenkfuß,1,1,Material,Edelstahl,1,1,Gewinde,M16,1,1,Traglast,7000 (700 kg) N,1,0,Durchmesser,60 mm,1,0,,,,,,,,,1,vergleich
simple,BF-V-3171348C,RS PRO RS 285-751 M8,1,0,visible,"RS-Eigenmarke Stellfuß, Handelsware, Hersteller nicht genannt. Preis und Lieferzeit auf Anfrage.","<p>RS-Eigenmarke Stellfuß, Handelsware, Hersteller nicht genannt.</p><table><tbody><tr><th>Hersteller</th><td>RS PRO</td></tr><tr><th>Serie / Artikel</th><td>RS 285-751 M8</td></tr><tr><th>Maß / Ø (mm)</th><td>40</td></tr><tr><th>Material</th><td>PA-verstärktes Nylon</td></tr><tr><th>Gewinde / Anschluss</th><td>M8</td></tr><tr><th>Traglast (N)</th><td>3500 (350 kg)</td></tr><tr><th>Gelenkwinkel (°)</th><td>20</td></tr><tr><th>Varianten laut Hersteller</th><td>1</td></tr></tbody></table><p>Technische Angaben nach Herstellerunterlagen, ohne Gewähr. Passende Ausführung, Preis und Lieferzeit nennen wir Ihnen auf Anfrage.</p>",taxable,1,,Gelenkfüße,,RS PRO,Anwendung,"Maschine / Anlage, Fördertechnik, Schaltschrank / Gehäuse",1,1,Funktion,Höhenverstellung,1,1,Bauform,Gelenkfuß,1,1,Material,Kunststoff,1,1,Gewinde,M8,1,1,Traglast,3500 (350 kg) N,1,0,Durchmesser,40 mm,1,0,,,,,,,,,1,vergleich
simple,BF-V-6E5B98AB,RS PRO RS 285-770 M12,1,0,visible,"RS-Eigenmarke Stellfuß, Handelsware, Hersteller nicht genannt. Preis und Lieferzeit auf Anfrage.","<p>RS-Eigenmarke Stellfuß, Handelsware, Hersteller nicht genannt.</p><table><tbody><tr><th>Hersteller</th><td>RS PRO</td></tr><tr><th>Serie / Artikel</th><td>RS 285-770 M12</td></tr><tr><th>Maß / Ø (mm)</th><td>60</td></tr><tr><th>Material</th><td>PA-verstärktes Nylon</td></tr><tr><th>Gewinde / Anschluss</th><td>M12</td></tr><tr><th>Traglast (N)</th><td>7500 (750 kg)</td></tr><tr><th>Gelenkwinkel (°)</th><td>20</td></tr><tr><th>Varianten laut Hersteller</th><td>1</td></tr></tbody></table><p>Technische Angaben nach Herstellerunterlagen, ohne Gewähr. Passende Ausführung, Preis und Lieferzeit nennen wir Ihnen auf Anfrage.</p>",taxable,1,,Gelenkfüße,,RS PRO,Anwendung,"Maschine / Anlage, Fördertechnik, Schaltschrank / Gehäuse",1,1,Funktion,Höhenverstellung,1,1,Bauform,Gelenkfuß,1,1,Material,Kunststoff,1,1,Gewinde,M12,1,1,Traglast,7500 (750 kg) N,1,0,Durchmesser,60 mm,1,0,,,,,,,,,1,vergleich
simple,BF-V-E30779F9,RS PRO RS 285-779 M16,1,0,visible,"RS-Eigenmarke Stellfuß, Handelsware, Hersteller nicht genannt. Preis und Lieferzeit auf Anfrage.","<p>RS-Eigenmarke Stellfuß, Handelsware, Hersteller nicht genannt.</p><table><tbody><tr><th>Hersteller</th><td>RS PRO</td></tr><tr><th>Serie / Artikel</th><td>RS 285-779 M16</td></tr><tr><th>Maß / Ø (mm)</th><td>80</td></tr><tr><th>Material</th><td>PA-verstärktes Nylon</td></tr><tr><th>Gewinde / Anschluss</th><td>M16</td></tr><tr><th>Traglast (N)</th><td>9000 (900 kg)</td></tr><tr><th>Gelenkwinkel (°)</th><td>20</td></tr><tr><th>Varianten laut Hersteller</th><td>1</td></tr></tbody></table><p>Technische Angaben nach Herstellerunterlagen, ohne Gewähr. Passende Ausführung, Preis und Lieferzeit nennen wir Ihnen auf Anfrage.</p>",taxable,1,,Gelenkfüße,,RS PRO,Anwendung,"Maschine / Anlage, Fördertechnik, Schaltschrank / Gehäuse",1,1,Funktion,Höhenverstellung,1,1,Bauform,Gelenkfuß,1,1,Material,Kunststoff,1,1,Gewinde,M16,1,1,Traglast,9000 (900 kg) N,1,0,Durchmesser,80 mm,1,0,,,,,,,,,1,vergleich
simple,BF-V-1D17726A,Elesa+Ganter GN 40 M10,1,0,visible,"Stahl-Gelenkstellfuß, mit/ohne TPE- oder NBR-Auflage, Form B0 mit Bohrungen. Preis und Lieferzeit auf Anfrage.","<p>Stahl-Gelenkstellfuß, mit/ohne TPE- oder NBR-Auflage, Form B0 mit Bohrungen.</p><table><tbody><tr><th>Hersteller</th><td>Elesa+Ganter</td></tr><tr><th>Serie / Artikel</th><td>GN 40 M10</td></tr><tr><th>Maß / Ø (mm)</th><td>40/50/60/80</td></tr><tr><th>Material</th><td>Stahl verzinkt blau passiviert; TPE oder NBR</td></tr><tr><th>Gewinde / Anschluss</th><td>M10</td></tr><tr><th>Traglast (N)</th><td>7000-10000</td></tr><tr><th>Bodenbefestigung</th><td>Form B0: 2 Bohrungen</td></tr></tbody></table><p>Technische Angaben nach Herstellerunterlagen, ohne Gewähr. Passende Ausführung, Preis und Lieferzeit nennen wir Ihnen auf Anfrage.</p>",taxable,1,,"Gelenkfüße, Füße mit Bodenbefestigung",,Elesa+Ganter,Anwendung,"Maschine / Anlage, Fördertechnik, Schaltschrank / Gehäuse",1,1,Funktion,"Höhenverstellung, Bodenbefestigung",1,1,Bauform,Gelenkfuß,1,1,Material,Stahl,1,1,Gewinde,M10,1,1,Bodenbefestigung,ja,1,1,Traglast,7000-10000 N,1,0,Durchmesser,40/50/60/80 mm,1,0,,,,,1,vergleich
simple,BF-V-DF88EAFA,Elesa+Ganter GN 40 M12,1,0,visible,"Stahl-Gelenkstellfuß, mit/ohne TPE- oder NBR-Auflage, Form B0 mit Bohrungen. Preis und Lieferzeit auf Anfrage.","<p>Stahl-Gelenkstellfuß, mit/ohne TPE- oder NBR-Auflage, Form B0 mit Bohrungen.</p><table><tbody><tr><th>Hersteller</th><td>Elesa+Ganter</td></tr><tr><th>Serie / Artikel</th><td>GN 40 M12</td></tr><tr><th>Maß / Ø (mm)</th><td>40/50/60/80</td></tr><tr><th>Material</th><td>Stahl verzinkt blau passiviert; TPE oder NBR</td></tr><tr><th>Gewinde / Anschluss</th><td>M12</td></tr><tr><th>Traglast (N)</th><td>7000-12000</td></tr><tr><th>Bodenbefestigung</th><td>Form B0: 2 Bohrungen</td></tr></tbody></table><p>Technische Angaben nach Herstellerunterlagen, ohne Gewähr. Passende Ausführung, Preis und Lieferzeit nennen wir Ihnen auf Anfrage.</p>",taxable,1,,"Gelenkfüße, Füße mit Bodenbefestigung",,Elesa+Ganter,Anwendung,"Maschine / Anlage, Fördertechnik, Schaltschrank / Gehäuse",1,1,Funktion,"Höhenverstellung, Bodenbefestigung",1,1,Bauform,Gelenkfuß,1,1,Material,Stahl,1,1,Gewinde,M12,1,1,Bodenbefestigung,ja,1,1,Traglast,7000-12000 N,1,0,Durchmesser,40/50/60/80 mm,1,0,,,,,1,vergleich
simple,BF-V-B84FEB57,Elesa+Ganter GN 40 M16,1,0,visible,"Stahl-Gelenkstellfuß, mit/ohne TPE- oder NBR-Auflage, Form B0 mit Bohrungen. Preis und Lieferzeit auf Anfrage.","<p>Stahl-Gelenkstellfuß, mit/ohne TPE- oder NBR-Auflage, Form B0 mit Bohrungen.</p><table><tbody><tr><th>Hersteller</th><td>Elesa+Ganter</td></tr><tr><th>Serie / Artikel</th><td>GN 40 M16</td></tr><tr><th>Maß / Ø (mm)</th><td>40/50/60/80</td></tr><tr><th>Material</th><td>Stahl verzinkt blau passiviert; TPE oder NBR</td></tr><tr><th>Gewinde / Anschluss</th><td>M16</td></tr><tr><th>Traglast (N)</th><td>7000-12000</td></tr><tr><th>Bodenbefestigung</th><td>Form B0: 2 Bohrungen</td></tr></tbody></table><p>Technische Angaben nach Herstellerunterlagen, ohne Gewähr. Passende Ausführung, Preis und Lieferzeit nennen wir Ihnen auf Anfrage.</p>",taxable,1,,"Gelenkfüße, Füße mit Bodenbefestigung",,Elesa+Ganter,Anwendung,"Maschine / Anlage, Fördertechnik, Schaltschrank / Gehäuse",1,1,Funktion,"Höhenverstellung, Bodenbefestigung",1,1,Bauform,Gelenkfuß,1,1,Material,Stahl,1,1,Gewinde,M16,1,1,Bodenbefestigung,ja,1,1,Traglast,7000-12000 N,1,0,Durchmesser,40/50/60/80 mm,1,0,,,,,1,vergleich
simple,BF-V-F41F0CE2,Elesa+Ganter GN 40 M20,1,0,visible,"Stahl-Gelenkstellfuß, mit/ohne TPE- oder NBR-Auflage, Form B0 mit Bohrungen. Preis und Lieferzeit auf Anfrage.","<p>Stahl-Gelenkstellfuß, mit/ohne TPE- oder NBR-Auflage, Form B0 mit Bohrungen.</p><table><tbody><tr><th>Hersteller</th><td>Elesa+Ganter</td></tr><tr><th>Serie / Artikel</th><td>GN 40 M20</td></tr><tr><th>Maß / Ø (mm)</th><td>80</td></tr><tr><th>Material</th><td>Stahl verzinkt blau passiviert; TPE oder NBR</td></tr><tr><th>Gewinde / Anschluss</th><td>M20</td></tr><tr><th>Traglast (N)</th><td>16000</td></tr><tr><th>Bodenbefestigung</th><td>Form B0: 2 Bohrungen</td></tr></tbody></table><p>Technische Angaben nach Herstellerunterlagen, ohne Gewähr. Passende Ausführung, Preis und Lieferzeit nennen wir Ihnen auf Anfrage.</p>",taxable,1,,"Gelenkfüße, Füße mit Bodenbefestigung",,Elesa+Ganter,Anwendung,"Maschine / Anlage, Fördertechnik, Schaltschrank / Gehäuse",1,1,Funktion,"Höhenverstellung, Bodenbefestigung",1,1,Bauform,Gelenkfuß,1,1,Material,Stahl,1,1,Gewinde,M20,1,1,Bodenbefestigung,ja,1,1,Traglast,16000 N,1,0,Durchmesser,80 mm,1,0,,,,,1,vergleich
simple,BF-V-D2013AED,Elesa+Ganter GN 40 M24,1,0,visible,"Stahl-Gelenkstellfuß, mit/ohne TPE- oder NBR-Auflage, Form B0 mit Bohrungen. Preis und Lieferzeit auf Anfrage.","<p>Stahl-Gelenkstellfuß, mit/ohne TPE- oder NBR-Auflage, Form B0 mit Bohrungen.</p><table><tbody><tr><th>Hersteller</th><td>Elesa+Ganter</td></tr><tr><th>Serie / Artikel</th><td>GN 40 M24</td></tr><tr><th>Maß / Ø (mm)</th><td>80</td></tr><tr><th>Material</th><td>Stahl verzinkt blau passiviert; TPE oder NBR</td></tr><tr><th>Gewinde / Anschluss</th><td>M24</td></tr><tr><th>Traglast (N)</th><td>16000</td></tr><tr><th>Bodenbefestigung</th><td>Form B0: 2 Bohrungen</td></tr></tbody></table><p>Technische Angaben nach Herstellerunterlagen, ohne Gewähr. Passende Ausführung, Preis und Lieferzeit nennen wir Ihnen auf Anfrage.</p>",taxable,1,,"Gelenkfüße, Füße mit Bodenbefestigung",,Elesa+Ganter,Anwendung,"Maschine / Anlage, Fördertechnik, Schaltschrank / Gehäuse",1,1,Funktion,"Höhenverstellung, Bodenbefestigung",1,1,Bauform,Gelenkfuß,1,1,Material,Stahl,1,1,Gewinde,M24,1,1,Bodenbefestigung,ja,1,1,Traglast,16000 N,1,0,Durchmesser,80 mm,1,0,,,,,1,vergleich
simple,BF-V-B2F674E9,Elesa+Ganter GN 40 M8,1,0,visible,"Stahl-Gelenkstellfuß, mit/ohne TPE- oder NBR-Auflage, Form B0 mit Bohrungen. Preis und Lieferzeit auf Anfrage.","<p>Stahl-Gelenkstellfuß, mit/ohne TPE- oder NBR-Auflage, Form B0 mit Bohrungen.</p><table><tbody><tr><th>Hersteller</th><td>Elesa+Ganter</td></tr><tr><th>Serie / Artikel</th><td>GN 40 M8</td></tr><tr><th>Maß / Ø (mm)</th><td>40/50/60/80</td></tr><tr><th>Material</th><td>Stahl verzinkt blau passiviert; TPE oder NBR</td></tr><tr><th>Gewinde / Anschluss</th><td>M8</td></tr><tr><th>Traglast (N)</th><td>7000-8000</td></tr><tr><th>Bodenbefestigung</th><td>Form B0: 2 Bohrungen</td></tr></tbody></table><p>Technische Angaben nach Herstellerunterlagen, ohne Gewähr. Passende Ausführung, Preis und Lieferzeit nennen wir Ihnen auf Anfrage.</p>",taxable,1,,"Gelenkfüße, Füße mit Bodenbefestigung",,Elesa+Ganter,Anwendung,"Maschine / Anlage, Fördertechnik, Schaltschrank / Gehäuse",1,1,Funktion,"Höhenverstellung, Bodenbefestigung",1,1,Bauform,Gelenkfuß,1,1,Material,Stahl,1,1,Gewinde,M8,1,1,Bodenbefestigung,ja,1,1,Traglast,7000-8000 N,1,0,Durchmesser,40/50/60/80 mm,1,0,,,,,1,vergleich
simple,BF-V-E9058507,Blohm B0374.106012 (Form A),1,0,visible,"Hygiene-Stellfuß 3-A für Lebensmittel, Getränke und Pharma. Preis und Lieferzeit auf Anfrage.","<p>Hygiene-Stellfuß 3-A für Lebensmittel, Getränke und Pharma.</p><table><tbody><tr><th>Hersteller</th><td>Blohm</td></tr><tr><th>Serie / Artikel</th><td>B0374.106012 (Form A)</td></tr><tr><th>Maß / Ø (mm)</th><td>60</td></tr><tr><th>Material</th><td>Edelstahl 1.4301; Gummiteller NBR 85 Shore (FDA); Dichtung Silikon (FDA)</td></tr><tr><th>Gewinde / Anschluss</th><td>M12</td></tr><tr><th>Traglast (N)</th><td>10000</td></tr><tr><th>Bodenbefestigung</th><td>nein (Form A)</td></tr><tr><th>Zertifizierung</th><td>3-A Sanitary Standard; FDA-geprüfte Elastomere</td></tr><tr><th>Varianten laut Hersteller</th><td>2</td></tr></tbody></table><p>Technische Angaben nach Herstellerunterlagen, ohne Gewähr. Passende Ausführung, Preis und Lieferzeit nennen wir Ihnen auf Anfrage.</p>",taxable,1,,Hygienefüße,,Blohm,Anwendung,Maschine / Anlage,1,1,Funktion,"Höhenverstellung, Hygiene-Anforderungen",1,1,Bauform,Stellfuß,1,1,Material,Edelstahl,1,1,Gewinde,M12,1,1,Bodenbefestigung,nein,1,1,Traglast,10000 N,1,0,Durchmesser,60 mm,1,0,,,,,1,vergleich
simple,BF-V-AD6C4005,Blohm B0374.106016 (Form A),1,0,visible,"Hygiene-Stellfuß 3-A für Lebensmittel, Getränke und Pharma. Preis und Lieferzeit auf Anfrage.","<p>Hygiene-Stellfuß 3-A für Lebensmittel, Getränke und Pharma.</p><table><tbody><tr><th>Hersteller</th><td>Blohm</td></tr><tr><th>Serie / Artikel</th><td>B0374.106016 (Form A)</td></tr><tr><th>Maß / Ø (mm)</th><td>60</td></tr><tr><th>Material</th><td>Edelstahl 1.4301; Gummiteller NBR 85 Shore (FDA); Dichtung Silikon (FDA)</td></tr><tr><th>Gewinde / Anschluss</th><td>M16</td></tr><tr><th>Traglast (N)</th><td>10000</td></tr><tr><th>Bodenbefestigung</th><td>nein (Form A)</td></tr><tr><th>Zertifizierung</th><td>3-A Sanitary Standard; FDA-geprüfte Elastomere</td></tr><tr><th>Varianten laut Hersteller</th><td>2</td></tr></tbody></table><p>Technische Angaben nach Herstellerunterlagen, ohne Gewähr. Passende Ausführung, Preis und Lieferzeit nennen wir Ihnen auf Anfrage.</p>",taxable,1,,Hygienefüße,,Blohm,Anwendung,Maschine / Anlage,1,1,Funktion,"Höhenverstellung, Hygiene-Anforderungen",1,1,Bauform,Stellfuß,1,1,Material,Edelstahl,1,1,Gewinde,M16,1,1,Bodenbefestigung,nein,1,1,Traglast,10000 N,1,0,Durchmesser,60 mm,1,0,,,,,1,vergleich
simple,BF-V-A9742B5F,Blohm B0374.108016 (Form A),1,0,visible,"Hygiene-Stellfuß 3-A für Lebensmittel, Getränke und Pharma. Preis und Lieferzeit auf Anfrage.","<p>Hygiene-Stellfuß 3-A für Lebensmittel, Getränke und Pharma.</p><table><tbody><tr><th>Hersteller</th><td>Blohm</td></tr><tr><th>Serie / Artikel</th><td>B0374.108016 (Form A)</td></tr><tr><th>Maß / Ø (mm)</th><td>80</td></tr><tr><th>Material</th><td>Edelstahl 1.4301; Gummiteller NBR 85 Shore (FDA); Dichtung Silikon (FDA)</td></tr><tr><th>Gewinde / Anschluss</th><td>M16</td></tr><tr><th>Traglast (N)</th><td>20000</td></tr><tr><th>Bodenbefestigung</th><td>nein (Form A)</td></tr><tr><th>Zertifizierung</th><td>3-A Sanitary Standard; FDA-geprüfte Elastomere</td></tr><tr><th>Varianten laut Hersteller</th><td>2</td></tr></tbody></table><p>Technische Angaben nach Herstellerunterlagen, ohne Gewähr. Passende Ausführung, Preis und Lieferzeit nennen wir Ihnen auf Anfrage.</p>",taxable,1,,Hygienefüße,,Blohm,Anwendung,Maschine / Anlage,1,1,Funktion,"Höhenverstellung, Hygiene-Anforderungen, Hohe Traglast",1,1,Bauform,Stellfuß,1,1,Material,Edelstahl,1,1,Gewinde,M16,1,1,Bodenbefestigung,nein,1,1,Traglast,20000 N,1,0,Durchmesser,80 mm,1,0,,,,,1,vergleich
simple,BF-V-A6B953FC,Blohm B0374.108020 (Form A),1,0,visible,"Hygiene-Stellfuß 3-A für Lebensmittel, Getränke und Pharma. Preis und Lieferzeit auf Anfrage.","<p>Hygiene-Stellfuß 3-A für Lebensmittel, Getränke und Pharma.</p><table><tbody><tr><th>Hersteller</th><td>Blohm</td></tr><tr><th>Serie / Artikel</th><td>B0374.108020 (Form A)</td></tr><tr><th>Maß / Ø (mm)</th><td>80</td></tr><tr><th>Material</th><td>Edelstahl 1.4301; Gummiteller NBR 85 Shore (FDA); Dichtung Silikon (FDA)</td></tr><tr><th>Gewinde / Anschluss</th><td>M20</td></tr><tr><th>Traglast (N)</th><td>20000</td></tr><tr><th>Bodenbefestigung</th><td>nein (Form A)</td></tr><tr><th>Zertifizierung</th><td>3-A Sanitary Standard; FDA-geprüfte Elastomere</td></tr><tr><th>Varianten laut Hersteller</th><td>2</td></tr></tbody></table><p>Technische Angaben nach Herstellerunterlagen, ohne Gewähr. Passende Ausführung, Preis und Lieferzeit nennen wir Ihnen auf Anfrage.</p>",taxable,1,,Hygienefüße,,Blohm,Anwendung,Maschine / Anlage,1,1,Funktion,"Höhenverstellung, Hygiene-Anforderungen, Hohe Traglast",1,1,Bauform,Stellfuß,1,1,Material,Edelstahl,1,1,Gewinde,M20,1,1,Bodenbefestigung,nein,1,1,Traglast,20000 N,1,0,Durchmesser,80 mm,1,0,,,,,1,vergleich
simple,BF-V-B8C06E52,Blohm B0374.108024 (Form A),1,0,visible,"Hygiene-Stellfuß 3-A für Lebensmittel, Getränke und Pharma. Preis und Lieferzeit auf Anfrage.","<p>Hygiene-Stellfuß 3-A für Lebensmittel, Getränke und Pharma.</p><table><tbody><tr><th>Hersteller</th><td>Blohm</td></tr><tr><th>Serie / Artikel</th><td>B0374.108024 (Form A)</td></tr><tr><th>Maß / Ø (mm)</th><td>80</td></tr><tr><th>Material</th><td>Edelstahl 1.4301; Gummiteller NBR 85 Shore (FDA); Dichtung Silikon (FDA)</td></tr><tr><th>Gewinde / Anschluss</th><td>M24</td></tr><tr><th>Traglast (N)</th><td>20000</td></tr><tr><th>Bodenbefestigung</th><td>nein (Form A)</td></tr><tr><th>Zertifizierung</th><td>3-A Sanitary Standard; FDA-geprüfte Elastomere</td></tr><tr><th>Varianten laut Hersteller</th><td>2</td></tr></tbody></table><p>Technische Angaben nach Herstellerunterlagen, ohne Gewähr. Passende Ausführung, Preis und Lieferzeit nennen wir Ihnen auf Anfrage.</p>",taxable,1,,Hygienefüße,,Blohm,Anwendung,Maschine / Anlage,1,1,Funktion,"Höhenverstellung, Hygiene-Anforderungen, Hohe Traglast",1,1,Bauform,Stellfuß,1,1,Material,Edelstahl,1,1,Gewinde,M24,1,1,Bodenbefestigung,nein,1,1,Traglast,20000 N,1,0,Durchmesser,80 mm,1,0,,,,,1,vergleich
simple,BF-V-C809BE61,Blohm B0374.110016 (Form A),1,0,visible,"Hygiene-Stellfuß 3-A für Lebensmittel, Getränke und Pharma. Preis und Lieferzeit auf Anfrage.","<p>Hygiene-Stellfuß 3-A für Lebensmittel, Getränke und Pharma.</p><table><tbody><tr><th>Hersteller</th><td>Blohm</td></tr><tr><th>Serie / Artikel</th><td>B0374.110016 (Form A)</td></tr><tr><th>Maß / Ø (mm)</th><td>100</td></tr><tr><th>Material</th><td>Edelstahl 1.4301; Gummiteller NBR 85 Shore (FDA); Dichtung Silikon (FDA)</td></tr><tr><th>Gewinde / Anschluss</th><td>M16</td></tr><tr><th>Traglast (N)</th><td>25000</td></tr><tr><th>Bodenbefestigung</th><td>nein (Form A)</td></tr><tr><th>Zertifizierung</th><td>3-A Sanitary Standard; FDA-geprüfte Elastomere</td></tr><tr><th>Varianten laut Hersteller</th><td>2</td></tr></tbody></table><p>Technische Angaben nach Herstellerunterlagen, ohne Gewähr. Passende Ausführung, Preis und Lieferzeit nennen wir Ihnen auf Anfrage.</p>",taxable,1,,Hygienefüße,,Blohm,Anwendung,Maschine / Anlage,1,1,Funktion,"Höhenverstellung, Hygiene-Anforderungen, Hohe Traglast",1,1,Bauform,Stellfuß,1,1,Material,Edelstahl,1,1,Gewinde,M16,1,1,Bodenbefestigung,nein,1,1,Traglast,25000 N,1,0,Durchmesser,100 mm,1,0,,,,,1,vergleich
simple,BF-V-5A0968A3,Blohm B0374.110020 (Form A),1,0,visible,"Hygiene-Stellfuß 3-A für Lebensmittel, Getränke und Pharma. Preis und Lieferzeit auf Anfrage.","<p>Hygiene-Stellfuß 3-A für Lebensmittel, Getränke und Pharma.</p><table><tbody><tr><th>Hersteller</th><td>Blohm</td></tr><tr><th>Serie / Artikel</th><td>B0374.110020 (Form A)</td></tr><tr><th>Maß / Ø (mm)</th><td>100</td></tr><tr><th>Material</th><td>Edelstahl 1.4301; Gummiteller NBR 85 Shore (FDA); Dichtung Silikon (FDA)</td></tr><tr><th>Gewinde / Anschluss</th><td>M20</td></tr><tr><th>Traglast (N)</th><td>25000</td></tr><tr><th>Bodenbefestigung</th><td>nein (Form A)</td></tr><tr><th>Zertifizierung</th><td>3-A Sanitary Standard; FDA-geprüfte Elastomere</td></tr><tr><th>Varianten laut Hersteller</th><td>2</td></tr></tbody></table><p>Technische Angaben nach Herstellerunterlagen, ohne Gewähr. Passende Ausführung, Preis und Lieferzeit nennen wir Ihnen auf Anfrage.</p>",taxable,1,,Hygienefüße,,Blohm,Anwendung,Maschine / Anlage,1,1,Funktion,"Höhenverstellung, Hygiene-Anforderungen, Hohe Traglast",1,1,Bauform,Stellfuß,1,1,Material,Edelstahl,1,1,Gewinde,M20,1,1,Bodenbefestigung,nein,1,1,Traglast,25000 N,1,0,Durchmesser,100 mm,1,0,,,,,1,vergleich
simple,BF-V-81D067CB,Blohm B0374.110024 (Form A),1,0,visible,"Hygiene-Stellfuß 3-A für Lebensmittel, Getränke und Pharma. Preis und Lieferzeit auf Anfrage.","<p>Hygiene-Stellfuß 3-A für Lebensmittel, Getränke und Pharma.</p><table><tbody><tr><th>Hersteller</th><td>Blohm</td></tr><tr><th>Serie / Artikel</th><td>B0374.110024 (Form A)</td></tr><tr><th>Maß / Ø (mm)</th><td>100</td></tr><tr><th>Material</th><td>Edelstahl 1.4301; Gummiteller NBR 85 Shore (FDA); Dichtung Silikon (FDA)</td></tr><tr><th>Gewinde / Anschluss</th><td>M24</td></tr><tr><th>Traglast (N)</th><td>25000</td></tr><tr><th>Bodenbefestigung</th><td>nein (Form A)</td></tr><tr><th>Zertifizierung</th><td>3-A Sanitary Standard; FDA-geprüfte Elastomere</td></tr><tr><th>Varianten laut Hersteller</th><td>2</td></tr></tbody></table><p>Technische Angaben nach Herstellerunterlagen, ohne Gewähr. Passende Ausführung, Preis und Lieferzeit nennen wir Ihnen auf Anfrage.</p>",taxable,1,,Hygienefüße,,Blohm,Anwendung,Maschine / Anlage,1,1,Funktion,"Höhenverstellung, Hygiene-Anforderungen, Hohe Traglast",1,1,Bauform,Stellfuß,1,1,Material,Edelstahl,1,1,Gewinde,M24,1,1,Bodenbefestigung,nein,1,1,Traglast,25000 N,1,0,Durchmesser,100 mm,1,0,,,,,1,vergleich
simple,BF-V-3BF481CB,Blohm B0374.112016 (Form A),1,0,visible,"Hygiene-Stellfuß 3-A für Lebensmittel, Getränke und Pharma. Preis und Lieferzeit auf Anfrage.","<p>Hygiene-Stellfuß 3-A für Lebensmittel, Getränke und Pharma.</p><table><tbody><tr><th>Hersteller</th><td>Blohm</td></tr><tr><th>Serie / Artikel</th><td>B0374.112016 (Form A)</td></tr><tr><th>Maß / Ø (mm)</th><td>120</td></tr><tr><th>Material</th><td>Edelstahl 1.4301; Gummiteller NBR 85 Shore (FDA); Dichtung Silikon (FDA)</td></tr><tr><th>Gewinde / Anschluss</th><td>M16</td></tr><tr><th>Traglast (N)</th><td>30000</td></tr><tr><th>Bodenbefestigung</th><td>nein (Form A)</td></tr><tr><th>Zertifizierung</th><td>3-A Sanitary Standard; FDA-geprüfte Elastomere</td></tr><tr><th>Varianten laut Hersteller</th><td>2</td></tr></tbody></table><p>Technische Angaben nach Herstellerunterlagen, ohne Gewähr. Passende Ausführung, Preis und Lieferzeit nennen wir Ihnen auf Anfrage.</p>",taxable,1,,Hygienefüße,,Blohm,Anwendung,Maschine / Anlage,1,1,Funktion,"Höhenverstellung, Hygiene-Anforderungen, Hohe Traglast",1,1,Bauform,Stellfuß,1,1,Material,Edelstahl,1,1,Gewinde,M16,1,1,Bodenbefestigung,nein,1,1,Traglast,30000 N,1,0,Durchmesser,120 mm,1,0,,,,,1,vergleich
simple,BF-V-C9834603,Blohm B0374.112020 (Form A),1,0,visible,"Hygiene-Stellfuß 3-A für Lebensmittel, Getränke und Pharma. Preis und Lieferzeit auf Anfrage.","<p>Hygiene-Stellfuß 3-A für Lebensmittel, Getränke und Pharma.</p><table><tbody><tr><th>Hersteller</th><td>Blohm</td></tr><tr><th>Serie / Artikel</th><td>B0374.112020 (Form A)</td></tr><tr><th>Maß / Ø (mm)</th><td>120</td></tr><tr><th>Material</th><td>Edelstahl 1.4301; Gummiteller NBR 85 Shore (FDA); Dichtung Silikon (FDA)</td></tr><tr><th>Gewinde / Anschluss</th><td>M20</td></tr><tr><th>Traglast (N)</th><td>30000</td></tr><tr><th>Bodenbefestigung</th><td>nein (Form A)</td></tr><tr><th>Zertifizierung</th><td>3-A Sanitary Standard; FDA-geprüfte Elastomere</td></tr><tr><th>Varianten laut Hersteller</th><td>2</td></tr></tbody></table><p>Technische Angaben nach Herstellerunterlagen, ohne Gewähr. Passende Ausführung, Preis und Lieferzeit nennen wir Ihnen auf Anfrage.</p>",taxable,1,,Hygienefüße,,Blohm,Anwendung,Maschine / Anlage,1,1,Funktion,"Höhenverstellung, Hygiene-Anforderungen, Hohe Traglast",1,1,Bauform,Stellfuß,1,1,Material,Edelstahl,1,1,Gewinde,M20,1,1,Bodenbefestigung,nein,1,1,Traglast,30000 N,1,0,Durchmesser,120 mm,1,0,,,,,1,vergleich
simple,BF-V-EF5668EF,Blohm B0374.112024 (Form A),1,0,visible,"Hygiene-Stellfuß 3-A für Lebensmittel, Getränke und Pharma. Preis und Lieferzeit auf Anfrage.","<p>Hygiene-Stellfuß 3-A für Lebensmittel, Getränke und Pharma.</p><table><tbody><tr><th>Hersteller</th><td>Blohm</td></tr><tr><th>Serie / Artikel</th><td>B0374.112024 (Form A)</td></tr><tr><th>Maß / Ø (mm)</th><td>120</td></tr><tr><th>Material</th><td>Edelstahl 1.4301; Gummiteller NBR 85 Shore (FDA); Dichtung Silikon (FDA)</td></tr><tr><th>Gewinde / Anschluss</th><td>M24</td></tr><tr><th>Traglast (N)</th><td>30000</td></tr><tr><th>Bodenbefestigung</th><td>nein (Form A)</td></tr><tr><th>Zertifizierung</th><td>3-A Sanitary Standard; FDA-geprüfte Elastomere</td></tr><tr><th>Varianten laut Hersteller</th><td>2</td></tr></tbody></table><p>Technische Angaben nach Herstellerunterlagen, ohne Gewähr. Passende Ausführung, Preis und Lieferzeit nennen wir Ihnen auf Anfrage.</p>",taxable,1,,Hygienefüße,,Blohm,Anwendung,Maschine / Anlage,1,1,Funktion,"Höhenverstellung, Hygiene-Anforderungen, Hohe Traglast",1,1,Bauform,Stellfuß,1,1,Material,Edelstahl,1,1,Gewinde,M24,1,1,Bodenbefestigung,nein,1,1,Traglast,30000 N,1,0,Durchmesser,120 mm,1,0,,,,,1,vergleich
simple,BF-V-A887A160,Blohm B0374.206012 (Form B),1,0,visible,"Hygiene-Stellfuß 3-A, Form B, Zubehör Gewindeabdeckung B0522. Preis und Lieferzeit auf Anfrage.","<p>Hygiene-Stellfuß 3-A, Form B, Zubehör Gewindeabdeckung B0522.</p><table><tbody><tr><th>Hersteller</th><td>Blohm</td></tr><tr><th>Serie / Artikel</th><td>B0374.206012 (Form B)</td></tr><tr><th>Maß / Ø (mm)</th><td>60</td></tr><tr><th>Material</th><td>Edelstahl 1.4301; Gummiteller NBR 85 Shore (FDA); Dichtung Silikon (FDA)</td></tr><tr><th>Gewinde / Anschluss</th><td>M12</td></tr><tr><th>Traglast (N)</th><td>10000</td></tr><tr><th>Bodenbefestigung</th><td>Form B (Befestigungsart im Datenblatt nicht benannt)</td></tr><tr><th>Zertifizierung</th><td>3-A Sanitary Standard; FDA-geprüfte Elastomere</td></tr><tr><th>Varianten laut Hersteller</th><td>2</td></tr></tbody></table><p>Technische Angaben nach Herstellerunterlagen, ohne Gewähr. Passende Ausführung, Preis und Lieferzeit nennen wir Ihnen auf Anfrage.</p>",taxable,1,,Hygienefüße,,Blohm,Anwendung,Maschine / Anlage,1,1,Funktion,"Höhenverstellung, Hygiene-Anforderungen",1,1,Bauform,Stellfuß,1,1,Material,Edelstahl,1,1,Gewinde,M12,1,1,Traglast,10000 N,1,0,Durchmesser,60 mm,1,0,,,,,,,,,1,vergleich
simple,BF-V-194A7354,Blohm B0374.206016 (Form B),1,0,visible,"Hygiene-Stellfuß 3-A, Form B, Zubehör Gewindeabdeckung B0522. Preis und Lieferzeit auf Anfrage.","<p>Hygiene-Stellfuß 3-A, Form B, Zubehör Gewindeabdeckung B0522.</p><table><tbody><tr><th>Hersteller</th><td>Blohm</td></tr><tr><th>Serie / Artikel</th><td>B0374.206016 (Form B)</td></tr><tr><th>Maß / Ø (mm)</th><td>60</td></tr><tr><th>Material</th><td>Edelstahl 1.4301; Gummiteller NBR 85 Shore (FDA); Dichtung Silikon (FDA)</td></tr><tr><th>Gewinde / Anschluss</th><td>M16</td></tr><tr><th>Traglast (N)</th><td>10000</td></tr><tr><th>Bodenbefestigung</th><td>Form B (Befestigungsart im Datenblatt nicht benannt)</td></tr><tr><th>Zertifizierung</th><td>3-A Sanitary Standard; FDA-geprüfte Elastomere</td></tr><tr><th>Varianten laut Hersteller</th><td>2</td></tr></tbody></table><p>Technische Angaben nach Herstellerunterlagen, ohne Gewähr. Passende Ausführung, Preis und Lieferzeit nennen wir Ihnen auf Anfrage.</p>",taxable,1,,Hygienefüße,,Blohm,Anwendung,Maschine / Anlage,1,1,Funktion,"Höhenverstellung, Hygiene-Anforderungen",1,1,Bauform,Stellfuß,1,1,Material,Edelstahl,1,1,Gewinde,M16,1,1,Traglast,10000 N,1,0,Durchmesser,60 mm,1,0,,,,,,,,,1,vergleich
simple,BF-V-3C8766E4,Blohm B0374.208016 (Form B),1,0,visible,"Hygiene-Stellfuß 3-A, Form B, Zubehör Gewindeabdeckung B0522. Preis und Lieferzeit auf Anfrage.","<p>Hygiene-Stellfuß 3-A, Form B, Zubehör Gewindeabdeckung B0522.</p><table><tbody><tr><th>Hersteller</th><td>Blohm</td></tr><tr><th>Serie / Artikel</th><td>B0374.208016 (Form B)</td></tr><tr><th>Maß / Ø (mm)</th><td>80</td></tr><tr><th>Material</th><td>Edelstahl 1.4301; Gummiteller NBR 85 Shore (FDA); Dichtung Silikon (FDA)</td></tr><tr><th>Gewinde / Anschluss</th><td>M16</td></tr><tr><th>Traglast (N)</th><td>20000</td></tr><tr><th>Bodenbefestigung</th><td>Form B (Befestigungsart im Datenblatt nicht benannt)</td></tr><tr><th>Zertifizierung</th><td>3-A Sanitary Standard; FDA-geprüfte Elastomere</td></tr><tr><th>Varianten laut Hersteller</th><td>2</td></tr></tbody></table><p>Technische Angaben nach Herstellerunterlagen, ohne Gewähr. Passende Ausführung, Preis und Lieferzeit nennen wir Ihnen auf Anfrage.</p>",taxable,1,,Hygienefüße,,Blohm,Anwendung,Maschine / Anlage,1,1,Funktion,"Höhenverstellung, Hygiene-Anforderungen, Hohe Traglast",1,1,Bauform,Stellfuß,1,1,Material,Edelstahl,1,1,Gewinde,M16,1,1,Traglast,20000 N,1,0,Durchmesser,80 mm,1,0,,,,,,,,,1,vergleich
simple,BF-V-FDB5AEA4,Blohm B0374.208020 (Form B),1,0,visible,"Hygiene-Stellfuß 3-A, Form B, Zubehör Gewindeabdeckung B0522. Preis und Lieferzeit auf Anfrage.","<p>Hygiene-Stellfuß 3-A, Form B, Zubehör Gewindeabdeckung B0522.</p><table><tbody><tr><th>Hersteller</th><td>Blohm</td></tr><tr><th>Serie / Artikel</th><td>B0374.208020 (Form B)</td></tr><tr><th>Maß / Ø (mm)</th><td>80</td></tr><tr><th>Material</th><td>Edelstahl 1.4301; Gummiteller NBR 85 Shore (FDA); Dichtung Silikon (FDA)</td></tr><tr><th>Gewinde / Anschluss</th><td>M20</td></tr><tr><th>Traglast (N)</th><td>20000</td></tr><tr><th>Bodenbefestigung</th><td>Form B (Befestigungsart im Datenblatt nicht benannt)</td></tr><tr><th>Zertifizierung</th><td>3-A Sanitary Standard; FDA-geprüfte Elastomere</td></tr><tr><th>Varianten laut Hersteller</th><td>2</td></tr></tbody></table><p>Technische Angaben nach Herstellerunterlagen, ohne Gewähr. Passende Ausführung, Preis und Lieferzeit nennen wir Ihnen auf Anfrage.</p>",taxable,1,,Hygienefüße,,Blohm,Anwendung,Maschine / Anlage,1,1,Funktion,"Höhenverstellung, Hygiene-Anforderungen, Hohe Traglast",1,1,Bauform,Stellfuß,1,1,Material,Edelstahl,1,1,Gewinde,M20,1,1,Traglast,20000 N,1,0,Durchmesser,80 mm,1,0,,,,,,,,,1,vergleich
simple,BF-V-BD84EE13,Blohm B0374.208024 (Form B),1,0,visible,"Hygiene-Stellfuß 3-A, Form B, Zubehör Gewindeabdeckung B0522. Preis und Lieferzeit auf Anfrage.","<p>Hygiene-Stellfuß 3-A, Form B, Zubehör Gewindeabdeckung B0522.</p><table><tbody><tr><th>Hersteller</th><td>Blohm</td></tr><tr><th>Serie / Artikel</th><td>B0374.208024 (Form B)</td></tr><tr><th>Maß / Ø (mm)</th><td>80</td></tr><tr><th>Material</th><td>Edelstahl 1.4301; Gummiteller NBR 85 Shore (FDA); Dichtung Silikon (FDA)</td></tr><tr><th>Gewinde / Anschluss</th><td>M24</td></tr><tr><th>Traglast (N)</th><td>20000</td></tr><tr><th>Bodenbefestigung</th><td>Form B (Befestigungsart im Datenblatt nicht benannt)</td></tr><tr><th>Zertifizierung</th><td>3-A Sanitary Standard; FDA-geprüfte Elastomere</td></tr><tr><th>Varianten laut Hersteller</th><td>2</td></tr></tbody></table><p>Technische Angaben nach Herstellerunterlagen, ohne Gewähr. Passende Ausführung, Preis und Lieferzeit nennen wir Ihnen auf Anfrage.</p>",taxable,1,,Hygienefüße,,Blohm,Anwendung,Maschine / Anlage,1,1,Funktion,"Höhenverstellung, Hygiene-Anforderungen, Hohe Traglast",1,1,Bauform,Stellfuß,1,1,Material,Edelstahl,1,1,Gewinde,M24,1,1,Traglast,20000 N,1,0,Durchmesser,80 mm,1,0,,,,,,,,,1,vergleich
simple,BF-V-7C35D122,Blohm B0374.210016 (Form B),1,0,visible,"Hygiene-Stellfuß 3-A, Form B, Zubehör Gewindeabdeckung B0522. Preis und Lieferzeit auf Anfrage.","<p>Hygiene-Stellfuß 3-A, Form B, Zubehör Gewindeabdeckung B0522.</p><table><tbody><tr><th>Hersteller</th><td>Blohm</td></tr><tr><th>Serie / Artikel</th><td>B0374.210016 (Form B)</td></tr><tr><th>Maß / Ø (mm)</th><td>100</td></tr><tr><th>Material</th><td>Edelstahl 1.4301; Gummiteller NBR 85 Shore (FDA); Dichtung Silikon (FDA)</td></tr><tr><th>Gewinde / Anschluss</th><td>M16</td></tr><tr><th>Traglast (N)</th><td>25000</td></tr><tr><th>Bodenbefestigung</th><td>Form B (Befestigungsart im Datenblatt nicht benannt)</td></tr><tr><th>Zertifizierung</th><td>3-A Sanitary Standard; FDA-geprüfte Elastomere</td></tr><tr><th>Varianten laut Hersteller</th><td>2</td></tr></tbody></table><p>Technische Angaben nach Herstellerunterlagen, ohne Gewähr. Passende Ausführung, Preis und Lieferzeit nennen wir Ihnen auf Anfrage.</p>",taxable,1,,Hygienefüße,,Blohm,Anwendung,Maschine / Anlage,1,1,Funktion,"Höhenverstellung, Hygiene-Anforderungen, Hohe Traglast",1,1,Bauform,Stellfuß,1,1,Material,Edelstahl,1,1,Gewinde,M16,1,1,Traglast,25000 N,1,0,Durchmesser,100 mm,1,0,,,,,,,,,1,vergleich
simple,BF-V-5151482F,Blohm B0374.210020 (Form B),1,0,visible,"Hygiene-Stellfuß 3-A, Form B, Zubehör Gewindeabdeckung B0522. Preis und Lieferzeit auf Anfrage.","<p>Hygiene-Stellfuß 3-A, Form B, Zubehör Gewindeabdeckung B0522.</p><table><tbody><tr><th>Hersteller</th><td>Blohm</td></tr><tr><th>Serie / Artikel</th><td>B0374.210020 (Form B)</td></tr><tr><th>Maß / Ø (mm)</th><td>100</td></tr><tr><th>Material</th><td>Edelstahl 1.4301; Gummiteller NBR 85 Shore (FDA); Dichtung Silikon (FDA)</td></tr><tr><th>Gewinde / Anschluss</th><td>M20</td></tr><tr><th>Traglast (N)</th><td>25000</td></tr><tr><th>Bodenbefestigung</th><td>Form B (Befestigungsart im Datenblatt nicht benannt)</td></tr><tr><th>Zertifizierung</th><td>3-A Sanitary Standard; FDA-geprüfte Elastomere</td></tr><tr><th>Varianten laut Hersteller</th><td>2</td></tr></tbody></table><p>Technische Angaben nach Herstellerunterlagen, ohne Gewähr. Passende Ausführung, Preis und Lieferzeit nennen wir Ihnen auf Anfrage.</p>",taxable,1,,Hygienefüße,,Blohm,Anwendung,Maschine / Anlage,1,1,Funktion,"Höhenverstellung, Hygiene-Anforderungen, Hohe Traglast",1,1,Bauform,Stellfuß,1,1,Material,Edelstahl,1,1,Gewinde,M20,1,1,Traglast,25000 N,1,0,Durchmesser,100 mm,1,0,,,,,,,,,1,vergleich
simple,BF-V-9A88586C,Blohm B0374.210024 (Form B),1,0,visible,"Hygiene-Stellfuß 3-A, Form B, Zubehör Gewindeabdeckung B0522. Preis und Lieferzeit auf Anfrage.","<p>Hygiene-Stellfuß 3-A, Form B, Zubehör Gewindeabdeckung B0522.</p><table><tbody><tr><th>Hersteller</th><td>Blohm</td></tr><tr><th>Serie / Artikel</th><td>B0374.210024 (Form B)</td></tr><tr><th>Maß / Ø (mm)</th><td>100</td></tr><tr><th>Material</th><td>Edelstahl 1.4301; Gummiteller NBR 85 Shore (FDA); Dichtung Silikon (FDA)</td></tr><tr><th>Gewinde / Anschluss</th><td>M24</td></tr><tr><th>Traglast (N)</th><td>25000</td></tr><tr><th>Bodenbefestigung</th><td>Form B (Befestigungsart im Datenblatt nicht benannt)</td></tr><tr><th>Zertifizierung</th><td>3-A Sanitary Standard; FDA-geprüfte Elastomere</td></tr><tr><th>Varianten laut Hersteller</th><td>2</td></tr></tbody></table><p>Technische Angaben nach Herstellerunterlagen, ohne Gewähr. Passende Ausführung, Preis und Lieferzeit nennen wir Ihnen auf Anfrage.</p>",taxable,1,,Hygienefüße,,Blohm,Anwendung,Maschine / Anlage,1,1,Funktion,"Höhenverstellung, Hygiene-Anforderungen, Hohe Traglast",1,1,Bauform,Stellfuß,1,1,Material,Edelstahl,1,1,Gewinde,M24,1,1,Traglast,25000 N,1,0,Durchmesser,100 mm,1,0,,,,,,,,,1,vergleich
simple,BF-V-FAA1D0C4,Elesa+Ganter GN 20-100-D20-AV,1,0,visible,"Hygiene-Stellfuß mit vergrößertem Verstellbereich, ohne Löcher. Preis und Lieferzeit auf Anfrage.","<p>Hygiene-Stellfuß mit vergrößertem Verstellbereich, ohne Löcher.</p><table><tbody><tr><th>Hersteller</th><td>Elesa+Ganter</td></tr><tr><th>Serie / Artikel</th><td>GN 20-100-D20-AV</td></tr><tr><th>Maß / Ø (mm)</th><td>100</td></tr><tr><th>Material</th><td>Edelstahl AISI 304; Dichtungen NBR/TPU/HNBR/Silikon (FDA-konform); Abdeckkappe TPU</td></tr><tr><th>Gewinde / Anschluss</th><td>Einschraubhülse M33x2 (Spindel D20)</td></tr><tr><th>Bodenbefestigung</th><td>nein (Typ AV)</td></tr><tr><th>Zertifizierung</th><td>3-A 88-01; DGUV; FDA-konforme Dichtungen</td></tr><tr><th>Varianten laut Hersteller</th><td>3</td></tr></tbody></table><p>Technische Angaben nach Herstellerunterlagen, ohne Gewähr. Passende Ausführung, Preis und Lieferzeit nennen wir Ihnen auf Anfrage.</p>",taxable,1,,Hygienefüße,,Elesa+Ganter,Anwendung,Maschine / Anlage,1,1,Funktion,"Höhenverstellung, Hygiene-Anforderungen",1,1,Bauform,Stellfuß,1,1,Material,Edelstahl,1,1,Gewinde,M33,1,1,Bodenbefestigung,nein,1,1,Durchmesser,100 mm,1,0,,,,,,,,,1,vergleich
simple,BF-V-2EB804BF,Elesa+Ganter GN 20-100-D28-AV,1,0,visible,"Hygiene-Stellfuß mit vergrößertem Verstellbereich, ohne Löcher. Preis und Lieferzeit auf Anfrage.","<p>Hygiene-Stellfuß mit vergrößertem Verstellbereich, ohne Löcher.</p><table><tbody><tr><th>Hersteller</th><td>Elesa+Ganter</td></tr><tr><th>Serie / Artikel</th><td>GN 20-100-D28-AV</td></tr><tr><th>Maß / Ø (mm)</th><td>100</td></tr><tr><th>Material</th><td>Edelstahl AISI 304; Dichtungen NBR/TPU/HNBR/Silikon (FDA-konform); Abdeckkappe TPU</td></tr><tr><th>Gewinde / Anschluss</th><td>Einschraubhülse M44x2 (Spindel D28)</td></tr><tr><th>Bodenbefestigung</th><td>nein (Typ AV)</td></tr><tr><th>Zertifizierung</th><td>3-A 88-01; DGUV; FDA-konforme Dichtungen</td></tr><tr><th>Varianten laut Hersteller</th><td>3</td></tr></tbody></table><p>Technische Angaben nach Herstellerunterlagen, ohne Gewähr. Passende Ausführung, Preis und Lieferzeit nennen wir Ihnen auf Anfrage.</p>",taxable,1,,Hygienefüße,,Elesa+Ganter,Anwendung,Maschine / Anlage,1,1,Funktion,"Höhenverstellung, Hygiene-Anforderungen",1,1,Bauform,Stellfuß,1,1,Material,Edelstahl,1,1,Gewinde,M44,1,1,Bodenbefestigung,nein,1,1,Durchmesser,100 mm,1,0,,,,,,,,,1,vergleich
simple,BF-V-E67F4676,Elesa+Ganter GN 20-100-M16-A,1,0,visible,"Hygiene-Stellfuß ohne Befestigungslöcher, abgedichtete Gelenkspindel. Preis und Lieferzeit auf Anfrage.","<p>Hygiene-Stellfuß ohne Befestigungslöcher, abgedichtete Gelenkspindel.</p><table><tbody><tr><th>Hersteller</th><td>Elesa+Ganter</td></tr><tr><th>Serie / Artikel</th><td>GN 20-100-M16-A</td></tr><tr><th>Maß / Ø (mm)</th><td>100</td></tr><tr><th>Material</th><td>Edelstahl AISI 304; Dichtungen NBR/TPU/HNBR/Silikon (FDA-konform)</td></tr><tr><th>Gewinde / Anschluss</th><td>M16</td></tr><tr><th>Bodenbefestigung</th><td>nein (Typ A)</td></tr><tr><th>Zertifizierung</th><td>3-A 88-01; DGUV; FDA-konforme Dichtungen</td></tr><tr><th>Varianten laut Hersteller</th><td>2</td></tr></tbody></table><p>Technische Angaben nach Herstellerunterlagen, ohne Gewähr. Passende Ausführung, Preis und Lieferzeit nennen wir Ihnen auf Anfrage.</p>",taxable,1,,Hygienefüße,,Elesa+Ganter,Anwendung,Maschine / Anlage,1,1,Funktion,"Höhenverstellung, Hygiene-Anforderungen",1,1,Bauform,Stellfuß,1,1,Material,Edelstahl,1,1,Gewinde,M16,1,1,Bodenbefestigung,nein,1,1,Durchmesser,100 mm,1,0,,,,,,,,,1,vergleich
simple,BF-V-058E7AEA,Elesa+Ganter GN 20-100-M20-A,1,0,visible,"Hygiene-Stellfuß ohne Befestigungslöcher, abgedichtete Gelenkspindel. Preis und Lieferzeit auf Anfrage.","<p>Hygiene-Stellfuß ohne Befestigungslöcher, abgedichtete Gelenkspindel.</p><table><tbody><tr><th>Hersteller</th><td>Elesa+Ganter</td></tr><tr><th>Serie / Artikel</th><td>GN 20-100-M20-A</td></tr><tr><th>Maß / Ø (mm)</th><td>100</td></tr><tr><th>Material</th><td>Edelstahl AISI 304; Dichtungen NBR/TPU/HNBR/Silikon (FDA-konform)</td></tr><tr><th>Gewinde / Anschluss</th><td>M20</td></tr><tr><th>Bodenbefestigung</th><td>nein (Typ A)</td></tr><tr><th>Zertifizierung</th><td>3-A 88-01; DGUV; FDA-konforme Dichtungen</td></tr><tr><th>Varianten laut Hersteller</th><td>2</td></tr></tbody></table><p>Technische Angaben nach Herstellerunterlagen, ohne Gewähr. Passende Ausführung, Preis und Lieferzeit nennen wir Ihnen auf Anfrage.</p>",taxable,1,,Hygienefüße,,Elesa+Ganter,Anwendung,Maschine / Anlage,1,1,Funktion,"Höhenverstellung, Hygiene-Anforderungen",1,1,Bauform,Stellfuß,1,1,Material,Edelstahl,1,1,Gewinde,M20,1,1,Bodenbefestigung,nein,1,1,Durchmesser,100 mm,1,0,,,,,,,,,1,vergleich
simple,BF-V-3DEC6055,Elesa+Ganter GN 20-100-M24-A,1,0,visible,"Hygiene-Stellfuß ohne Befestigungslöcher, abgedichtete Gelenkspindel. Preis und Lieferzeit auf Anfrage.","<p>Hygiene-Stellfuß ohne Befestigungslöcher, abgedichtete Gelenkspindel.</p><table><tbody><tr><th>Hersteller</th><td>Elesa+Ganter</td></tr><tr><th>Serie / Artikel</th><td>GN 20-100-M24-A</td></tr><tr><th>Maß / Ø (mm)</th><td>100</td></tr><tr><th>Material</th><td>Edelstahl AISI 304; Dichtungen NBR/TPU/HNBR/Silikon (FDA-konform)</td></tr><tr><th>Gewinde / Anschluss</th><td>M24</td></tr><tr><th>Bodenbefestigung</th><td>nein (Typ A)</td></tr><tr><th>Zertifizierung</th><td>3-A 88-01; DGUV; FDA-konforme Dichtungen</td></tr><tr><th>Varianten laut Hersteller</th><td>2</td></tr></tbody></table><p>Technische Angaben nach Herstellerunterlagen, ohne Gewähr. Passende Ausführung, Preis und Lieferzeit nennen wir Ihnen auf Anfrage.</p>",taxable,1,,Hygienefüße,,Elesa+Ganter,Anwendung,Maschine / Anlage,1,1,Funktion,"Höhenverstellung, Hygiene-Anforderungen",1,1,Bauform,Stellfuß,1,1,Material,Edelstahl,1,1,Gewinde,M24,1,1,Bodenbefestigung,nein,1,1,Durchmesser,100 mm,1,0,,,,,,,,,1,vergleich
simple,BF-V-83281D31,Elesa+Ganter GN 20-120-D28-AV,1,0,visible,"Hygiene-Stellfuß mit vergrößertem Verstellbereich, ohne Löcher. Preis und Lieferzeit auf Anfrage.","<p>Hygiene-Stellfuß mit vergrößertem Verstellbereich, ohne Löcher.</p><table><tbody><tr><th>Hersteller</th><td>Elesa+Ganter</td></tr><tr><th>Serie / Artikel</th><td>GN 20-120-D28-AV</td></tr><tr><th>Maß / Ø (mm)</th><td>120</td></tr><tr><th>Material</th><td>Edelstahl AISI 304; Dichtungen NBR/TPU/HNBR/Silikon (FDA-konform); Abdeckkappe TPU</td></tr><tr><th>Gewinde / Anschluss</th><td>Einschraubhülse M44x2 (Spindel D28)</td></tr><tr><th>Bodenbefestigung</th><td>nein (Typ AV)</td></tr><tr><th>Zertifizierung</th><td>3-A 88-01; DGUV; FDA-konforme Dichtungen</td></tr><tr><th>Varianten laut Hersteller</th><td>3</td></tr></tbody></table><p>Technische Angaben nach Herstellerunterlagen, ohne Gewähr. Passende Ausführung, Preis und Lieferzeit nennen wir Ihnen auf Anfrage.</p>",taxable,1,,Hygienefüße,,Elesa+Ganter,Anwendung,Maschine / Anlage,1,1,Funktion,"Höhenverstellung, Hygiene-Anforderungen",1,1,Bauform,Stellfuß,1,1,Material,Edelstahl,1,1,Gewinde,M44,1,1,Bodenbefestigung,nein,1,1,Durchmesser,120 mm,1,0,,,,,,,,,1,vergleich
simple,BF-V-CC295EAC,Elesa+Ganter GN 20-120-M16-A,1,0,visible,"Hygiene-Stellfuß ohne Befestigungslöcher, abgedichtete Gelenkspindel. Preis und Lieferzeit auf Anfrage.","<p>Hygiene-Stellfuß ohne Befestigungslöcher, abgedichtete Gelenkspindel.</p><table><tbody><tr><th>Hersteller</th><td>Elesa+Ganter</td></tr><tr><th>Serie / Artikel</th><td>GN 20-120-M16-A</td></tr><tr><th>Maß / Ø (mm)</th><td>120</td></tr><tr><th>Material</th><td>Edelstahl AISI 304; Dichtungen NBR/TPU/HNBR/Silikon (FDA-konform)</td></tr><tr><th>Gewinde / Anschluss</th><td>M16</td></tr><tr><th>Bodenbefestigung</th><td>nein (Typ A)</td></tr><tr><th>Zertifizierung</th><td>3-A 88-01; DGUV; FDA-konforme Dichtungen</td></tr><tr><th>Varianten laut Hersteller</th><td>2</td></tr></tbody></table><p>Technische Angaben nach Herstellerunterlagen, ohne Gewähr. Passende Ausführung, Preis und Lieferzeit nennen wir Ihnen auf Anfrage.</p>",taxable,1,,Hygienefüße,,Elesa+Ganter,Anwendung,Maschine / Anlage,1,1,Funktion,"Höhenverstellung, Hygiene-Anforderungen",1,1,Bauform,Stellfuß,1,1,Material,Edelstahl,1,1,Gewinde,M16,1,1,Bodenbefestigung,nein,1,1,Durchmesser,120 mm,1,0,,,,,,,,,1,vergleich
simple,BF-V-BFF33736,Elesa+Ganter GN 20-120-M20-A,1,0,visible,"Hygiene-Stellfuß ohne Befestigungslöcher, abgedichtete Gelenkspindel. Preis und Lieferzeit auf Anfrage.","<p>Hygiene-Stellfuß ohne Befestigungslöcher, abgedichtete Gelenkspindel.</p><table><tbody><tr><th>Hersteller</th><td>Elesa+Ganter</td></tr><tr><th>Serie / Artikel</th><td>GN 20-120-M20-A</td></tr><tr><th>Maß / Ø (mm)</th><td>120</td></tr><tr><th>Material</th><td>Edelstahl AISI 304; Dichtungen NBR/TPU/HNBR/Silikon (FDA-konform)</td></tr><tr><th>Gewinde / Anschluss</th><td>M20</td></tr><tr><th>Bodenbefestigung</th><td>nein (Typ A)</td></tr><tr><th>Zertifizierung</th><td>3-A 88-01; DGUV; FDA-konforme Dichtungen</td></tr><tr><th>Varianten laut Hersteller</th><td>2</td></tr></tbody></table><p>Technische Angaben nach Herstellerunterlagen, ohne Gewähr. Passende Ausführung, Preis und Lieferzeit nennen wir Ihnen auf Anfrage.</p>",taxable,1,,Hygienefüße,,Elesa+Ganter,Anwendung,Maschine / Anlage,1,1,Funktion,"Höhenverstellung, Hygiene-Anforderungen",1,1,Bauform,Stellfuß,1,1,Material,Edelstahl,1,1,Gewinde,M20,1,1,Bodenbefestigung,nein,1,1,Durchmesser,120 mm,1,0,,,,,,,,,1,vergleich
simple,BF-V-BB63339B,Elesa+Ganter GN 20-120-M24-A,1,0,visible,"Hygiene-Stellfuß ohne Befestigungslöcher, abgedichtete Gelenkspindel. Preis und Lieferzeit auf Anfrage.","<p>Hygiene-Stellfuß ohne Befestigungslöcher, abgedichtete Gelenkspindel.</p><table><tbody><tr><th>Hersteller</th><td>Elesa+Ganter</td></tr><tr><th>Serie / Artikel</th><td>GN 20-120-M24-A</td></tr><tr><th>Maß / Ø (mm)</th><td>120</td></tr><tr><th>Material</th><td>Edelstahl AISI 304; Dichtungen NBR/TPU/HNBR/Silikon (FDA-konform)</td></tr><tr><th>Gewinde / Anschluss</th><td>M24</td></tr><tr><th>Bodenbefestigung</th><td>nein (Typ A)</td></tr><tr><th>Zertifizierung</th><td>3-A 88-01; DGUV; FDA-konforme Dichtungen</td></tr><tr><th>Varianten laut Hersteller</th><td>2</td></tr></tbody></table><p>Technische Angaben nach Herstellerunterlagen, ohne Gewähr. Passende Ausführung, Preis und Lieferzeit nennen wir Ihnen auf Anfrage.</p>",taxable,1,,Hygienefüße,,Elesa+Ganter,Anwendung,Maschine / Anlage,1,1,Funktion,"Höhenverstellung, Hygiene-Anforderungen",1,1,Bauform,Stellfuß,1,1,Material,Edelstahl,1,1,Gewinde,M24,1,1,Bodenbefestigung,nein,1,1,Durchmesser,120 mm,1,0,,,,,,,,,1,vergleich
simple,BF-V-17EE26B5,Elesa+Ganter GN 20-60-D20-AV,1,0,visible,"Hygiene-Stellfuß mit vergrößertem Verstellbereich, ohne Löcher. Preis und Lieferzeit auf Anfrage.","<p>Hygiene-Stellfuß mit vergrößertem Verstellbereich, ohne Löcher.</p><table><tbody><tr><th>Hersteller</th><td>Elesa+Ganter</td></tr><tr><th>Serie / Artikel</th><td>GN 20-60-D20-AV</td></tr><tr><th>Maß / Ø (mm)</th><td>60</td></tr><tr><th>Material</th><td>Edelstahl AISI 304; Dichtungen NBR/TPU/HNBR/Silikon (FDA-konform); Abdeckkappe TPU</td></tr><tr><th>Gewinde / Anschluss</th><td>Einschraubhülse M33x2 (Spindel D20)</td></tr><tr><th>Bodenbefestigung</th><td>nein (Typ AV)</td></tr><tr><th>Zertifizierung</th><td>3-A 88-01; DGUV; FDA-konforme Dichtungen</td></tr><tr><th>Varianten laut Hersteller</th><td>3</td></tr></tbody></table><p>Technische Angaben nach Herstellerunterlagen, ohne Gewähr. Passende Ausführung, Preis und Lieferzeit nennen wir Ihnen auf Anfrage.</p>",taxable,1,,Hygienefüße,,Elesa+Ganter,Anwendung,Maschine / Anlage,1,1,Funktion,"Höhenverstellung, Hygiene-Anforderungen",1,1,Bauform,Stellfuß,1,1,Material,Edelstahl,1,1,Gewinde,M33,1,1,Bodenbefestigung,nein,1,1,Durchmesser,60 mm,1,0,,,,,,,,,1,vergleich
simple,BF-V-3FAC6018,Elesa+Ganter GN 20-60-M12-A,1,0,visible,"Hygiene-Stellfuß ohne Befestigungslöcher, abgedichtete Gelenkspindel. Preis und Lieferzeit auf Anfrage.","<p>Hygiene-Stellfuß ohne Befestigungslöcher, abgedichtete Gelenkspindel.</p><table><tbody><tr><th>Hersteller</th><td>Elesa+Ganter</td></tr><tr><th>Serie / Artikel</th><td>GN 20-60-M12-A</td></tr><tr><th>Maß / Ø (mm)</th><td>60</td></tr><tr><th>Material</th><td>Edelstahl AISI 304; Dichtungen NBR/TPU/HNBR/Silikon (FDA-konform)</td></tr><tr><th>Gewinde / Anschluss</th><td>M12</td></tr><tr><th>Bodenbefestigung</th><td>nein (Typ A)</td></tr><tr><th>Zertifizierung</th><td>3-A 88-01; DGUV; FDA-konforme Dichtungen</td></tr><tr><th>Varianten laut Hersteller</th><td>2</td></tr></tbody></table><p>Technische Angaben nach Herstellerunterlagen, ohne Gewähr. Passende Ausführung, Preis und Lieferzeit nennen wir Ihnen auf Anfrage.</p>",taxable,1,,Hygienefüße,,Elesa+Ganter,Anwendung,Maschine / Anlage,1,1,Funktion,"Höhenverstellung, Hygiene-Anforderungen",1,1,Bauform,Stellfuß,1,1,Material,Edelstahl,1,1,Gewinde,M12,1,1,Bodenbefestigung,nein,1,1,Durchmesser,60 mm,1,0,,,,,,,,,1,vergleich
simple,BF-V-2F49397A,Elesa+Ganter GN 20-60-M16-A,1,0,visible,"Hygiene-Stellfuß ohne Befestigungslöcher, abgedichtete Gelenkspindel. Preis und Lieferzeit auf Anfrage.","<p>Hygiene-Stellfuß ohne Befestigungslöcher, abgedichtete Gelenkspindel.</p><table><tbody><tr><th>Hersteller</th><td>Elesa+Ganter</td></tr><tr><th>Serie / Artikel</th><td>GN 20-60-M16-A</td></tr><tr><th>Maß / Ø (mm)</th><td>60</td></tr><tr><th>Material</th><td>Edelstahl AISI 304; Dichtungen NBR/TPU/HNBR/Silikon (FDA-konform)</td></tr><tr><th>Gewinde / Anschluss</th><td>M16</td></tr><tr><th>Bodenbefestigung</th><td>nein (Typ A)</td></tr><tr><th>Zertifizierung</th><td>3-A 88-01; DGUV; FDA-konforme Dichtungen</td></tr><tr><th>Varianten laut Hersteller</th><td>2</td></tr></tbody></table><p>Technische Angaben nach Herstellerunterlagen, ohne Gewähr. Passende Ausführung, Preis und Lieferzeit nennen wir Ihnen auf Anfrage.</p>",taxable,1,,Hygienefüße,,Elesa+Ganter,Anwendung,Maschine / Anlage,1,1,Funktion,"Höhenverstellung, Hygiene-Anforderungen",1,1,Bauform,Stellfuß,1,1,Material,Edelstahl,1,1,Gewinde,M16,1,1,Bodenbefestigung,nein,1,1,Durchmesser,60 mm,1,0,,,,,,,,,1,vergleich
simple,BF-V-17B54BA8,Elesa+Ganter GN 20-80-D20-AV,1,0,visible,"Hygiene-Stellfuß mit vergrößertem Verstellbereich, ohne Löcher. Preis und Lieferzeit auf Anfrage.","<p>Hygiene-Stellfuß mit vergrößertem Verstellbereich, ohne Löcher.</p><table><tbody><tr><th>Hersteller</th><td>Elesa+Ganter</td></tr><tr><th>Serie / Artikel</th><td>GN 20-80-D20-AV</td></tr><tr><th>Maß / Ø (mm)</th><td>80</td></tr><tr><th>Material</th><td>Edelstahl AISI 304; Dichtungen NBR/TPU/HNBR/Silikon (FDA-konform); Abdeckkappe TPU</td></tr><tr><th>Gewinde / Anschluss</th><td>Einschraubhülse M33x2 (Spindel D20)</td></tr><tr><th>Bodenbefestigung</th><td>nein (Typ AV)</td></tr><tr><th>Zertifizierung</th><td>3-A 88-01; DGUV; FDA-konforme Dichtungen</td></tr><tr><th>Varianten laut Hersteller</th><td>3</td></tr></tbody></table><p>Technische Angaben nach Herstellerunterlagen, ohne Gewähr. Passende Ausführung, Preis und Lieferzeit nennen wir Ihnen auf Anfrage.</p>",taxable,1,,Hygienefüße,,Elesa+Ganter,Anwendung,Maschine / Anlage,1,1,Funktion,"Höhenverstellung, Hygiene-Anforderungen",1,1,Bauform,Stellfuß,1,1,Material,Edelstahl,1,1,Gewinde,M33,1,1,Bodenbefestigung,nein,1,1,Durchmesser,80 mm,1,0,,,,,,,,,1,vergleich
simple,BF-V-F67A85E4,Elesa+Ganter GN 20-80-D28-AV,1,0,visible,"Hygiene-Stellfuß mit vergrößertem Verstellbereich, ohne Löcher. Preis und Lieferzeit auf Anfrage.","<p>Hygiene-Stellfuß mit vergrößertem Verstellbereich, ohne Löcher.</p><table><tbody><tr><th>Hersteller</th><td>Elesa+Ganter</td></tr><tr><th>Serie / Artikel</th><td>GN 20-80-D28-AV</td></tr><tr><th>Maß / Ø (mm)</th><td>80</td></tr><tr><th>Material</th><td>Edelstahl AISI 304; Dichtungen NBR/TPU/HNBR/Silikon (FDA-konform); Abdeckkappe TPU</td></tr><tr><th>Gewinde / Anschluss</th><td>Einschraubhülse M44x2 (Spindel D28)</td></tr><tr><th>Bodenbefestigung</th><td>nein (Typ AV)</td></tr><tr><th>Zertifizierung</th><td>3-A 88-01; DGUV; FDA-konforme Dichtungen</td></tr><tr><th>Varianten laut Hersteller</th><td>3</td></tr></tbody></table><p>Technische Angaben nach Herstellerunterlagen, ohne Gewähr. Passende Ausführung, Preis und Lieferzeit nennen wir Ihnen auf Anfrage.</p>",taxable,1,,Hygienefüße,,Elesa+Ganter,Anwendung,Maschine / Anlage,1,1,Funktion,"Höhenverstellung, Hygiene-Anforderungen",1,1,Bauform,Stellfuß,1,1,Material,Edelstahl,1,1,Gewinde,M44,1,1,Bodenbefestigung,nein,1,1,Durchmesser,80 mm,1,0,,,,,,,,,1,vergleich
simple,BF-V-11661119,Elesa+Ganter GN 20-80-M12-A,1,0,visible,"Hygiene-Stellfuß ohne Befestigungslöcher, abgedichtete Gelenkspindel. Preis und Lieferzeit auf Anfrage.","<p>Hygiene-Stellfuß ohne Befestigungslöcher, abgedichtete Gelenkspindel.</p><table><tbody><tr><th>Hersteller</th><td>Elesa+Ganter</td></tr><tr><th>Serie / Artikel</th><td>GN 20-80-M12-A</td></tr><tr><th>Maß / Ø (mm)</th><td>80</td></tr><tr><th>Material</th><td>Edelstahl AISI 304; Dichtungen NBR/TPU/HNBR/Silikon (FDA-konform)</td></tr><tr><th>Gewinde / Anschluss</th><td>M12</td></tr><tr><th>Bodenbefestigung</th><td>nein (Typ A)</td></tr><tr><th>Zertifizierung</th><td>3-A 88-01; DGUV; FDA-konforme Dichtungen</td></tr><tr><th>Varianten laut Hersteller</th><td>2</td></tr></tbody></table><p>Technische Angaben nach Herstellerunterlagen, ohne Gewähr. Passende Ausführung, Preis und Lieferzeit nennen wir Ihnen auf Anfrage.</p>",taxable,1,,Hygienefüße,,Elesa+Ganter,Anwendung,Maschine / Anlage,1,1,Funktion,"Höhenverstellung, Hygiene-Anforderungen",1,1,Bauform,Stellfuß,1,1,Material,Edelstahl,1,1,Gewinde,M12,1,1,Bodenbefestigung,nein,1,1,Durchmesser,80 mm,1,0,,,,,,,,,1,vergleich
simple,BF-V-8750ED83,Elesa+Ganter GN 20-80-M16-A,1,0,visible,"Hygiene-Stellfuß ohne Befestigungslöcher, abgedichtete Gelenkspindel. Preis und Lieferzeit auf Anfrage.","<p>Hygiene-Stellfuß ohne Befestigungslöcher, abgedichtete Gelenkspindel.</p><table><tbody><tr><th>Hersteller</th><td>Elesa+Ganter</td></tr><tr><th>Serie / Artikel</th><td>GN 20-80-M16-A</td></tr><tr><th>Maß / Ø (mm)</th><td>80</td></tr><tr><th>Material</th><td>Edelstahl AISI 304; Dichtungen NBR/TPU/HNBR/Silikon (FDA-konform)</td></tr><tr><th>Gewinde / Anschluss</th><td>M16</td></tr><tr><th>Bodenbefestigung</th><td>nein (Typ A)</td></tr><tr><th>Zertifizierung</th><td>3-A 88-01; DGUV; FDA-konforme Dichtungen</td></tr><tr><th>Varianten laut Hersteller</th><td>2</td></tr></tbody></table><p>Technische Angaben nach Herstellerunterlagen, ohne Gewähr. Passende Ausführung, Preis und Lieferzeit nennen wir Ihnen auf Anfrage.</p>",taxable,1,,Hygienefüße,,Elesa+Ganter,Anwendung,Maschine / Anlage,1,1,Funktion,"Höhenverstellung, Hygiene-Anforderungen",1,1,Bauform,Stellfuß,1,1,Material,Edelstahl,1,1,Gewinde,M16,1,1,Bodenbefestigung,nein,1,1,Durchmesser,80 mm,1,0,,,,,,,,,1,vergleich
simple,BF-V-806E1C6D,Elesa+Ganter GN 20-80-M20-A,1,0,visible,"Hygiene-Stellfuß ohne Befestigungslöcher, abgedichtete Gelenkspindel. Preis und Lieferzeit auf Anfrage.","<p>Hygiene-Stellfuß ohne Befestigungslöcher, abgedichtete Gelenkspindel.</p><table><tbody><tr><th>Hersteller</th><td>Elesa+Ganter</td></tr><tr><th>Serie / Artikel</th><td>GN 20-80-M20-A</td></tr><tr><th>Maß / Ø (mm)</th><td>80</td></tr><tr><th>Material</th><td>Edelstahl AISI 304; Dichtungen NBR/TPU/HNBR/Silikon (FDA-konform)</td></tr><tr><th>Gewinde / Anschluss</th><td>M20</td></tr><tr><th>Bodenbefestigung</th><td>nein (Typ A)</td></tr><tr><th>Zertifizierung</th><td>3-A 88-01; DGUV; FDA-konforme Dichtungen</td></tr><tr><th>Varianten laut Hersteller</th><td>2</td></tr></tbody></table><p>Technische Angaben nach Herstellerunterlagen, ohne Gewähr. Passende Ausführung, Preis und Lieferzeit nennen wir Ihnen auf Anfrage.</p>",taxable,1,,Hygienefüße,,Elesa+Ganter,Anwendung,Maschine / Anlage,1,1,Funktion,"Höhenverstellung, Hygiene-Anforderungen",1,1,Bauform,Stellfuß,1,1,Material,Edelstahl,1,1,Gewinde,M20,1,1,Bodenbefestigung,nein,1,1,Durchmesser,80 mm,1,0,,,,,,,,,1,vergleich
simple,BF-V-947C9C60,Elesa+Ganter GN 20-80-M24-A,1,0,visible,"Hygiene-Stellfuß ohne Befestigungslöcher, abgedichtete Gelenkspindel. Preis und Lieferzeit auf Anfrage.","<p>Hygiene-Stellfuß ohne Befestigungslöcher, abgedichtete Gelenkspindel.</p><table><tbody><tr><th>Hersteller</th><td>Elesa+Ganter</td></tr><tr><th>Serie / Artikel</th><td>GN 20-80-M24-A</td></tr><tr><th>Maß / Ø (mm)</th><td>80</td></tr><tr><th>Material</th><td>Edelstahl AISI 304; Dichtungen NBR/TPU/HNBR/Silikon (FDA-konform)</td></tr><tr><th>Gewinde / Anschluss</th><td>M24</td></tr><tr><th>Bodenbefestigung</th><td>nein (Typ A)</td></tr><tr><th>Zertifizierung</th><td>3-A 88-01; DGUV; FDA-konforme Dichtungen</td></tr><tr><th>Varianten laut Hersteller</th><td>2</td></tr></tbody></table><p>Technische Angaben nach Herstellerunterlagen, ohne Gewähr. Passende Ausführung, Preis und Lieferzeit nennen wir Ihnen auf Anfrage.</p>",taxable,1,,Hygienefüße,,Elesa+Ganter,Anwendung,Maschine / Anlage,1,1,Funktion,"Höhenverstellung, Hygiene-Anforderungen",1,1,Bauform,Stellfuß,1,1,Material,Edelstahl,1,1,Gewinde,M24,1,1,Bodenbefestigung,nein,1,1,Durchmesser,80 mm,1,0,,,,,,,,,1,vergleich
simple,BF-V-4E79E2E5,Elesa+Ganter LMHD.100-SST-M16,1,0,visible,"Hygiene-Stellfuß Edelstahl, ohne Bodenbefestigung, zwei Spindellängen. Preis und Lieferzeit auf Anfrage.","<p>Hygiene-Stellfuß Edelstahl, ohne Bodenbefestigung, zwei Spindellängen.</p><table><tbody><tr><th>Hersteller</th><td>Elesa+Ganter</td></tr><tr><th>Serie / Artikel</th><td>LMHD.100-SST-M16</td></tr><tr><th>Maß / Ø (mm)</th><td>100</td></tr><tr><th>Material</th><td>Edelstahl AISI 304 feingedreht; blaue FDA-konforme Dichtungen NBR/TPU/H-NBR/Silikon</td></tr><tr><th>Gewinde / Anschluss</th><td>M16</td></tr><tr><th>Traglast (N)</th><td>30000</td></tr><tr><th>Bodenbefestigung</th><td>nein</td></tr><tr><th>Zertifizierung</th><td>FDA-konforme Dichtungen</td></tr><tr><th>Varianten laut Hersteller</th><td>2</td></tr></tbody></table><p>Technische Angaben nach Herstellerunterlagen, ohne Gewähr. Passende Ausführung, Preis und Lieferzeit nennen wir Ihnen auf Anfrage.</p>",taxable,1,,Hygienefüße,,Elesa+Ganter,Anwendung,Maschine / Anlage,1,1,Funktion,"Höhenverstellung, Hygiene-Anforderungen, Hohe Traglast",1,1,Bauform,Stellfuß,1,1,Material,Edelstahl,1,1,Gewinde,M16,1,1,Bodenbefestigung,nein,1,1,Traglast,30000 N,1,0,Durchmesser,100 mm,1,0,,,,,1,vergleich
simple,BF-V-99881C1A,Elesa+Ganter LMHD.100-SST-M20,1,0,visible,"Hygiene-Stellfuß Edelstahl, ohne Bodenbefestigung, zwei Spindellängen. Preis und Lieferzeit auf Anfrage.","<p>Hygiene-Stellfuß Edelstahl, ohne Bodenbefestigung, zwei Spindellängen.</p><table><tbody><tr><th>Hersteller</th><td>Elesa+Ganter</td></tr><tr><th>Serie / Artikel</th><td>LMHD.100-SST-M20</td></tr><tr><th>Maß / Ø (mm)</th><td>100</td></tr><tr><th>Material</th><td>Edelstahl AISI 304 feingedreht; blaue FDA-konforme Dichtungen NBR/TPU/H-NBR/Silikon</td></tr><tr><th>Gewinde / Anschluss</th><td>M20</td></tr><tr><th>Traglast (N)</th><td>47000</td></tr><tr><th>Bodenbefestigung</th><td>nein</td></tr><tr><th>Zertifizierung</th><td>FDA-konforme Dichtungen</td></tr><tr><th>Varianten laut Hersteller</th><td>2</td></tr></tbody></table><p>Technische Angaben nach Herstellerunterlagen, ohne Gewähr. Passende Ausführung, Preis und Lieferzeit nennen wir Ihnen auf Anfrage.</p>",taxable,1,,Hygienefüße,,Elesa+Ganter,Anwendung,Maschine / Anlage,1,1,Funktion,"Höhenverstellung, Hygiene-Anforderungen, Hohe Traglast",1,1,Bauform,Stellfuß,1,1,Material,Edelstahl,1,1,Gewinde,M20,1,1,Bodenbefestigung,nein,1,1,Traglast,47000 N,1,0,Durchmesser,100 mm,1,0,,,,,1,vergleich
simple,BF-V-DA8A2B87,Elesa+Ganter LMHD.100-SST-M24,1,0,visible,"Hygiene-Stellfuß Edelstahl, ohne Bodenbefestigung, zwei Spindellängen. Preis und Lieferzeit auf Anfrage.","<p>Hygiene-Stellfuß Edelstahl, ohne Bodenbefestigung, zwei Spindellängen.</p><table><tbody><tr><th>Hersteller</th><td>Elesa+Ganter</td></tr><tr><th>Serie / Artikel</th><td>LMHD.100-SST-M24</td></tr><tr><th>Maß / Ø (mm)</th><td>100</td></tr><tr><th>Material</th><td>Edelstahl AISI 304 feingedreht; blaue FDA-konforme Dichtungen NBR/TPU/H-NBR/Silikon</td></tr><tr><th>Gewinde / Anschluss</th><td>M24</td></tr><tr><th>Traglast (N)</th><td>67000</td></tr><tr><th>Bodenbefestigung</th><td>nein</td></tr><tr><th>Zertifizierung</th><td>FDA-konforme Dichtungen</td></tr><tr><th>Varianten laut Hersteller</th><td>2</td></tr></tbody></table><p>Technische Angaben nach Herstellerunterlagen, ohne Gewähr. Passende Ausführung, Preis und Lieferzeit nennen wir Ihnen auf Anfrage.</p>",taxable,1,,Hygienefüße,,Elesa+Ganter,Anwendung,Maschine / Anlage,1,1,Funktion,"Höhenverstellung, Hygiene-Anforderungen, Hohe Traglast",1,1,Bauform,Stellfuß,1,1,Material,Edelstahl,1,1,Gewinde,M24,1,1,Bodenbefestigung,nein,1,1,Traglast,67000 N,1,0,Durchmesser,100 mm,1,0,,,,,1,vergleich
simple,BF-V-C2964430,Elesa+Ganter LMHD.120-SST-M16,1,0,visible,"Hygiene-Stellfuß Edelstahl, ohne Bodenbefestigung, zwei Spindellängen. Preis und Lieferzeit auf Anfrage.","<p>Hygiene-Stellfuß Edelstahl, ohne Bodenbefestigung, zwei Spindellängen.</p><table><tbody><tr><th>Hersteller</th><td>Elesa+Ganter</td></tr><tr><th>Serie / Artikel</th><td>LMHD.120-SST-M16</td></tr><tr><th>Maß / Ø (mm)</th><td>120</td></tr><tr><th>Material</th><td>Edelstahl AISI 304 feingedreht; blaue FDA-konforme Dichtungen NBR/TPU/H-NBR/Silikon</td></tr><tr><th>Gewinde / Anschluss</th><td>M16</td></tr><tr><th>Traglast (N)</th><td>30000</td></tr><tr><th>Bodenbefestigung</th><td>nein</td></tr><tr><th>Zertifizierung</th><td>FDA-konforme Dichtungen</td></tr><tr><th>Varianten laut Hersteller</th><td>2</td></tr></tbody></table><p>Technische Angaben nach Herstellerunterlagen, ohne Gewähr. Passende Ausführung, Preis und Lieferzeit nennen wir Ihnen auf Anfrage.</p>",taxable,1,,Hygienefüße,,Elesa+Ganter,Anwendung,Maschine / Anlage,1,1,Funktion,"Höhenverstellung, Hygiene-Anforderungen, Hohe Traglast",1,1,Bauform,Stellfuß,1,1,Material,Edelstahl,1,1,Gewinde,M16,1,1,Bodenbefestigung,nein,1,1,Traglast,30000 N,1,0,Durchmesser,120 mm,1,0,,,,,1,vergleich
simple,BF-V-3598994F,Elesa+Ganter LMHD.120-SST-M20,1,0,visible,"Hygiene-Stellfuß Edelstahl, ohne Bodenbefestigung, zwei Spindellängen. Preis und Lieferzeit auf Anfrage.","<p>Hygiene-Stellfuß Edelstahl, ohne Bodenbefestigung, zwei Spindellängen.</p><table><tbody><tr><th>Hersteller</th><td>Elesa+Ganter</td></tr><tr><th>Serie / Artikel</th><td>LMHD.120-SST-M20</td></tr><tr><th>Maß / Ø (mm)</th><td>120</td></tr><tr><th>Material</th><td>Edelstahl AISI 304 feingedreht; blaue FDA-konforme Dichtungen NBR/TPU/H-NBR/Silikon</td></tr><tr><th>Gewinde / Anschluss</th><td>M20</td></tr><tr><th>Traglast (N)</th><td>47000</td></tr><tr><th>Bodenbefestigung</th><td>nein</td></tr><tr><th>Zertifizierung</th><td>FDA-konforme Dichtungen</td></tr><tr><th>Varianten laut Hersteller</th><td>2</td></tr></tbody></table><p>Technische Angaben nach Herstellerunterlagen, ohne Gewähr. Passende Ausführung, Preis und Lieferzeit nennen wir Ihnen auf Anfrage.</p>",taxable,1,,Hygienefüße,,Elesa+Ganter,Anwendung,Maschine / Anlage,1,1,Funktion,"Höhenverstellung, Hygiene-Anforderungen, Hohe Traglast",1,1,Bauform,Stellfuß,1,1,Material,Edelstahl,1,1,Gewinde,M20,1,1,Bodenbefestigung,nein,1,1,Traglast,47000 N,1,0,Durchmesser,120 mm,1,0,,,,,1,vergleich
simple,BF-V-DE283933,Elesa+Ganter LMHD.120-SST-M24,1,0,visible,"Hygiene-Stellfuß Edelstahl, ohne Bodenbefestigung, zwei Spindellängen. Preis und Lieferzeit auf Anfrage.","<p>Hygiene-Stellfuß Edelstahl, ohne Bodenbefestigung, zwei Spindellängen.</p><table><tbody><tr><th>Hersteller</th><td>Elesa+Ganter</td></tr><tr><th>Serie / Artikel</th><td>LMHD.120-SST-M24</td></tr><tr><th>Maß / Ø (mm)</th><td>120</td></tr><tr><th>Material</th><td>Edelstahl AISI 304 feingedreht; blaue FDA-konforme Dichtungen NBR/TPU/H-NBR/Silikon</td></tr><tr><th>Gewinde / Anschluss</th><td>M24</td></tr><tr><th>Traglast (N)</th><td>67000</td></tr><tr><th>Bodenbefestigung</th><td>nein</td></tr><tr><th>Zertifizierung</th><td>FDA-konforme Dichtungen</td></tr><tr><th>Varianten laut Hersteller</th><td>2</td></tr></tbody></table><p>Technische Angaben nach Herstellerunterlagen, ohne Gewähr. Passende Ausführung, Preis und Lieferzeit nennen wir Ihnen auf Anfrage.</p>",taxable,1,,Hygienefüße,,Elesa+Ganter,Anwendung,Maschine / Anlage,1,1,Funktion,"Höhenverstellung, Hygiene-Anforderungen, Hohe Traglast",1,1,Bauform,Stellfuß,1,1,Material,Edelstahl,1,1,Gewinde,M24,1,1,Bodenbefestigung,nein,1,1,Traglast,67000 N,1,0,Durchmesser,120 mm,1,0,,,,,1,vergleich
simple,BF-V-4AD38148,Elesa+Ganter LMHD.80-SST-M16,1,0,visible,"Hygiene-Stellfuß Edelstahl, ohne Bodenbefestigung, zwei Spindellängen. Preis und Lieferzeit auf Anfrage.","<p>Hygiene-Stellfuß Edelstahl, ohne Bodenbefestigung, zwei Spindellängen.</p><table><tbody><tr><th>Hersteller</th><td>Elesa+Ganter</td></tr><tr><th>Serie / Artikel</th><td>LMHD.80-SST-M16</td></tr><tr><th>Maß / Ø (mm)</th><td>80</td></tr><tr><th>Material</th><td>Edelstahl AISI 304 feingedreht; blaue FDA-konforme Dichtungen NBR/TPU/H-NBR/Silikon</td></tr><tr><th>Gewinde / Anschluss</th><td>M16</td></tr><tr><th>Traglast (N)</th><td>30000</td></tr><tr><th>Bodenbefestigung</th><td>nein</td></tr><tr><th>Zertifizierung</th><td>FDA-konforme Dichtungen</td></tr><tr><th>Varianten laut Hersteller</th><td>2</td></tr></tbody></table><p>Technische Angaben nach Herstellerunterlagen, ohne Gewähr. Passende Ausführung, Preis und Lieferzeit nennen wir Ihnen auf Anfrage.</p>",taxable,1,,Hygienefüße,,Elesa+Ganter,Anwendung,Maschine / Anlage,1,1,Funktion,"Höhenverstellung, Hygiene-Anforderungen, Hohe Traglast",1,1,Bauform,Stellfuß,1,1,Material,Edelstahl,1,1,Gewinde,M16,1,1,Bodenbefestigung,nein,1,1,Traglast,30000 N,1,0,Durchmesser,80 mm,1,0,,,,,1,vergleich
simple,BF-V-E5AA5021,Elesa+Ganter LMHD.80-SST-M20,1,0,visible,"Hygiene-Stellfuß Edelstahl, ohne Bodenbefestigung, zwei Spindellängen. Preis und Lieferzeit auf Anfrage.","<p>Hygiene-Stellfuß Edelstahl, ohne Bodenbefestigung, zwei Spindellängen.</p><table><tbody><tr><th>Hersteller</th><td>Elesa+Ganter</td></tr><tr><th>Serie / Artikel</th><td>LMHD.80-SST-M20</td></tr><tr><th>Maß / Ø (mm)</th><td>80</td></tr><tr><th>Material</th><td>Edelstahl AISI 304 feingedreht; blaue FDA-konforme Dichtungen NBR/TPU/H-NBR/Silikon</td></tr><tr><th>Gewinde / Anschluss</th><td>M20</td></tr><tr><th>Traglast (N)</th><td>47000</td></tr><tr><th>Bodenbefestigung</th><td>nein</td></tr><tr><th>Zertifizierung</th><td>FDA-konforme Dichtungen</td></tr><tr><th>Varianten laut Hersteller</th><td>2</td></tr></tbody></table><p>Technische Angaben nach Herstellerunterlagen, ohne Gewähr. Passende Ausführung, Preis und Lieferzeit nennen wir Ihnen auf Anfrage.</p>",taxable,1,,Hygienefüße,,Elesa+Ganter,Anwendung,Maschine / Anlage,1,1,Funktion,"Höhenverstellung, Hygiene-Anforderungen, Hohe Traglast",1,1,Bauform,Stellfuß,1,1,Material,Edelstahl,1,1,Gewinde,M20,1,1,Bodenbefestigung,nein,1,1,Traglast,47000 N,1,0,Durchmesser,80 mm,1,0,,,,,1,vergleich
simple,BF-V-62B4918F,Elesa+Ganter LMHD.80-SST-M24,1,0,visible,"Hygiene-Stellfuß Edelstahl, ohne Bodenbefestigung, zwei Spindellängen. Preis und Lieferzeit auf Anfrage.","<p>Hygiene-Stellfuß Edelstahl, ohne Bodenbefestigung, zwei Spindellängen.</p><table><tbody><tr><th>Hersteller</th><td>Elesa+Ganter</td></tr><tr><th>Serie / Artikel</th><td>LMHD.80-SST-M24</td></tr><tr><th>Maß / Ø (mm)</th><td>80</td></tr><tr><th>Material</th><td>Edelstahl AISI 304 feingedreht; blaue FDA-konforme Dichtungen NBR/TPU/H-NBR/Silikon</td></tr><tr><th>Gewinde / Anschluss</th><td>M24</td></tr><tr><th>Traglast (N)</th><td>67000</td></tr><tr><th>Bodenbefestigung</th><td>nein</td></tr><tr><th>Zertifizierung</th><td>FDA-konforme Dichtungen</td></tr><tr><th>Varianten laut Hersteller</th><td>2</td></tr></tbody></table><p>Technische Angaben nach Herstellerunterlagen, ohne Gewähr. Passende Ausführung, Preis und Lieferzeit nennen wir Ihnen auf Anfrage.</p>",taxable,1,,Hygienefüße,,Elesa+Ganter,Anwendung,Maschine / Anlage,1,1,Funktion,"Höhenverstellung, Hygiene-Anforderungen, Hohe Traglast",1,1,Bauform,Stellfuß,1,1,Material,Edelstahl,1,1,Gewinde,M24,1,1,Bodenbefestigung,nein,1,1,Traglast,67000 N,1,0,Durchmesser,80 mm,1,0,,,,,1,vergleich
simple,BF-V-413F70F3,Kipp K1303.106012 (Form A),1,0,visible,"Hygiene-Stellfuß 3-A, polierter Teller, Spindellänge 140/190. Preis und Lieferzeit auf Anfrage.","<p>Hygiene-Stellfuß 3-A, polierter Teller, Spindellänge 140/190.</p><table><tbody><tr><th>Hersteller</th><td>Kipp</td></tr><tr><th>Serie / Artikel</th><td>K1303.106012 (Form A)</td></tr><tr><th>Maß / Ø (mm)</th><td>60</td></tr><tr><th>Material</th><td>Edelstahl 1.4301; Gummiteller NBR 85 Shore (FDA); Dichtung Silikon (FDA)</td></tr><tr><th>Gewinde / Anschluss</th><td>M12</td></tr><tr><th>Traglast (N)</th><td>10000</td></tr><tr><th>Bodenbefestigung</th><td>nein (Form A)</td></tr><tr><th>Zertifizierung</th><td>3-A Sanitary Standard; FDA-geprüfte Elastomere</td></tr><tr><th>Varianten laut Hersteller</th><td>2</td></tr></tbody></table><p>Technische Angaben nach Herstellerunterlagen, ohne Gewähr. Passende Ausführung, Preis und Lieferzeit nennen wir Ihnen auf Anfrage.</p>",taxable,1,,Hygienefüße,,Kipp,Anwendung,Maschine / Anlage,1,1,Funktion,"Höhenverstellung, Hygiene-Anforderungen",1,1,Bauform,Stellfuß,1,1,Material,Edelstahl,1,1,Gewinde,M12,1,1,Bodenbefestigung,nein,1,1,Traglast,10000 N,1,0,Durchmesser,60 mm,1,0,,,,,1,vergleich
simple,BF-V-A20D0C83,Kipp K1303.106016 (Form A),1,0,visible,"Hygiene-Stellfuß 3-A, polierter Teller, Spindellänge 140/190. Preis und Lieferzeit auf Anfrage.","<p>Hygiene-Stellfuß 3-A, polierter Teller, Spindellänge 140/190.</p><table><tbody><tr><th>Hersteller</th><td>Kipp</td></tr><tr><th>Serie / Artikel</th><td>K1303.106016 (Form A)</td></tr><tr><th>Maß / Ø (mm)</th><td>60</td></tr><tr><th>Material</th><td>Edelstahl 1.4301; Gummiteller NBR 85 Shore (FDA); Dichtung Silikon (FDA)</td></tr><tr><th>Gewinde / Anschluss</th><td>M16</td></tr><tr><th>Traglast (N)</th><td>10000</td></tr><tr><th>Bodenbefestigung</th><td>nein (Form A)</td></tr><tr><th>Zertifizierung</th><td>3-A Sanitary Standard; FDA-geprüfte Elastomere</td></tr><tr><th>Varianten laut Hersteller</th><td>2</td></tr></tbody></table><p>Technische Angaben nach Herstellerunterlagen, ohne Gewähr. Passende Ausführung, Preis und Lieferzeit nennen wir Ihnen auf Anfrage.</p>",taxable,1,,Hygienefüße,,Kipp,Anwendung,Maschine / Anlage,1,1,Funktion,"Höhenverstellung, Hygiene-Anforderungen",1,1,Bauform,Stellfuß,1,1,Material,Edelstahl,1,1,Gewinde,M16,1,1,Bodenbefestigung,nein,1,1,Traglast,10000 N,1,0,Durchmesser,60 mm,1,0,,,,,1,vergleich
simple,BF-V-4F303E42,Kipp K1303.108016 (Form A),1,0,visible,"Hygiene-Stellfuß 3-A, polierter Teller, Spindellänge 140/190. Preis und Lieferzeit auf Anfrage.","<p>Hygiene-Stellfuß 3-A, polierter Teller, Spindellänge 140/190.</p><table><tbody><tr><th>Hersteller</th><td>Kipp</td></tr><tr><th>Serie / Artikel</th><td>K1303.108016 (Form A)</td></tr><tr><th>Maß / Ø (mm)</th><td>80</td></tr><tr><th>Material</th><td>Edelstahl 1.4301; Gummiteller NBR 85 Shore (FDA); Dichtung Silikon (FDA)</td></tr><tr><th>Gewinde / Anschluss</th><td>M16</td></tr><tr><th>Traglast (N)</th><td>20000</td></tr><tr><th>Bodenbefestigung</th><td>nein (Form A)</td></tr><tr><th>Zertifizierung</th><td>3-A Sanitary Standard; FDA-geprüfte Elastomere</td></tr><tr><th>Varianten laut Hersteller</th><td>2</td></tr></tbody></table><p>Technische Angaben nach Herstellerunterlagen, ohne Gewähr. Passende Ausführung, Preis und Lieferzeit nennen wir Ihnen auf Anfrage.</p>",taxable,1,,Hygienefüße,,Kipp,Anwendung,Maschine / Anlage,1,1,Funktion,"Höhenverstellung, Hygiene-Anforderungen, Hohe Traglast",1,1,Bauform,Stellfuß,1,1,Material,Edelstahl,1,1,Gewinde,M16,1,1,Bodenbefestigung,nein,1,1,Traglast,20000 N,1,0,Durchmesser,80 mm,1,0,,,,,1,vergleich
simple,BF-V-9C99F91D,Kipp K1303.108020 (Form A),1,0,visible,"Hygiene-Stellfuß 3-A, polierter Teller, Spindellänge 140/190. Preis und Lieferzeit auf Anfrage.","<p>Hygiene-Stellfuß 3-A, polierter Teller, Spindellänge 140/190.</p><table><tbody><tr><th>Hersteller</th><td>Kipp</td></tr><tr><th>Serie / Artikel</th><td>K1303.108020 (Form A)</td></tr><tr><th>Maß / Ø (mm)</th><td>80</td></tr><tr><th>Material</th><td>Edelstahl 1.4301; Gummiteller NBR 85 Shore (FDA); Dichtung Silikon (FDA)</td></tr><tr><th>Gewinde / Anschluss</th><td>M20</td></tr><tr><th>Traglast (N)</th><td>20000</td></tr><tr><th>Bodenbefestigung</th><td>nein (Form A)</td></tr><tr><th>Zertifizierung</th><td>3-A Sanitary Standard; FDA-geprüfte Elastomere</td></tr><tr><th>Varianten laut Hersteller</th><td>2</td></tr></tbody></table><p>Technische Angaben nach Herstellerunterlagen, ohne Gewähr. Passende Ausführung, Preis und Lieferzeit nennen wir Ihnen auf Anfrage.</p>",taxable,1,,Hygienefüße,,Kipp,Anwendung,Maschine / Anlage,1,1,Funktion,"Höhenverstellung, Hygiene-Anforderungen, Hohe Traglast",1,1,Bauform,Stellfuß,1,1,Material,Edelstahl,1,1,Gewinde,M20,1,1,Bodenbefestigung,nein,1,1,Traglast,20000 N,1,0,Durchmesser,80 mm,1,0,,,,,1,vergleich
simple,BF-V-27CC917E,Kipp K1303.108024 (Form A),1,0,visible,"Hygiene-Stellfuß 3-A, polierter Teller, Spindellänge 140/190. Preis und Lieferzeit auf Anfrage.","<p>Hygiene-Stellfuß 3-A, polierter Teller, Spindellänge 140/190.</p><table><tbody><tr><th>Hersteller</th><td>Kipp</td></tr><tr><th>Serie / Artikel</th><td>K1303.108024 (Form A)</td></tr><tr><th>Maß / Ø (mm)</th><td>80</td></tr><tr><th>Material</th><td>Edelstahl 1.4301; Gummiteller NBR 85 Shore (FDA); Dichtung Silikon (FDA)</td></tr><tr><th>Gewinde / Anschluss</th><td>M24</td></tr><tr><th>Traglast (N)</th><td>20000</td></tr><tr><th>Bodenbefestigung</th><td>nein (Form A)</td></tr><tr><th>Zertifizierung</th><td>3-A Sanitary Standard; FDA-geprüfte Elastomere</td></tr><tr><th>Varianten laut Hersteller</th><td>2</td></tr></tbody></table><p>Technische Angaben nach Herstellerunterlagen, ohne Gewähr. Passende Ausführung, Preis und Lieferzeit nennen wir Ihnen auf Anfrage.</p>",taxable,1,,Hygienefüße,,Kipp,Anwendung,Maschine / Anlage,1,1,Funktion,"Höhenverstellung, Hygiene-Anforderungen, Hohe Traglast",1,1,Bauform,Stellfuß,1,1,Material,Edelstahl,1,1,Gewinde,M24,1,1,Bodenbefestigung,nein,1,1,Traglast,20000 N,1,0,Durchmesser,80 mm,1,0,,,,,1,vergleich
simple,BF-V-BC515CE9,Kipp K1303.110016 (Form A),1,0,visible,"Hygiene-Stellfuß 3-A, polierter Teller, Spindellänge 140/190. Preis und Lieferzeit auf Anfrage.","<p>Hygiene-Stellfuß 3-A, polierter Teller, Spindellänge 140/190.</p><table><tbody><tr><th>Hersteller</th><td>Kipp</td></tr><tr><th>Serie / Artikel</th><td>K1303.110016 (Form A)</td></tr><tr><th>Maß / Ø (mm)</th><td>100</td></tr><tr><th>Material</th><td>Edelstahl 1.4301; Gummiteller NBR 85 Shore (FDA); Dichtung Silikon (FDA)</td></tr><tr><th>Gewinde / Anschluss</th><td>M16</td></tr><tr><th>Traglast (N)</th><td>25000</td></tr><tr><th>Bodenbefestigung</th><td>nein (Form A)</td></tr><tr><th>Zertifizierung</th><td>3-A Sanitary Standard; FDA-geprüfte Elastomere</td></tr><tr><th>Varianten laut Hersteller</th><td>2</td></tr></tbody></table><p>Technische Angaben nach Herstellerunterlagen, ohne Gewähr. Passende Ausführung, Preis und Lieferzeit nennen wir Ihnen auf Anfrage.</p>",taxable,1,,Hygienefüße,,Kipp,Anwendung,Maschine / Anlage,1,1,Funktion,"Höhenverstellung, Hygiene-Anforderungen, Hohe Traglast",1,1,Bauform,Stellfuß,1,1,Material,Edelstahl,1,1,Gewinde,M16,1,1,Bodenbefestigung,nein,1,1,Traglast,25000 N,1,0,Durchmesser,100 mm,1,0,,,,,1,vergleich
simple,BF-V-7AE5095E,Kipp K1303.110020 (Form A),1,0,visible,"Hygiene-Stellfuß 3-A, polierter Teller, Spindellänge 140/190. Preis und Lieferzeit auf Anfrage.","<p>Hygiene-Stellfuß 3-A, polierter Teller, Spindellänge 140/190.</p><table><tbody><tr><th>Hersteller</th><td>Kipp</td></tr><tr><th>Serie / Artikel</th><td>K1303.110020 (Form A)</td></tr><tr><th>Maß / Ø (mm)</th><td>100</td></tr><tr><th>Material</th><td>Edelstahl 1.4301; Gummiteller NBR 85 Shore (FDA); Dichtung Silikon (FDA)</td></tr><tr><th>Gewinde / Anschluss</th><td>M20</td></tr><tr><th>Traglast (N)</th><td>25000</td></tr><tr><th>Bodenbefestigung</th><td>nein (Form A)</td></tr><tr><th>Zertifizierung</th><td>3-A Sanitary Standard; FDA-geprüfte Elastomere</td></tr><tr><th>Varianten laut Hersteller</th><td>2</td></tr></tbody></table><p>Technische Angaben nach Herstellerunterlagen, ohne Gewähr. Passende Ausführung, Preis und Lieferzeit nennen wir Ihnen auf Anfrage.</p>",taxable,1,,Hygienefüße,,Kipp,Anwendung,Maschine / Anlage,1,1,Funktion,"Höhenverstellung, Hygiene-Anforderungen, Hohe Traglast",1,1,Bauform,Stellfuß,1,1,Material,Edelstahl,1,1,Gewinde,M20,1,1,Bodenbefestigung,nein,1,1,Traglast,25000 N,1,0,Durchmesser,100 mm,1,0,,,,,1,vergleich
simple,BF-V-03FE504C,Kipp K1303.110024 (Form A),1,0,visible,"Hygiene-Stellfuß 3-A, polierter Teller, Spindellänge 140/190. Preis und Lieferzeit auf Anfrage.","<p>Hygiene-Stellfuß 3-A, polierter Teller, Spindellänge 140/190.</p><table><tbody><tr><th>Hersteller</th><td>Kipp</td></tr><tr><th>Serie / Artikel</th><td>K1303.110024 (Form A)</td></tr><tr><th>Maß / Ø (mm)</th><td>100</td></tr><tr><th>Material</th><td>Edelstahl 1.4301; Gummiteller NBR 85 Shore (FDA); Dichtung Silikon (FDA)</td></tr><tr><th>Gewinde / Anschluss</th><td>M24</td></tr><tr><th>Traglast (N)</th><td>25000</td></tr><tr><th>Bodenbefestigung</th><td>nein (Form A)</td></tr><tr><th>Zertifizierung</th><td>3-A Sanitary Standard; FDA-geprüfte Elastomere</td></tr><tr><th>Varianten laut Hersteller</th><td>2</td></tr></tbody></table><p>Technische Angaben nach Herstellerunterlagen, ohne Gewähr. Passende Ausführung, Preis und Lieferzeit nennen wir Ihnen auf Anfrage.</p>",taxable,1,,Hygienefüße,,Kipp,Anwendung,Maschine / Anlage,1,1,Funktion,"Höhenverstellung, Hygiene-Anforderungen, Hohe Traglast",1,1,Bauform,Stellfuß,1,1,Material,Edelstahl,1,1,Gewinde,M24,1,1,Bodenbefestigung,nein,1,1,Traglast,25000 N,1,0,Durchmesser,100 mm,1,0,,,,,1,vergleich
simple,BF-V-18C43044,Kipp K1303.112016 (Form A),1,0,visible,"Hygiene-Stellfuß 3-A, polierter Teller, Spindellänge 140/190. Preis und Lieferzeit auf Anfrage.","<p>Hygiene-Stellfuß 3-A, polierter Teller, Spindellänge 140/190.</p><table><tbody><tr><th>Hersteller</th><td>Kipp</td></tr><tr><th>Serie / Artikel</th><td>K1303.112016 (Form A)</td></tr><tr><th>Maß / Ø (mm)</th><td>120</td></tr><tr><th>Material</th><td>Edelstahl 1.4301; Gummiteller NBR 85 Shore (FDA); Dichtung Silikon (FDA)</td></tr><tr><th>Gewinde / Anschluss</th><td>M16</td></tr><tr><th>Traglast (N)</th><td>30000</td></tr><tr><th>Bodenbefestigung</th><td>nein (Form A)</td></tr><tr><th>Zertifizierung</th><td>3-A Sanitary Standard; FDA-geprüfte Elastomere</td></tr><tr><th>Varianten laut Hersteller</th><td>2</td></tr></tbody></table><p>Technische Angaben nach Herstellerunterlagen, ohne Gewähr. Passende Ausführung, Preis und Lieferzeit nennen wir Ihnen auf Anfrage.</p>",taxable,1,,Hygienefüße,,Kipp,Anwendung,Maschine / Anlage,1,1,Funktion,"Höhenverstellung, Hygiene-Anforderungen, Hohe Traglast",1,1,Bauform,Stellfuß,1,1,Material,Edelstahl,1,1,Gewinde,M16,1,1,Bodenbefestigung,nein,1,1,Traglast,30000 N,1,0,Durchmesser,120 mm,1,0,,,,,1,vergleich
simple,BF-V-7D100B83,Kipp K1303.112020 (Form A),1,0,visible,"Hygiene-Stellfuß 3-A, polierter Teller, Spindellänge 140/190. Preis und Lieferzeit auf Anfrage.","<p>Hygiene-Stellfuß 3-A, polierter Teller, Spindellänge 140/190.</p><table><tbody><tr><th>Hersteller</th><td>Kipp</td></tr><tr><th>Serie / Artikel</th><td>K1303.112020 (Form A)</td></tr><tr><th>Maß / Ø (mm)</th><td>120</td></tr><tr><th>Material</th><td>Edelstahl 1.4301; Gummiteller NBR 85 Shore (FDA); Dichtung Silikon (FDA)</td></tr><tr><th>Gewinde / Anschluss</th><td>M20</td></tr><tr><th>Traglast (N)</th><td>30000</td></tr><tr><th>Bodenbefestigung</th><td>nein (Form A)</td></tr><tr><th>Zertifizierung</th><td>3-A Sanitary Standard; FDA-geprüfte Elastomere</td></tr><tr><th>Varianten laut Hersteller</th><td>2</td></tr></tbody></table><p>Technische Angaben nach Herstellerunterlagen, ohne Gewähr. Passende Ausführung, Preis und Lieferzeit nennen wir Ihnen auf Anfrage.</p>",taxable,1,,Hygienefüße,,Kipp,Anwendung,Maschine / Anlage,1,1,Funktion,"Höhenverstellung, Hygiene-Anforderungen, Hohe Traglast",1,1,Bauform,Stellfuß,1,1,Material,Edelstahl,1,1,Gewinde,M20,1,1,Bodenbefestigung,nein,1,1,Traglast,30000 N,1,0,Durchmesser,120 mm,1,0,,,,,1,vergleich
simple,BF-V-FA124A9A,Kipp K1303.112024 (Form A),1,0,visible,"Hygiene-Stellfuß 3-A, polierter Teller, Spindellänge 140/190. Preis und Lieferzeit auf Anfrage.","<p>Hygiene-Stellfuß 3-A, polierter Teller, Spindellänge 140/190.</p><table><tbody><tr><th>Hersteller</th><td>Kipp</td></tr><tr><th>Serie / Artikel</th><td>K1303.112024 (Form A)</td></tr><tr><th>Maß / Ø (mm)</th><td>120</td></tr><tr><th>Material</th><td>Edelstahl 1.4301; Gummiteller NBR 85 Shore (FDA); Dichtung Silikon (FDA)</td></tr><tr><th>Gewinde / Anschluss</th><td>M24</td></tr><tr><th>Traglast (N)</th><td>30000</td></tr><tr><th>Bodenbefestigung</th><td>nein (Form A)</td></tr><tr><th>Zertifizierung</th><td>3-A Sanitary Standard; FDA-geprüfte Elastomere</td></tr><tr><th>Varianten laut Hersteller</th><td>2</td></tr></tbody></table><p>Technische Angaben nach Herstellerunterlagen, ohne Gewähr. Passende Ausführung, Preis und Lieferzeit nennen wir Ihnen auf Anfrage.</p>",taxable,1,,Hygienefüße,,Kipp,Anwendung,Maschine / Anlage,1,1,Funktion,"Höhenverstellung, Hygiene-Anforderungen, Hohe Traglast",1,1,Bauform,Stellfuß,1,1,Material,Edelstahl,1,1,Gewinde,M24,1,1,Bodenbefestigung,nein,1,1,Traglast,30000 N,1,0,Durchmesser,120 mm,1,0,,,,,1,vergleich
simple,BF-V-7457568A,Kipp K1303.206012 (Form B),1,0,visible,"Hygiene-Stellfuß 3-A, Form B mit zusätzlichem Maß A. Preis und Lieferzeit auf Anfrage.","<p>Hygiene-Stellfuß 3-A, Form B mit zusätzlichem Maß A.</p><table><tbody><tr><th>Hersteller</th><td>Kipp</td></tr><tr><th>Serie / Artikel</th><td>K1303.206012 (Form B)</td></tr><tr><th>Maß / Ø (mm)</th><td>60</td></tr><tr><th>Material</th><td>Edelstahl 1.4301; Gummiteller NBR 85 Shore (FDA); Dichtung Silikon (FDA)</td></tr><tr><th>Gewinde / Anschluss</th><td>M12</td></tr><tr><th>Traglast (N)</th><td>10000</td></tr><tr><th>Bodenbefestigung</th><td>Form B (Befestigungsart im Datenblatt nicht benannt)</td></tr><tr><th>Zertifizierung</th><td>3-A Sanitary Standard; FDA-geprüfte Elastomere</td></tr><tr><th>Varianten laut Hersteller</th><td>2</td></tr></tbody></table><p>Technische Angaben nach Herstellerunterlagen, ohne Gewähr. Passende Ausführung, Preis und Lieferzeit nennen wir Ihnen auf Anfrage.</p>",taxable,1,,Hygienefüße,,Kipp,Anwendung,Maschine / Anlage,1,1,Funktion,"Höhenverstellung, Hygiene-Anforderungen",1,1,Bauform,Stellfuß,1,1,Material,Edelstahl,1,1,Gewinde,M12,1,1,Traglast,10000 N,1,0,Durchmesser,60 mm,1,0,,,,,,,,,1,vergleich
simple,BF-V-9915CADA,Kipp K1303.206016 (Form B),1,0,visible,"Hygiene-Stellfuß 3-A, Form B mit zusätzlichem Maß A. Preis und Lieferzeit auf Anfrage.","<p>Hygiene-Stellfuß 3-A, Form B mit zusätzlichem Maß A.</p><table><tbody><tr><th>Hersteller</th><td>Kipp</td></tr><tr><th>Serie / Artikel</th><td>K1303.206016 (Form B)</td></tr><tr><th>Maß / Ø (mm)</th><td>60</td></tr><tr><th>Material</th><td>Edelstahl 1.4301; Gummiteller NBR 85 Shore (FDA); Dichtung Silikon (FDA)</td></tr><tr><th>Gewinde / Anschluss</th><td>M16</td></tr><tr><th>Traglast (N)</th><td>10000</td></tr><tr><th>Bodenbefestigung</th><td>Form B (Befestigungsart im Datenblatt nicht benannt)</td></tr><tr><th>Zertifizierung</th><td>3-A Sanitary Standard; FDA-geprüfte Elastomere</td></tr><tr><th>Varianten laut Hersteller</th><td>2</td></tr></tbody></table><p>Technische Angaben nach Herstellerunterlagen, ohne Gewähr. Passende Ausführung, Preis und Lieferzeit nennen wir Ihnen auf Anfrage.</p>",taxable,1,,Hygienefüße,,Kipp,Anwendung,Maschine / Anlage,1,1,Funktion,"Höhenverstellung, Hygiene-Anforderungen",1,1,Bauform,Stellfuß,1,1,Material,Edelstahl,1,1,Gewinde,M16,1,1,Traglast,10000 N,1,0,Durchmesser,60 mm,1,0,,,,,,,,,1,vergleich
simple,BF-V-2DCC8132,Kipp K1303.208016 (Form B),1,0,visible,"Hygiene-Stellfuß 3-A, Form B mit zusätzlichem Maß A. Preis und Lieferzeit auf Anfrage.","<p>Hygiene-Stellfuß 3-A, Form B mit zusätzlichem Maß A.</p><table><tbody><tr><th>Hersteller</th><td>Kipp</td></tr><tr><th>Serie / Artikel</th><td>K1303.208016 (Form B)</td></tr><tr><th>Maß / Ø (mm)</th><td>80</td></tr><tr><th>Material</th><td>Edelstahl 1.4301; Gummiteller NBR 85 Shore (FDA); Dichtung Silikon (FDA)</td></tr><tr><th>Gewinde / Anschluss</th><td>M16</td></tr><tr><th>Traglast (N)</th><td>20000</td></tr><tr><th>Bodenbefestigung</th><td>Form B (Befestigungsart im Datenblatt nicht benannt)</td></tr><tr><th>Zertifizierung</th><td>3-A Sanitary Standard; FDA-geprüfte Elastomere</td></tr><tr><th>Varianten laut Hersteller</th><td>2</td></tr></tbody></table><p>Technische Angaben nach Herstellerunterlagen, ohne Gewähr. Passende Ausführung, Preis und Lieferzeit nennen wir Ihnen auf Anfrage.</p>",taxable,1,,Hygienefüße,,Kipp,Anwendung,Maschine / Anlage,1,1,Funktion,"Höhenverstellung, Hygiene-Anforderungen, Hohe Traglast",1,1,Bauform,Stellfuß,1,1,Material,Edelstahl,1,1,Gewinde,M16,1,1,Traglast,20000 N,1,0,Durchmesser,80 mm,1,0,,,,,,,,,1,vergleich
simple,BF-V-9CB42F41,Kipp K1303.208020 (Form B),1,0,visible,"Hygiene-Stellfuß 3-A, Form B mit zusätzlichem Maß A. Preis und Lieferzeit auf Anfrage.","<p>Hygiene-Stellfuß 3-A, Form B mit zusätzlichem Maß A.</p><table><tbody><tr><th>Hersteller</th><td>Kipp</td></tr><tr><th>Serie / Artikel</th><td>K1303.208020 (Form B)</td></tr><tr><th>Maß / Ø (mm)</th><td>80</td></tr><tr><th>Material</th><td>Edelstahl 1.4301; Gummiteller NBR 85 Shore (FDA); Dichtung Silikon (FDA)</td></tr><tr><th>Gewinde / Anschluss</th><td>M20</td></tr><tr><th>Traglast (N)</th><td>20000</td></tr><tr><th>Bodenbefestigung</th><td>Form B (Befestigungsart im Datenblatt nicht benannt)</td></tr><tr><th>Zertifizierung</th><td>3-A Sanitary Standard; FDA-geprüfte Elastomere</td></tr><tr><th>Varianten laut Hersteller</th><td>2</td></tr></tbody></table><p>Technische Angaben nach Herstellerunterlagen, ohne Gewähr. Passende Ausführung, Preis und Lieferzeit nennen wir Ihnen auf Anfrage.</p>",taxable,1,,Hygienefüße,,Kipp,Anwendung,Maschine / Anlage,1,1,Funktion,"Höhenverstellung, Hygiene-Anforderungen, Hohe Traglast",1,1,Bauform,Stellfuß,1,1,Material,Edelstahl,1,1,Gewinde,M20,1,1,Traglast,20000 N,1,0,Durchmesser,80 mm,1,0,,,,,,,,,1,vergleich
simple,BF-V-4767CD6D,Kipp K1303.208024 (Form B),1,0,visible,"Hygiene-Stellfuß 3-A, Form B mit zusätzlichem Maß A. Preis und Lieferzeit auf Anfrage.","<p>Hygiene-Stellfuß 3-A, Form B mit zusätzlichem Maß A.</p><table><tbody><tr><th>Hersteller</th><td>Kipp</td></tr><tr><th>Serie / Artikel</th><td>K1303.208024 (Form B)</td></tr><tr><th>Maß / Ø (mm)</th><td>80</td></tr><tr><th>Material</th><td>Edelstahl 1.4301; Gummiteller NBR 85 Shore (FDA); Dichtung Silikon (FDA)</td></tr><tr><th>Gewinde / Anschluss</th><td>M24</td></tr><tr><th>Traglast (N)</th><td>20000</td></tr><tr><th>Bodenbefestigung</th><td>Form B (Befestigungsart im Datenblatt nicht benannt)</td></tr><tr><th>Zertifizierung</th><td>3-A Sanitary Standard; FDA-geprüfte Elastomere</td></tr><tr><th>Varianten laut Hersteller</th><td>2</td></tr></tbody></table><p>Technische Angaben nach Herstellerunterlagen, ohne Gewähr. Passende Ausführung, Preis und Lieferzeit nennen wir Ihnen auf Anfrage.</p>",taxable,1,,Hygienefüße,,Kipp,Anwendung,Maschine / Anlage,1,1,Funktion,"Höhenverstellung, Hygiene-Anforderungen, Hohe Traglast",1,1,Bauform,Stellfuß,1,1,Material,Edelstahl,1,1,Gewinde,M24,1,1,Traglast,20000 N,1,0,Durchmesser,80 mm,1,0,,,,,,,,,1,vergleich
simple,BF-V-B43408F0,Kipp K1303.210016 (Form B),1,0,visible,"Hygiene-Stellfuß 3-A, Form B mit zusätzlichem Maß A. Preis und Lieferzeit auf Anfrage.","<p>Hygiene-Stellfuß 3-A, Form B mit zusätzlichem Maß A.</p><table><tbody><tr><th>Hersteller</th><td>Kipp</td></tr><tr><th>Serie / Artikel</th><td>K1303.210016 (Form B)</td></tr><tr><th>Maß / Ø (mm)</th><td>100</td></tr><tr><th>Material</th><td>Edelstahl 1.4301; Gummiteller NBR 85 Shore (FDA); Dichtung Silikon (FDA)</td></tr><tr><th>Gewinde / Anschluss</th><td>M16</td></tr><tr><th>Traglast (N)</th><td>25000</td></tr><tr><th>Bodenbefestigung</th><td>Form B (Befestigungsart im Datenblatt nicht benannt)</td></tr><tr><th>Zertifizierung</th><td>3-A Sanitary Standard; FDA-geprüfte Elastomere</td></tr><tr><th>Varianten laut Hersteller</th><td>2</td></tr></tbody></table><p>Technische Angaben nach Herstellerunterlagen, ohne Gewähr. Passende Ausführung, Preis und Lieferzeit nennen wir Ihnen auf Anfrage.</p>",taxable,1,,Hygienefüße,,Kipp,Anwendung,Maschine / Anlage,1,1,Funktion,"Höhenverstellung, Hygiene-Anforderungen, Hohe Traglast",1,1,Bauform,Stellfuß,1,1,Material,Edelstahl,1,1,Gewinde,M16,1,1,Traglast,25000 N,1,0,Durchmesser,100 mm,1,0,,,,,,,,,1,vergleich
simple,BF-V-D7106CD1,Kipp K1303.210020 (Form B),1,0,visible,"Hygiene-Stellfuß 3-A, Form B mit zusätzlichem Maß A. Preis und Lieferzeit auf Anfrage.","<p>Hygiene-Stellfuß 3-A, Form B mit zusätzlichem Maß A.</p><table><tbody><tr><th>Hersteller</th><td>Kipp</td></tr><tr><th>Serie / Artikel</th><td>K1303.210020 (Form B)</td></tr><tr><th>Maß / Ø (mm)</th><td>100</td></tr><tr><th>Material</th><td>Edelstahl 1.4301; Gummiteller NBR 85 Shore (FDA); Dichtung Silikon (FDA)</td></tr><tr><th>Gewinde / Anschluss</th><td>M20</td></tr><tr><th>Traglast (N)</th><td>25000</td></tr><tr><th>Bodenbefestigung</th><td>Form B (Befestigungsart im Datenblatt nicht benannt)</td></tr><tr><th>Zertifizierung</th><td>3-A Sanitary Standard; FDA-geprüfte Elastomere</td></tr><tr><th>Varianten laut Hersteller</th><td>2</td></tr></tbody></table><p>Technische Angaben nach Herstellerunterlagen, ohne Gewähr. Passende Ausführung, Preis und Lieferzeit nennen wir Ihnen auf Anfrage.</p>",taxable,1,,Hygienefüße,,Kipp,Anwendung,Maschine / Anlage,1,1,Funktion,"Höhenverstellung, Hygiene-Anforderungen, Hohe Traglast",1,1,Bauform,Stellfuß,1,1,Material,Edelstahl,1,1,Gewinde,M20,1,1,Traglast,25000 N,1,0,Durchmesser,100 mm,1,0,,,,,,,,,1,vergleich
simple,BF-V-FF32DA3D,Kipp K1303.210024 (Form B),1,0,visible,"Hygiene-Stellfuß 3-A, Form B mit zusätzlichem Maß A. Preis und Lieferzeit auf Anfrage.","<p>Hygiene-Stellfuß 3-A, Form B mit zusätzlichem Maß A.</p><table><tbody><tr><th>Hersteller</th><td>Kipp</td></tr><tr><th>Serie / Artikel</th><td>K1303.210024 (Form B)</td></tr><tr><th>Maß / Ø (mm)</th><td>100</td></tr><tr><th>Material</th><td>Edelstahl 1.4301; Gummiteller NBR 85 Shore (FDA); Dichtung Silikon (FDA)</td></tr><tr><th>Gewinde / Anschluss</th><td>M24</td></tr><tr><th>Traglast (N)</th><td>25000</td></tr><tr><th>Bodenbefestigung</th><td>Form B (Befestigungsart im Datenblatt nicht benannt)</td></tr><tr><th>Zertifizierung</th><td>3-A Sanitary Standard; FDA-geprüfte Elastomere</td></tr><tr><th>Varianten laut Hersteller</th><td>2</td></tr></tbody></table><p>Technische Angaben nach Herstellerunterlagen, ohne Gewähr. Passende Ausführung, Preis und Lieferzeit nennen wir Ihnen auf Anfrage.</p>",taxable,1,,Hygienefüße,,Kipp,Anwendung,Maschine / Anlage,1,1,Funktion,"Höhenverstellung, Hygiene-Anforderungen, Hohe Traglast",1,1,Bauform,Stellfuß,1,1,Material,Edelstahl,1,1,Gewinde,M24,1,1,Traglast,25000 N,1,0,Durchmesser,100 mm,1,0,,,,,,,,,1,vergleich
simple,BF-V-46A3E58D,"Martin Levelling Tekno-Hygienic 3A, massiv vulkanisiert",1,0,visible,Edelstahl-Hygienefuß nach 3-A für Molkerei und Pharma. Preis und Lieferzeit auf Anfrage.,"<p>Edelstahl-Hygienefuß nach 3-A für Molkerei und Pharma.</p><table><tbody><tr><th>Hersteller</th><td>Martin Levelling</td></tr><tr><th>Serie / Artikel</th><td>Tekno-Hygienic 3A, massiv vulkanisiert</td></tr><tr><th>Maß / Ø (mm)</th><td>120/150</td></tr><tr><th>Material</th><td>Edelstahl (Inox)</td></tr><tr><th>Gewinde / Anschluss</th><td>M16/M20/M24/M30/M36</td></tr><tr><th>Bodenbefestigung</th><td>nein</td></tr><tr><th>Zertifizierung</th><td>3-A</td></tr></tbody></table><p>Technische Angaben nach Herstellerunterlagen, ohne Gewähr. Passende Ausführung, Preis und Lieferzeit nennen wir Ihnen auf Anfrage.</p>",taxable,1,,Hygienefüße,,Martin Levelling,Anwendung,Maschine / Anlage,1,1,Funktion,"Höhenverstellung, Hygiene-Anforderungen",1,1,Bauform,Stellfuß,1,1,Material,Edelstahl,1,1,Gewinde,"M16, M20, M24, M30, M36",1,1,Bodenbefestigung,nein,1,1,Durchmesser,120/150 mm,1,0,,,,,,,,,1,vergleich
simple,BF-V-815EEEA4,"Martin Levelling Tekno-Hygienic 3A, massiver Teller",1,0,visible,Edelstahl-Hygienefuß nach 3-A für Molkerei und Pharma. Preis und Lieferzeit auf Anfrage.,"<p>Edelstahl-Hygienefuß nach 3-A für Molkerei und Pharma.</p><table><tbody><tr><th>Hersteller</th><td>Martin Levelling</td></tr><tr><th>Serie / Artikel</th><td>Tekno-Hygienic 3A, massiver Teller</td></tr><tr><th>Maß / Ø (mm)</th><td>60/80/100</td></tr><tr><th>Material</th><td>Edelstahl (Inox)</td></tr><tr><th>Gewinde / Anschluss</th><td>M16/M20/M24/M30/M36</td></tr><tr><th>Bodenbefestigung</th><td>nein</td></tr><tr><th>Zertifizierung</th><td>3-A</td></tr></tbody></table><p>Technische Angaben nach Herstellerunterlagen, ohne Gewähr. Passende Ausführung, Preis und Lieferzeit nennen wir Ihnen auf Anfrage.</p>",taxable,1,,Hygienefüße,,Martin Levelling,Anwendung,Maschine / Anlage,1,1,Funktion,"Höhenverstellung, Hygiene-Anforderungen",1,1,Bauform,Stellfuß,1,1,Material,Edelstahl,1,1,Gewinde,"M16, M20, M24, M30, M36",1,1,Bodenbefestigung,nein,1,1,Durchmesser,60/80/100 mm,1,0,,,,,,,,,1,vergleich
simple,BF-V-8A85B394,"Martin Levelling Tekno-Hygienic 3A, vulkanisierter Teller",1,0,visible,Edelstahl-Hygienefuß nach 3-A für Molkerei und Pharma. Preis und Lieferzeit auf Anfrage.,"<p>Edelstahl-Hygienefuß nach 3-A für Molkerei und Pharma.</p><table><tbody><tr><th>Hersteller</th><td>Martin Levelling</td></tr><tr><th>Serie / Artikel</th><td>Tekno-Hygienic 3A, vulkanisierter Teller</td></tr><tr><th>Maß / Ø (mm)</th><td>120/150</td></tr><tr><th>Material</th><td>Edelstahl (Inox)</td></tr><tr><th>Gewinde / Anschluss</th><td>M16/M20/M24/M30/M36</td></tr><tr><th>Bodenbefestigung</th><td>nein</td></tr><tr><th>Zertifizierung</th><td>3-A</td></tr></tbody></table><p>Technische Angaben nach Herstellerunterlagen, ohne Gewähr. Passende Ausführung, Preis und Lieferzeit nennen wir Ihnen auf Anfrage.</p>",taxable,1,,Hygienefüße,,Martin Levelling,Anwendung,Maschine / Anlage,1,1,Funktion,"Höhenverstellung, Hygiene-Anforderungen",1,1,Bauform,Stellfuß,1,1,Material,Edelstahl,1,1,Gewinde,"M16, M20, M24, M30, M36",1,1,Bodenbefestigung,nein,1,1,Durchmesser,120/150 mm,1,0,,,,,,,,,1,vergleich
simple,BF-V-2D7ED24B,Martin Levelling Teknoclean Edelstahlteller vulkanisiert,1,0,visible,"Edelstahlfuß mit vulkanisiertem Gummi, Teller bohrbar. Preis und Lieferzeit auf Anfrage.","<p>Edelstahlfuß mit vulkanisiertem Gummi, Teller bohrbar.</p><table><tbody><tr><th>Hersteller</th><td>Martin Levelling</td></tr><tr><th>Serie / Artikel</th><td>Teknoclean Edelstahlteller vulkanisiert</td></tr><tr><th>Material</th><td>AISI 304; NBR 80 Shore</td></tr><tr><th>Gewinde / Anschluss</th><td>Feingewinde /P2 optional</td></tr><tr><th>Bodenbefestigung</th><td>Teller kann für Befestigungslöcher gebohrt werden</td></tr></tbody></table><p>Technische Angaben nach Herstellerunterlagen, ohne Gewähr. Passende Ausführung, Preis und Lieferzeit nennen wir Ihnen auf Anfrage.</p>",taxable,1,,Hygienefüße,,Martin Levelling,Anwendung,Maschine / Anlage,1,1,Funktion,"Höhenverstellung, Hygiene-Anforderungen",1,1,Bauform,Stellfuß,1,1,Material,Edelstahl,1,1,,,,,,,,,,,,,,,,,,,,,1,vergleich
simple,BF-V-0E2FE078,Martin Levelling Teknoclean Polyamid-Teller,1,0,visible,Reinigungsfreundlicher Fuß mit Dichtung in der Buchse. Preis und Lieferzeit auf Anfrage.,"<p>Reinigungsfreundlicher Fuß mit Dichtung in der Buchse.</p><table><tbody><tr><th>Hersteller</th><td>Martin Levelling</td></tr><tr><th>Serie / Artikel</th><td>Teknoclean Polyamid-Teller</td></tr><tr><th>Material</th><td>PA glasfaserverstärkt; Stiel AISI 304 (316 a.A.)</td></tr><tr><th>Gewinde / Anschluss</th><td>Feingewinde /P2 optional</td></tr></tbody></table><p>Technische Angaben nach Herstellerunterlagen, ohne Gewähr. Passende Ausführung, Preis und Lieferzeit nennen wir Ihnen auf Anfrage.</p>",taxable,1,,Hygienefüße,,Martin Levelling,Anwendung,Maschine / Anlage,1,1,Funktion,"Höhenverstellung, Hygiene-Anforderungen",1,1,Bauform,Stellfuß,1,1,Material,"Edelstahl, Kunststoff",1,1,,,,,,,,,,,,,,,,,,,,,1,vergleich
simple,BF-V-99DF35C8,Martin Levelling Teknoclean USDA Approved,1,0,visible,USDA-zugelassener Hygienefuß mit grauer EPDM-Dichtung. Preis und Lieferzeit auf Anfrage.,"<p>USDA-zugelassener Hygienefuß mit grauer EPDM-Dichtung.</p><table><tbody><tr><th>Hersteller</th><td>Martin Levelling</td></tr><tr><th>Serie / Artikel</th><td>Teknoclean USDA Approved</td></tr><tr><th>Maß / Ø (mm)</th><td>80/100/120</td></tr><tr><th>Material</th><td>Edelstahl; EPDM-Dichtung grau</td></tr><tr><th>Zertifizierung</th><td>USDA Approved</td></tr></tbody></table><p>Technische Angaben nach Herstellerunterlagen, ohne Gewähr. Passende Ausführung, Preis und Lieferzeit nennen wir Ihnen auf Anfrage.</p>",taxable,1,,Hygienefüße,,Martin Levelling,Anwendung,Maschine / Anlage,1,1,Funktion,"Höhenverstellung, Hygiene-Anforderungen",1,1,Bauform,Stellfuß,1,1,Material,Edelstahl,1,1,Durchmesser,80/100/120 mm,1,0,,,,,,,,,,,,,,,,,1,vergleich
simple,BF-V-2B1CAE96,Ngi A/S XHF (Adapter S1-S4),1,0,visible,Hygienefuß mit großem Verstellweg und Gewindeadaptern. Preis und Lieferzeit auf Anfrage.,"<p>Hygienefuß mit großem Verstellweg und Gewindeadaptern.</p><table><tbody><tr><th>Hersteller</th><td>Ngi A/S</td></tr><tr><th>Serie / Artikel</th><td>XHF (Adapter S1-S4)</td></tr><tr><th>Maß / Ø (mm)</th><td>65/80/105/125/150</td></tr><tr><th>Material</th><td>Edelstahl AISI 304 (optional AISI 316); Fußgummi NBR; Dichtringe Silikon blau</td></tr><tr><th>Gewinde / Anschluss</th><td>Hülse M44x2; Adapter M20-M44x2</td></tr><tr><th>Bodenbefestigung</th><td>nein</td></tr><tr><th>Zertifizierung</th><td>3-A 88-00; USDA Dairy; EHEDG Typ EL Class I</td></tr><tr><th>Varianten laut Hersteller</th><td>4</td></tr></tbody></table><p>Technische Angaben nach Herstellerunterlagen, ohne Gewähr. Passende Ausführung, Preis und Lieferzeit nennen wir Ihnen auf Anfrage.</p>",taxable,1,,Hygienefüße,,Ngi A/S,Anwendung,Maschine / Anlage,1,1,Funktion,"Höhenverstellung, Hygiene-Anforderungen",1,1,Bauform,Stellfuß,1,1,Material,Edelstahl,1,1,Gewinde,"M20, M24, M30, M36, M42, M44",1,1,Bodenbefestigung,nein,1,1,Durchmesser,65/80/105/125/150 mm,1,0,,,,,,,,,1,vergleich
simple,BF-V-7EA64385,Ngi A/S XHFG,1,0,visible,"Hygienefuß großer Verstellweg, massiver Teller. Preis und Lieferzeit auf Anfrage.","<p>Hygienefuß großer Verstellweg, massiver Teller.</p><table><tbody><tr><th>Hersteller</th><td>Ngi A/S</td></tr><tr><th>Serie / Artikel</th><td>XHFG</td></tr><tr><th>Maß / Ø (mm)</th><td>105/125/150</td></tr><tr><th>Material</th><td>Edelstahl AISI 304 (optional AISI 316); Fußgummi NBR; Dichtringe Silikon blau</td></tr><tr><th>Gewinde / Anschluss</th><td>M44x2</td></tr><tr><th>Traglast (N)</th><td>95500</td></tr><tr><th>Bodenbefestigung</th><td>nein</td></tr><tr><th>Zertifizierung</th><td>3-A 88-00; USDA Dairy</td></tr><tr><th>Varianten laut Hersteller</th><td>3</td></tr></tbody></table><p>Technische Angaben nach Herstellerunterlagen, ohne Gewähr. Passende Ausführung, Preis und Lieferzeit nennen wir Ihnen auf Anfrage.</p>",taxable,1,,Hygienefüße,,Ngi A/S,Anwendung,Maschine / Anlage,1,1,Funktion,"Höhenverstellung, Hygiene-Anforderungen, Hohe Traglast",1,1,Bauform,Stellfuß,1,1,Material,Edelstahl,1,1,Gewinde,M44,1,1,Bodenbefestigung,nein,1,1,Traglast,95500 N,1,0,Durchmesser,105/125/150 mm,1,0,,,,,1,vergleich
simple,BF-V-FC215D49,Ngi A/S XHFT,1,0,visible,"Hygienefuß großer Verstellweg, getrennter Teller und Spindel. Preis und Lieferzeit auf Anfrage.","<p>Hygienefuß großer Verstellweg, getrennter Teller und Spindel.</p><table><tbody><tr><th>Hersteller</th><td>Ngi A/S</td></tr><tr><th>Serie / Artikel</th><td>XHFT</td></tr><tr><th>Maß / Ø (mm)</th><td>80/105/150</td></tr><tr><th>Material</th><td>Edelstahl AISI 304 (optional AISI 316); Fußgummi NBR; Dichtringe Silikon blau</td></tr><tr><th>Gewinde / Anschluss</th><td>M44x2</td></tr><tr><th>Bodenbefestigung</th><td>nein</td></tr><tr><th>Zertifizierung</th><td>3-A 88-00; USDA Dairy; EHEDG Typ EL Class I</td></tr><tr><th>Varianten laut Hersteller</th><td>3</td></tr></tbody></table><p>Technische Angaben nach Herstellerunterlagen, ohne Gewähr. Passende Ausführung, Preis und Lieferzeit nennen wir Ihnen auf Anfrage.</p>",taxable,1,,Hygienefüße,,Ngi A/S,Anwendung,Maschine / Anlage,1,1,Funktion,"Höhenverstellung, Hygiene-Anforderungen",1,1,Bauform,Stellfuß,1,1,Material,Edelstahl,1,1,Gewinde,M44,1,1,Bodenbefestigung,nein,1,1,Durchmesser,80/105/150 mm,1,0,,,,,,,,,1,vergleich
simple,BF-V-B255F8B2,Ngi A/S XHGS / XHJGS16155+215,1,0,visible,Hygienefuß mit massivem Edelstahlteller. Preis und Lieferzeit auf Anfrage.,"<p>Hygienefuß mit massivem Edelstahlteller.</p><table><tbody><tr><th>Hersteller</th><td>Ngi A/S</td></tr><tr><th>Serie / Artikel</th><td>XHGS / XHJGS16155+215</td></tr><tr><th>Maß / Ø (mm)</th><td>105/125/150</td></tr><tr><th>Material</th><td>Edelstahl AISI 304 (optional AISI 316); Fußgummi NBR; Dichtringe Silikon blau</td></tr><tr><th>Gewinde / Anschluss</th><td>M16</td></tr><tr><th>Traglast (N)</th><td>110000</td></tr><tr><th>Bodenbefestigung</th><td>optional mit Hygienescheiben</td></tr><tr><th>Zertifizierung</th><td>3-A 88-00; USDA Dairy</td></tr><tr><th>Varianten laut Hersteller</th><td>6</td></tr></tbody></table><p>Technische Angaben nach Herstellerunterlagen, ohne Gewähr. Passende Ausführung, Preis und Lieferzeit nennen wir Ihnen auf Anfrage.</p>",taxable,1,,Hygienefüße,,Ngi A/S,Anwendung,Maschine / Anlage,1,1,Funktion,"Höhenverstellung, Hygiene-Anforderungen, Hohe Traglast",1,1,Bauform,Stellfuß,1,1,Material,Edelstahl,1,1,Gewinde,M16,1,1,Traglast,110000 N,1,0,Durchmesser,105/125/150 mm,1,0,,,,,,,,,1,vergleich
simple,BF-V-3D5FE5AF,Ngi A/S XHGS / XHJGS20155+215,1,0,visible,Hygienefuß mit massivem Edelstahlteller. Preis und Lieferzeit auf Anfrage.,"<p>Hygienefuß mit massivem Edelstahlteller.</p><table><tbody><tr><th>Hersteller</th><td>Ngi A/S</td></tr><tr><th>Serie / Artikel</th><td>XHGS / XHJGS20155+215</td></tr><tr><th>Maß / Ø (mm)</th><td>105/125/150</td></tr><tr><th>Material</th><td>Edelstahl AISI 304 (optional AISI 316); Fußgummi NBR; Dichtringe Silikon blau</td></tr><tr><th>Gewinde / Anschluss</th><td>M20</td></tr><tr><th>Traglast (N)</th><td>110000</td></tr><tr><th>Bodenbefestigung</th><td>optional mit Hygienescheiben</td></tr><tr><th>Zertifizierung</th><td>3-A 88-00; USDA Dairy</td></tr><tr><th>Varianten laut Hersteller</th><td>6</td></tr></tbody></table><p>Technische Angaben nach Herstellerunterlagen, ohne Gewähr. Passende Ausführung, Preis und Lieferzeit nennen wir Ihnen auf Anfrage.</p>",taxable,1,,Hygienefüße,,Ngi A/S,Anwendung,Maschine / Anlage,1,1,Funktion,"Höhenverstellung, Hygiene-Anforderungen, Hohe Traglast",1,1,Bauform,Stellfuß,1,1,Material,Edelstahl,1,1,Gewinde,M20,1,1,Traglast,110000 N,1,0,Durchmesser,105/125/150 mm,1,0,,,,,,,,,1,vergleich
simple,BF-V-CC592317,Ngi A/S XHGS / XHJGS24155+215,1,0,visible,Hygienefuß mit massivem Edelstahlteller. Preis und Lieferzeit auf Anfrage.,"<p>Hygienefuß mit massivem Edelstahlteller.</p><table><tbody><tr><th>Hersteller</th><td>Ngi A/S</td></tr><tr><th>Serie / Artikel</th><td>XHGS / XHJGS24155+215</td></tr><tr><th>Maß / Ø (mm)</th><td>105/125/150</td></tr><tr><th>Material</th><td>Edelstahl AISI 304 (optional AISI 316); Fußgummi NBR; Dichtringe Silikon blau</td></tr><tr><th>Gewinde / Anschluss</th><td>M24</td></tr><tr><th>Traglast (N)</th><td>110000</td></tr><tr><th>Bodenbefestigung</th><td>optional mit Hygienescheiben</td></tr><tr><th>Zertifizierung</th><td>3-A 88-00; USDA Dairy</td></tr><tr><th>Varianten laut Hersteller</th><td>6</td></tr></tbody></table><p>Technische Angaben nach Herstellerunterlagen, ohne Gewähr. Passende Ausführung, Preis und Lieferzeit nennen wir Ihnen auf Anfrage.</p>",taxable,1,,Hygienefüße,,Ngi A/S,Anwendung,Maschine / Anlage,1,1,Funktion,"Höhenverstellung, Hygiene-Anforderungen, Hohe Traglast",1,1,Bauform,Stellfuß,1,1,Material,Edelstahl,1,1,Gewinde,M24,1,1,Traglast,110000 N,1,0,Durchmesser,105/125/150 mm,1,0,,,,,,,,,1,vergleich
simple,BF-V-7B4297D4,Ngi A/S XHGS / XHJGS30155+215,1,0,visible,Hygienefuß mit massivem Edelstahlteller. Preis und Lieferzeit auf Anfrage.,"<p>Hygienefuß mit massivem Edelstahlteller.</p><table><tbody><tr><th>Hersteller</th><td>Ngi A/S</td></tr><tr><th>Serie / Artikel</th><td>XHGS / XHJGS30155+215</td></tr><tr><th>Maß / Ø (mm)</th><td>105/125/150</td></tr><tr><th>Material</th><td>Edelstahl AISI 304 (optional AISI 316); Fußgummi NBR; Dichtringe Silikon blau</td></tr><tr><th>Gewinde / Anschluss</th><td>M30</td></tr><tr><th>Traglast (N)</th><td>110000</td></tr><tr><th>Bodenbefestigung</th><td>optional mit Hygienescheiben</td></tr><tr><th>Zertifizierung</th><td>3-A 88-00; USDA Dairy</td></tr><tr><th>Varianten laut Hersteller</th><td>6</td></tr></tbody></table><p>Technische Angaben nach Herstellerunterlagen, ohne Gewähr. Passende Ausführung, Preis und Lieferzeit nennen wir Ihnen auf Anfrage.</p>",taxable,1,,Hygienefüße,,Ngi A/S,Anwendung,Maschine / Anlage,1,1,Funktion,"Höhenverstellung, Hygiene-Anforderungen, Hohe Traglast",1,1,Bauform,Stellfuß,1,1,Material,Edelstahl,1,1,Gewinde,M30,1,1,Traglast,110000 N,1,0,Durchmesser,105/125/150 mm,1,0,,,,,,,,,1,vergleich
simple,BF-V-01565C6A,Ngi A/S XHGS / XHJGS36155+215,1,0,visible,Hygienefuß mit massivem Edelstahlteller. Preis und Lieferzeit auf Anfrage.,"<p>Hygienefuß mit massivem Edelstahlteller.</p><table><tbody><tr><th>Hersteller</th><td>Ngi A/S</td></tr><tr><th>Serie / Artikel</th><td>XHGS / XHJGS36155+215</td></tr><tr><th>Maß / Ø (mm)</th><td>105/125/150</td></tr><tr><th>Material</th><td>Edelstahl AISI 304 (optional AISI 316); Fußgummi NBR; Dichtringe Silikon blau</td></tr><tr><th>Gewinde / Anschluss</th><td>M36</td></tr><tr><th>Traglast (N)</th><td>110000</td></tr><tr><th>Bodenbefestigung</th><td>optional mit Hygienescheiben</td></tr><tr><th>Zertifizierung</th><td>3-A 88-00; USDA Dairy</td></tr><tr><th>Varianten laut Hersteller</th><td>6</td></tr></tbody></table><p>Technische Angaben nach Herstellerunterlagen, ohne Gewähr. Passende Ausführung, Preis und Lieferzeit nennen wir Ihnen auf Anfrage.</p>",taxable,1,,Hygienefüße,,Ngi A/S,Anwendung,Maschine / Anlage,1,1,Funktion,"Höhenverstellung, Hygiene-Anforderungen, Hohe Traglast",1,1,Bauform,Stellfuß,1,1,Material,Edelstahl,1,1,Gewinde,M36,1,1,Traglast,110000 N,1,0,Durchmesser,105/125/150 mm,1,0,,,,,,,,,1,vergleich
simple,BF-V-0926A759,Ngi A/S XHS / XHS16155+215,1,0,visible,"Zertifizierter Hygienefuß, Teller und Spindel kombinierbar. Preis und Lieferzeit auf Anfrage.","<p>Zertifizierter Hygienefuß, Teller und Spindel kombinierbar.</p><table><tbody><tr><th>Hersteller</th><td>Ngi A/S</td></tr><tr><th>Serie / Artikel</th><td>XHS / XHS16155+215</td></tr><tr><th>Maß / Ø (mm)</th><td>65/80/105/125/150</td></tr><tr><th>Material</th><td>Edelstahl AISI 304 (optional AISI 316); Fußgummi NBR; Dichtringe Silikon blau</td></tr><tr><th>Gewinde / Anschluss</th><td>M16</td></tr><tr><th>Traglast (N)</th><td>30800</td></tr><tr><th>Bodenbefestigung</th><td>nein</td></tr><tr><th>Zertifizierung</th><td>3-A 88-00; USDA Dairy; EHEDG Typ EL Class I</td></tr><tr><th>Varianten laut Hersteller</th><td>10</td></tr></tbody></table><p>Technische Angaben nach Herstellerunterlagen, ohne Gewähr. Passende Ausführung, Preis und Lieferzeit nennen wir Ihnen auf Anfrage.</p>",taxable,1,,Hygienefüße,,Ngi A/S,Anwendung,Maschine / Anlage,1,1,Funktion,"Höhenverstellung, Hygiene-Anforderungen, Hohe Traglast",1,1,Bauform,Stellfuß,1,1,Material,Edelstahl,1,1,Gewinde,M16,1,1,Bodenbefestigung,nein,1,1,Traglast,30800 N,1,0,Durchmesser,65/80/105/125/150 mm,1,0,,,,,1,vergleich
simple,BF-V-14794E2F,Ngi A/S XHS / XHS20155+215,1,0,visible,"Zertifizierter Hygienefuß, Teller und Spindel kombinierbar. Preis und Lieferzeit auf Anfrage.","<p>Zertifizierter Hygienefuß, Teller und Spindel kombinierbar.</p><table><tbody><tr><th>Hersteller</th><td>Ngi A/S</td></tr><tr><th>Serie / Artikel</th><td>XHS / XHS20155+215</td></tr><tr><th>Maß / Ø (mm)</th><td>65/80/105/125/150</td></tr><tr><th>Material</th><td>Edelstahl AISI 304 (optional AISI 316); Fußgummi NBR; Dichtringe Silikon blau</td></tr><tr><th>Gewinde / Anschluss</th><td>M20</td></tr><tr><th>Traglast (N)</th><td>48200</td></tr><tr><th>Bodenbefestigung</th><td>nein</td></tr><tr><th>Zertifizierung</th><td>3-A 88-00; USDA Dairy; EHEDG Typ EL Class I</td></tr><tr><th>Varianten laut Hersteller</th><td>10</td></tr></tbody></table><p>Technische Angaben nach Herstellerunterlagen, ohne Gewähr. Passende Ausführung, Preis und Lieferzeit nennen wir Ihnen auf Anfrage.</p>",taxable,1,,Hygienefüße,,Ngi A/S,Anwendung,Maschine / Anlage,1,1,Funktion,"Höhenverstellung, Hygiene-Anforderungen, Hohe Traglast",1,1,Bauform,Stellfuß,1,1,Material,Edelstahl,1,1,Gewinde,M20,1,1,Bodenbefestigung,nein,1,1,Traglast,48200 N,1,0,Durchmesser,65/80/105/125/150 mm,1,0,,,,,1,vergleich
simple,BF-V-AF0DA8F5,Ngi A/S XHS / XHS24155+215,1,0,visible,"Zertifizierter Hygienefuß, Teller und Spindel kombinierbar. Preis und Lieferzeit auf Anfrage.","<p>Zertifizierter Hygienefuß, Teller und Spindel kombinierbar.</p><table><tbody><tr><th>Hersteller</th><td>Ngi A/S</td></tr><tr><th>Serie / Artikel</th><td>XHS / XHS24155+215</td></tr><tr><th>Maß / Ø (mm)</th><td>65/80/105/125/150</td></tr><tr><th>Material</th><td>Edelstahl AISI 304 (optional AISI 316); Fußgummi NBR; Dichtringe Silikon blau</td></tr><tr><th>Gewinde / Anschluss</th><td>M24</td></tr><tr><th>Traglast (N)</th><td>69200</td></tr><tr><th>Bodenbefestigung</th><td>nein</td></tr><tr><th>Zertifizierung</th><td>3-A 88-00; USDA Dairy; EHEDG Typ EL Class I</td></tr><tr><th>Varianten laut Hersteller</th><td>10</td></tr></tbody></table><p>Technische Angaben nach Herstellerunterlagen, ohne Gewähr. Passende Ausführung, Preis und Lieferzeit nennen wir Ihnen auf Anfrage.</p>",taxable,1,,Hygienefüße,,Ngi A/S,Anwendung,Maschine / Anlage,1,1,Funktion,"Höhenverstellung, Hygiene-Anforderungen, Hohe Traglast",1,1,Bauform,Stellfuß,1,1,Material,Edelstahl,1,1,Gewinde,M24,1,1,Bodenbefestigung,nein,1,1,Traglast,69200 N,1,0,Durchmesser,65/80/105/125/150 mm,1,0,,,,,1,vergleich
simple,BF-V-508B8610,Ngi A/S XHS / XHS30155+215,1,0,visible,"Zertifizierter Hygienefuß, Teller und Spindel kombinierbar. Preis und Lieferzeit auf Anfrage.","<p>Zertifizierter Hygienefuß, Teller und Spindel kombinierbar.</p><table><tbody><tr><th>Hersteller</th><td>Ngi A/S</td></tr><tr><th>Serie / Artikel</th><td>XHS / XHS30155+215</td></tr><tr><th>Maß / Ø (mm)</th><td>65/80/105/125/150</td></tr><tr><th>Material</th><td>Edelstahl AISI 304 (optional AISI 316); Fußgummi NBR; Dichtringe Silikon blau</td></tr><tr><th>Gewinde / Anschluss</th><td>M30</td></tr><tr><th>Traglast (N)</th><td>110200</td></tr><tr><th>Bodenbefestigung</th><td>nein</td></tr><tr><th>Zertifizierung</th><td>3-A 88-00; USDA Dairy; EHEDG Typ EL Class I</td></tr><tr><th>Varianten laut Hersteller</th><td>10</td></tr></tbody></table><p>Technische Angaben nach Herstellerunterlagen, ohne Gewähr. Passende Ausführung, Preis und Lieferzeit nennen wir Ihnen auf Anfrage.</p>",taxable,1,,Hygienefüße,,Ngi A/S,Anwendung,Maschine / Anlage,1,1,Funktion,"Höhenverstellung, Hygiene-Anforderungen, Hohe Traglast",1,1,Bauform,Stellfuß,1,1,Material,Edelstahl,1,1,Gewinde,M30,1,1,Bodenbefestigung,nein,1,1,Traglast,110200 N,1,0,Durchmesser,65/80/105/125/150 mm,1,0,,,,,1,vergleich
simple,BF-V-705652D5,Ngi A/S XHS / XHS36155+215,1,0,visible,"Zertifizierter Hygienefuß, Teller und Spindel kombinierbar. Preis und Lieferzeit auf Anfrage.","<p>Zertifizierter Hygienefuß, Teller und Spindel kombinierbar.</p><table><tbody><tr><th>Hersteller</th><td>Ngi A/S</td></tr><tr><th>Serie / Artikel</th><td>XHS / XHS36155+215</td></tr><tr><th>Maß / Ø (mm)</th><td>65/80/105/125/150</td></tr><tr><th>Material</th><td>Edelstahl AISI 304 (optional AISI 316); Fußgummi NBR; Dichtringe Silikon blau</td></tr><tr><th>Gewinde / Anschluss</th><td>M36</td></tr><tr><th>Traglast (N)</th><td>160200</td></tr><tr><th>Bodenbefestigung</th><td>nein</td></tr><tr><th>Zertifizierung</th><td>3-A 88-00; USDA Dairy; EHEDG Typ EL Class I</td></tr><tr><th>Varianten laut Hersteller</th><td>10</td></tr></tbody></table><p>Technische Angaben nach Herstellerunterlagen, ohne Gewähr. Passende Ausführung, Preis und Lieferzeit nennen wir Ihnen auf Anfrage.</p>",taxable,1,,Hygienefüße,,Ngi A/S,Anwendung,Maschine / Anlage,1,1,Funktion,"Höhenverstellung, Hygiene-Anforderungen, Hohe Traglast",1,1,Bauform,Stellfuß,1,1,Material,Edelstahl,1,1,Gewinde,M36,1,1,Bodenbefestigung,nein,1,1,Traglast,160200 N,1,0,Durchmesser,65/80/105/125/150 mm,1,0,,,,,1,vergleich
simple,BF-V-5780A7BF,Ngi A/S XHTS / XHTS16155+215,1,0,visible,Hygienefuß mit getrenntem Teller und Spindel. Preis und Lieferzeit auf Anfrage.,"<p>Hygienefuß mit getrenntem Teller und Spindel.</p><table><tbody><tr><th>Hersteller</th><td>Ngi A/S</td></tr><tr><th>Serie / Artikel</th><td>XHTS / XHTS16155+215</td></tr><tr><th>Maß / Ø (mm)</th><td>65/80/105/125/150</td></tr><tr><th>Material</th><td>Edelstahl AISI 304 (optional AISI 316); Fußgummi NBR; Dichtringe Silikon blau</td></tr><tr><th>Gewinde / Anschluss</th><td>M16</td></tr><tr><th>Traglast (N)</th><td>30800</td></tr><tr><th>Bodenbefestigung</th><td>nein</td></tr><tr><th>Zertifizierung</th><td>3-A 88-00; USDA Dairy; EHEDG Typ EL Class I</td></tr><tr><th>Varianten laut Hersteller</th><td>10</td></tr></tbody></table><p>Technische Angaben nach Herstellerunterlagen, ohne Gewähr. Passende Ausführung, Preis und Lieferzeit nennen wir Ihnen auf Anfrage.</p>",taxable,1,,Hygienefüße,,Ngi A/S,Anwendung,Maschine / Anlage,1,1,Funktion,"Höhenverstellung, Hygiene-Anforderungen, Hohe Traglast",1,1,Bauform,Stellfuß,1,1,Material,Edelstahl,1,1,Gewinde,M16,1,1,Bodenbefestigung,nein,1,1,Traglast,30800 N,1,0,Durchmesser,65/80/105/125/150 mm,1,0,,,,,1,vergleich
simple,BF-V-2036E1BE,Ngi A/S XHTS / XHTS20155+215,1,0,visible,Hygienefuß mit getrenntem Teller und Spindel. Preis und Lieferzeit auf Anfrage.,"<p>Hygienefuß mit getrenntem Teller und Spindel.</p><table><tbody><tr><th>Hersteller</th><td>Ngi A/S</td></tr><tr><th>Serie / Artikel</th><td>XHTS / XHTS20155+215</td></tr><tr><th>Maß / Ø (mm)</th><td>65/80/105/125/150</td></tr><tr><th>Material</th><td>Edelstahl AISI 304 (optional AISI 316); Fußgummi NBR; Dichtringe Silikon blau</td></tr><tr><th>Gewinde / Anschluss</th><td>M20</td></tr><tr><th>Traglast (N)</th><td>48200</td></tr><tr><th>Bodenbefestigung</th><td>nein</td></tr><tr><th>Zertifizierung</th><td>3-A 88-00; USDA Dairy; EHEDG Typ EL Class I</td></tr><tr><th>Varianten laut Hersteller</th><td>10</td></tr></tbody></table><p>Technische Angaben nach Herstellerunterlagen, ohne Gewähr. Passende Ausführung, Preis und Lieferzeit nennen wir Ihnen auf Anfrage.</p>",taxable,1,,Hygienefüße,,Ngi A/S,Anwendung,Maschine / Anlage,1,1,Funktion,"Höhenverstellung, Hygiene-Anforderungen, Hohe Traglast",1,1,Bauform,Stellfuß,1,1,Material,Edelstahl,1,1,Gewinde,M20,1,1,Bodenbefestigung,nein,1,1,Traglast,48200 N,1,0,Durchmesser,65/80/105/125/150 mm,1,0,,,,,1,vergleich
simple,BF-V-EDDD1A9C,Ngi A/S XHTS / XHTS24155+215,1,0,visible,Hygienefuß mit getrenntem Teller und Spindel. Preis und Lieferzeit auf Anfrage.,"<p>Hygienefuß mit getrenntem Teller und Spindel.</p><table><tbody><tr><th>Hersteller</th><td>Ngi A/S</td></tr><tr><th>Serie / Artikel</th><td>XHTS / XHTS24155+215</td></tr><tr><th>Maß / Ø (mm)</th><td>65/80/105/125/150</td></tr><tr><th>Material</th><td>Edelstahl AISI 304 (optional AISI 316); Fußgummi NBR; Dichtringe Silikon blau</td></tr><tr><th>Gewinde / Anschluss</th><td>M24</td></tr><tr><th>Traglast (N)</th><td>69200</td></tr><tr><th>Bodenbefestigung</th><td>nein</td></tr><tr><th>Zertifizierung</th><td>3-A 88-00; USDA Dairy; EHEDG Typ EL Class I</td></tr><tr><th>Varianten laut Hersteller</th><td>10</td></tr></tbody></table><p>Technische Angaben nach Herstellerunterlagen, ohne Gewähr. Passende Ausführung, Preis und Lieferzeit nennen wir Ihnen auf Anfrage.</p>",taxable,1,,Hygienefüße,,Ngi A/S,Anwendung,Maschine / Anlage,1,1,Funktion,"Höhenverstellung, Hygiene-Anforderungen, Hohe Traglast",1,1,Bauform,Stellfuß,1,1,Material,Edelstahl,1,1,Gewinde,M24,1,1,Bodenbefestigung,nein,1,1,Traglast,69200 N,1,0,Durchmesser,65/80/105/125/150 mm,1,0,,,,,1,vergleich
simple,BF-V-8CB8F0C2,Ngi A/S XHTS / XHTS30155+215,1,0,visible,Hygienefuß mit getrenntem Teller und Spindel. Preis und Lieferzeit auf Anfrage.,"<p>Hygienefuß mit getrenntem Teller und Spindel.</p><table><tbody><tr><th>Hersteller</th><td>Ngi A/S</td></tr><tr><th>Serie / Artikel</th><td>XHTS / XHTS30155+215</td></tr><tr><th>Maß / Ø (mm)</th><td>65/80/105/125/150</td></tr><tr><th>Material</th><td>Edelstahl AISI 304 (optional AISI 316); Fußgummi NBR; Dichtringe Silikon blau</td></tr><tr><th>Gewinde / Anschluss</th><td>M30</td></tr><tr><th>Traglast (N)</th><td>110200</td></tr><tr><th>Bodenbefestigung</th><td>nein</td></tr><tr><th>Zertifizierung</th><td>3-A 88-00; USDA Dairy; EHEDG Typ EL Class I</td></tr><tr><th>Varianten laut Hersteller</th><td>10</td></tr></tbody></table><p>Technische Angaben nach Herstellerunterlagen, ohne Gewähr. Passende Ausführung, Preis und Lieferzeit nennen wir Ihnen auf Anfrage.</p>",taxable,1,,Hygienefüße,,Ngi A/S,Anwendung,Maschine / Anlage,1,1,Funktion,"Höhenverstellung, Hygiene-Anforderungen, Hohe Traglast",1,1,Bauform,Stellfuß,1,1,Material,Edelstahl,1,1,Gewinde,M30,1,1,Bodenbefestigung,nein,1,1,Traglast,110200 N,1,0,Durchmesser,65/80/105/125/150 mm,1,0,,,,,1,vergleich
simple,BF-V-84E1474F,Ngi A/S XHTS / XHTS36155+215,1,0,visible,Hygienefuß mit getrenntem Teller und Spindel. Preis und Lieferzeit auf Anfrage.,"<p>Hygienefuß mit getrenntem Teller und Spindel.</p><table><tbody><tr><th>Hersteller</th><td>Ngi A/S</td></tr><tr><th>Serie / Artikel</th><td>XHTS / XHTS36155+215</td></tr><tr><th>Maß / Ø (mm)</th><td>65/80/105/125/150</td></tr><tr><th>Material</th><td>Edelstahl AISI 304 (optional AISI 316); Fußgummi NBR; Dichtringe Silikon blau</td></tr><tr><th>Gewinde / Anschluss</th><td>M36</td></tr><tr><th>Traglast (N)</th><td>160200</td></tr><tr><th>Bodenbefestigung</th><td>nein</td></tr><tr><th>Zertifizierung</th><td>3-A 88-00; USDA Dairy; EHEDG Typ EL Class I</td></tr><tr><th>Varianten laut Hersteller</th><td>10</td></tr></tbody></table><p>Technische Angaben nach Herstellerunterlagen, ohne Gewähr. Passende Ausführung, Preis und Lieferzeit nennen wir Ihnen auf Anfrage.</p>",taxable,1,,Hygienefüße,,Ngi A/S,Anwendung,Maschine / Anlage,1,1,Funktion,"Höhenverstellung, Hygiene-Anforderungen, Hohe Traglast",1,1,Bauform,Stellfuß,1,1,Material,Edelstahl,1,1,Gewinde,M36,1,1,Bodenbefestigung,nein,1,1,Traglast,160200 N,1,0,Durchmesser,65/80/105/125/150 mm,1,0,,,,,1,vergleich
simple,BF-V-F7C58D14,NHK Group ApS HLF 101,1,0,visible,"Hygienischer Stellfuß, Edelstahl, Gewinde nach Wunsch. Preis und Lieferzeit auf Anfrage.","<p>Hygienischer Stellfuß, Edelstahl, Gewinde nach Wunsch.</p><table><tbody><tr><th>Hersteller</th><td>NHK Group ApS</td></tr><tr><th>Serie / Artikel</th><td>HLF 101</td></tr><tr><th>Maß / Ø (mm)</th><td>100</td></tr><tr><th>Material</th><td>Teller AISI 304/316; Spindel A2-70/A4-70; NBR (FDA)</td></tr><tr><th>Traglast (N)</th><td>20000</td></tr><tr><th>Zertifizierung</th><td>FDA-Gummi; EHEDG/3-A-Prinzipien auf Anfrage</td></tr></tbody></table><p>Technische Angaben nach Herstellerunterlagen, ohne Gewähr. Passende Ausführung, Preis und Lieferzeit nennen wir Ihnen auf Anfrage.</p>",taxable,1,,Hygienefüße,,NHK Group ApS,Anwendung,Maschine / Anlage,1,1,Funktion,"Höhenverstellung, Hygiene-Anforderungen, Hohe Traglast",1,1,Bauform,Stellfuß,1,1,Material,Edelstahl,1,1,Traglast,20000 N,1,0,Durchmesser,100 mm,1,0,,,,,,,,,,,,,1,vergleich
simple,BF-V-D239F3CB,NHK Group ApS HLF 121,1,0,visible,"Hygienischer Stellfuß, Edelstahl, Gewinde nach Wunsch. Preis und Lieferzeit auf Anfrage.","<p>Hygienischer Stellfuß, Edelstahl, Gewinde nach Wunsch.</p><table><tbody><tr><th>Hersteller</th><td>NHK Group ApS</td></tr><tr><th>Serie / Artikel</th><td>HLF 121</td></tr><tr><th>Maß / Ø (mm)</th><td>120</td></tr><tr><th>Material</th><td>Teller AISI 304/316; Spindel A2-70/A4-70; NBR (FDA)</td></tr><tr><th>Traglast (N)</th><td>30000</td></tr><tr><th>Zertifizierung</th><td>FDA-Gummi; EHEDG/3-A-Prinzipien auf Anfrage</td></tr></tbody></table><p>Technische Angaben nach Herstellerunterlagen, ohne Gewähr. Passende Ausführung, Preis und Lieferzeit nennen wir Ihnen auf Anfrage.</p>",taxable,1,,Hygienefüße,,NHK Group ApS,Anwendung,Maschine / Anlage,1,1,Funktion,"Höhenverstellung, Hygiene-Anforderungen, Hohe Traglast",1,1,Bauform,Stellfuß,1,1,Material,Edelstahl,1,1,Traglast,30000 N,1,0,Durchmesser,120 mm,1,0,,,,,,,,,,,,,1,vergleich
simple,BF-V-674BE449,NHK Group ApS HLF 61,1,0,visible,"Hygienischer Stellfuß, Edelstahl, Gewinde nach Wunsch. Preis und Lieferzeit auf Anfrage.","<p>Hygienischer Stellfuß, Edelstahl, Gewinde nach Wunsch.</p><table><tbody><tr><th>Hersteller</th><td>NHK Group ApS</td></tr><tr><th>Serie / Artikel</th><td>HLF 61</td></tr><tr><th>Maß / Ø (mm)</th><td>60</td></tr><tr><th>Material</th><td>Teller AISI 304/316; Spindel A2-70/A4-70; NBR (FDA)</td></tr><tr><th>Traglast (N)</th><td>7000</td></tr><tr><th>Zertifizierung</th><td>FDA-Gummi; EHEDG/3-A-Prinzipien auf Anfrage</td></tr></tbody></table><p>Technische Angaben nach Herstellerunterlagen, ohne Gewähr. Passende Ausführung, Preis und Lieferzeit nennen wir Ihnen auf Anfrage.</p>",taxable,1,,Hygienefüße,,NHK Group ApS,Anwendung,Maschine / Anlage,1,1,Funktion,"Höhenverstellung, Hygiene-Anforderungen",1,1,Bauform,Stellfuß,1,1,Material,Edelstahl,1,1,Traglast,7000 N,1,0,Durchmesser,60 mm,1,0,,,,,,,,,,,,,1,vergleich
simple,BF-V-A91B313B,NHK Group ApS HLF 81,1,0,visible,"Hygienischer Stellfuß, Edelstahl, Gewinde nach Wunsch. Preis und Lieferzeit auf Anfrage.","<p>Hygienischer Stellfuß, Edelstahl, Gewinde nach Wunsch.</p><table><tbody><tr><th>Hersteller</th><td>NHK Group ApS</td></tr><tr><th>Serie / Artikel</th><td>HLF 81</td></tr><tr><th>Maß / Ø (mm)</th><td>80</td></tr><tr><th>Material</th><td>Teller AISI 304/316; Spindel A2-70/A4-70; NBR (FDA)</td></tr><tr><th>Traglast (N)</th><td>15000</td></tr><tr><th>Zertifizierung</th><td>FDA-Gummi; EHEDG/3-A-Prinzipien auf Anfrage</td></tr></tbody></table><p>Technische Angaben nach Herstellerunterlagen, ohne Gewähr. Passende Ausführung, Preis und Lieferzeit nennen wir Ihnen auf Anfrage.</p>",taxable,1,,Hygienefüße,,NHK Group ApS,Anwendung,Maschine / Anlage,1,1,Funktion,"Höhenverstellung, Hygiene-Anforderungen",1,1,Bauform,Stellfuß,1,1,Material,Edelstahl,1,1,Traglast,15000 N,1,0,Durchmesser,80 mm,1,0,,,,,,,,,,,,,1,vergleich
simple,BF-V-12F0182E,norelem 27791-05 Stellfüße im Hygienic DESIGN Form A,1,0,visible,"Hygiene-Stellfuß 3-A für Brauereien, Molkereien, Pharma. Preis und Lieferzeit auf Anfrage.","<p>Hygiene-Stellfuß 3-A für Brauereien, Molkereien, Pharma.</p><table><tbody><tr><th>Hersteller</th><td>norelem</td></tr><tr><th>Serie / Artikel</th><td>27791-05 Stellfüße im Hygienic DESIGN Form A</td></tr><tr><th>Material</th><td>Edelstahl 1.4301; NBR 85 Shore (FDA); Dichtung Silikon (FDA)</td></tr><tr><th>Zertifizierung</th><td>3-A Sanitary Standard 88-00; FDA-geprüfte Elastomere</td></tr><tr><th>Varianten laut Hersteller</th><td>22</td></tr></tbody></table><p>Technische Angaben nach Herstellerunterlagen, ohne Gewähr. Passende Ausführung, Preis und Lieferzeit nennen wir Ihnen auf Anfrage.</p>",taxable,1,,Hygienefüße,,norelem,Anwendung,Maschine / Anlage,1,1,Funktion,"Höhenverstellung, Hygiene-Anforderungen",1,1,Bauform,Stellfuß,1,1,Material,Edelstahl,1,1,,,,,,,,,,,,,,,,,,,,,1,vergleich
simple,BF-V-05D8B2E3,Elesa+Ganter GN 20-100-D20-BV,1,0,visible,"Hygiene-Stellfuß, großer Verstellbereich, mit Befestigungslöchern. Preis und Lieferzeit auf Anfrage.","<p>Hygiene-Stellfuß, großer Verstellbereich, mit Befestigungslöchern.</p><table><tbody><tr><th>Hersteller</th><td>Elesa+Ganter</td></tr><tr><th>Serie / Artikel</th><td>GN 20-100-D20-BV</td></tr><tr><th>Maß / Ø (mm)</th><td>100</td></tr><tr><th>Material</th><td>Edelstahl AISI 304; Dichtungen NBR/TPU/HNBR/Silikon (FDA-konform); Abdeckkappe TPU</td></tr><tr><th>Gewinde / Anschluss</th><td>Einschraubhülse M33x2 (Spindel D20)</td></tr><tr><th>Bodenbefestigung</th><td>ja, Befestigungslöcher (Typ BV)</td></tr><tr><th>Zertifizierung</th><td>EHEDG; 3-A 88-01; DGUV; FDA-konforme Dichtungen</td></tr><tr><th>Varianten laut Hersteller</th><td>3</td></tr></tbody></table><p>Technische Angaben nach Herstellerunterlagen, ohne Gewähr. Passende Ausführung, Preis und Lieferzeit nennen wir Ihnen auf Anfrage.</p>",taxable,1,,"Hygienefüße, Füße mit Bodenbefestigung",,Elesa+Ganter,Anwendung,Maschine / Anlage,1,1,Funktion,"Höhenverstellung, Hygiene-Anforderungen, Bodenbefestigung",1,1,Bauform,Stellfuß,1,1,Material,Edelstahl,1,1,Gewinde,M33,1,1,Bodenbefestigung,ja,1,1,Durchmesser,100 mm,1,0,,,,,,,,,1,vergleich
simple,BF-V-5079450F,Elesa+Ganter GN 20-100-D28-BV,1,0,visible,"Hygiene-Stellfuß, großer Verstellbereich, mit Befestigungslöchern. Preis und Lieferzeit auf Anfrage.","<p>Hygiene-Stellfuß, großer Verstellbereich, mit Befestigungslöchern.</p><table><tbody><tr><th>Hersteller</th><td>Elesa+Ganter</td></tr><tr><th>Serie / Artikel</th><td>GN 20-100-D28-BV</td></tr><tr><th>Maß / Ø (mm)</th><td>100</td></tr><tr><th>Material</th><td>Edelstahl AISI 304; Dichtungen NBR/TPU/HNBR/Silikon (FDA-konform); Abdeckkappe TPU</td></tr><tr><th>Gewinde / Anschluss</th><td>Einschraubhülse M44x2 (Spindel D28)</td></tr><tr><th>Bodenbefestigung</th><td>ja, Befestigungslöcher (Typ BV)</td></tr><tr><th>Zertifizierung</th><td>EHEDG; 3-A 88-01; DGUV; FDA-konforme Dichtungen</td></tr><tr><th>Varianten laut Hersteller</th><td>3</td></tr></tbody></table><p>Technische Angaben nach Herstellerunterlagen, ohne Gewähr. Passende Ausführung, Preis und Lieferzeit nennen wir Ihnen auf Anfrage.</p>",taxable,1,,"Hygienefüße, Füße mit Bodenbefestigung",,Elesa+Ganter,Anwendung,Maschine / Anlage,1,1,Funktion,"Höhenverstellung, Hygiene-Anforderungen, Bodenbefestigung",1,1,Bauform,Stellfuß,1,1,Material,Edelstahl,1,1,Gewinde,M44,1,1,Bodenbefestigung,ja,1,1,Durchmesser,100 mm,1,0,,,,,,,,,1,vergleich
simple,BF-V-124692FC,Elesa+Ganter GN 20-100-M16-B,1,0,visible,Hygiene-Stellfuß mit Befestigungslöchern im Fußteller. Preis und Lieferzeit auf Anfrage.,"<p>Hygiene-Stellfuß mit Befestigungslöchern im Fußteller.</p><table><tbody><tr><th>Hersteller</th><td>Elesa+Ganter</td></tr><tr><th>Serie / Artikel</th><td>GN 20-100-M16-B</td></tr><tr><th>Maß / Ø (mm)</th><td>100</td></tr><tr><th>Material</th><td>Edelstahl AISI 304; Dichtungen NBR/TPU/HNBR/Silikon (FDA-konform)</td></tr><tr><th>Gewinde / Anschluss</th><td>M16</td></tr><tr><th>Bodenbefestigung</th><td>ja, Befestigungslöcher (Typ B)</td></tr><tr><th>Zertifizierung</th><td>EHEDG; 3-A 88-01; DGUV; FDA-konforme Dichtungen</td></tr><tr><th>Varianten laut Hersteller</th><td>2</td></tr></tbody></table><p>Technische Angaben nach Herstellerunterlagen, ohne Gewähr. Passende Ausführung, Preis und Lieferzeit nennen wir Ihnen auf Anfrage.</p>",taxable,1,,"Hygienefüße, Füße mit Bodenbefestigung",,Elesa+Ganter,Anwendung,Maschine / Anlage,1,1,Funktion,"Höhenverstellung, Hygiene-Anforderungen, Bodenbefestigung",1,1,Bauform,Stellfuß,1,1,Material,Edelstahl,1,1,Gewinde,M16,1,1,Bodenbefestigung,ja,1,1,Durchmesser,100 mm,1,0,,,,,,,,,1,vergleich
simple,BF-V-46927911,Elesa+Ganter GN 20-100-M20-B,1,0,visible,Hygiene-Stellfuß mit Befestigungslöchern im Fußteller. Preis und Lieferzeit auf Anfrage.,"<p>Hygiene-Stellfuß mit Befestigungslöchern im Fußteller.</p><table><tbody><tr><th>Hersteller</th><td>Elesa+Ganter</td></tr><tr><th>Serie / Artikel</th><td>GN 20-100-M20-B</td></tr><tr><th>Maß / Ø (mm)</th><td>100</td></tr><tr><th>Material</th><td>Edelstahl AISI 304; Dichtungen NBR/TPU/HNBR/Silikon (FDA-konform)</td></tr><tr><th>Gewinde / Anschluss</th><td>M20</td></tr><tr><th>Bodenbefestigung</th><td>ja, Befestigungslöcher (Typ B)</td></tr><tr><th>Zertifizierung</th><td>EHEDG; 3-A 88-01; DGUV; FDA-konforme Dichtungen</td></tr><tr><th>Varianten laut Hersteller</th><td>2</td></tr></tbody></table><p>Technische Angaben nach Herstellerunterlagen, ohne Gewähr. Passende Ausführung, Preis und Lieferzeit nennen wir Ihnen auf Anfrage.</p>",taxable,1,,"Hygienefüße, Füße mit Bodenbefestigung",,Elesa+Ganter,Anwendung,Maschine / Anlage,1,1,Funktion,"Höhenverstellung, Hygiene-Anforderungen, Bodenbefestigung",1,1,Bauform,Stellfuß,1,1,Material,Edelstahl,1,1,Gewinde,M20,1,1,Bodenbefestigung,ja,1,1,Durchmesser,100 mm,1,0,,,,,,,,,1,vergleich
simple,BF-V-BF8F3CB6,Elesa+Ganter GN 20-100-M24-B,1,0,visible,Hygiene-Stellfuß mit Befestigungslöchern im Fußteller. Preis und Lieferzeit auf Anfrage.,"<p>Hygiene-Stellfuß mit Befestigungslöchern im Fußteller.</p><table><tbody><tr><th>Hersteller</th><td>Elesa+Ganter</td></tr><tr><th>Serie / Artikel</th><td>GN 20-100-M24-B</td></tr><tr><th>Maß / Ø (mm)</th><td>100</td></tr><tr><th>Material</th><td>Edelstahl AISI 304; Dichtungen NBR/TPU/HNBR/Silikon (FDA-konform)</td></tr><tr><th>Gewinde / Anschluss</th><td>M24</td></tr><tr><th>Bodenbefestigung</th><td>ja, Befestigungslöcher (Typ B)</td></tr><tr><th>Zertifizierung</th><td>EHEDG; 3-A 88-01; DGUV; FDA-konforme Dichtungen</td></tr><tr><th>Varianten laut Hersteller</th><td>2</td></tr></tbody></table><p>Technische Angaben nach Herstellerunterlagen, ohne Gewähr. Passende Ausführung, Preis und Lieferzeit nennen wir Ihnen auf Anfrage.</p>",taxable,1,,"Hygienefüße, Füße mit Bodenbefestigung",,Elesa+Ganter,Anwendung,Maschine / Anlage,1,1,Funktion,"Höhenverstellung, Hygiene-Anforderungen, Bodenbefestigung",1,1,Bauform,Stellfuß,1,1,Material,Edelstahl,1,1,Gewinde,M24,1,1,Bodenbefestigung,ja,1,1,Durchmesser,100 mm,1,0,,,,,,,,,1,vergleich
simple,BF-V-4130A7FB,Elesa+Ganter GN 20-120-D28-BV,1,0,visible,"Hygiene-Stellfuß, großer Verstellbereich, mit Befestigungslöchern. Preis und Lieferzeit auf Anfrage.","<p>Hygiene-Stellfuß, großer Verstellbereich, mit Befestigungslöchern.</p><table><tbody><tr><th>Hersteller</th><td>Elesa+Ganter</td></tr><tr><th>Serie / Artikel</th><td>GN 20-120-D28-BV</td></tr><tr><th>Maß / Ø (mm)</th><td>120</td></tr><tr><th>Material</th><td>Edelstahl AISI 304; Dichtungen NBR/TPU/HNBR/Silikon (FDA-konform); Abdeckkappe TPU</td></tr><tr><th>Gewinde / Anschluss</th><td>Einschraubhülse M44x2 (Spindel D28)</td></tr><tr><th>Bodenbefestigung</th><td>ja, Befestigungslöcher (Typ BV)</td></tr><tr><th>Zertifizierung</th><td>EHEDG; 3-A 88-01; DGUV; FDA-konforme Dichtungen</td></tr><tr><th>Varianten laut Hersteller</th><td>3</td></tr></tbody></table><p>Technische Angaben nach Herstellerunterlagen, ohne Gewähr. Passende Ausführung, Preis und Lieferzeit nennen wir Ihnen auf Anfrage.</p>",taxable,1,,"Hygienefüße, Füße mit Bodenbefestigung",,Elesa+Ganter,Anwendung,Maschine / Anlage,1,1,Funktion,"Höhenverstellung, Hygiene-Anforderungen, Bodenbefestigung",1,1,Bauform,Stellfuß,1,1,Material,Edelstahl,1,1,Gewinde,M44,1,1,Bodenbefestigung,ja,1,1,Durchmesser,120 mm,1,0,,,,,,,,,1,vergleich
simple,BF-V-E893D836,Elesa+Ganter GN 20-120-M16-B,1,0,visible,Hygiene-Stellfuß mit Befestigungslöchern im Fußteller. Preis und Lieferzeit auf Anfrage.,"<p>Hygiene-Stellfuß mit Befestigungslöchern im Fußteller.</p><table><tbody><tr><th>Hersteller</th><td>Elesa+Ganter</td></tr><tr><th>Serie / Artikel</th><td>GN 20-120-M16-B</td></tr><tr><th>Maß / Ø (mm)</th><td>120</td></tr><tr><th>Material</th><td>Edelstahl AISI 304; Dichtungen NBR/TPU/HNBR/Silikon (FDA-konform)</td></tr><tr><th>Gewinde / Anschluss</th><td>M16</td></tr><tr><th>Bodenbefestigung</th><td>ja, Befestigungslöcher (Typ B)</td></tr><tr><th>Zertifizierung</th><td>EHEDG; 3-A 88-01; DGUV; FDA-konforme Dichtungen</td></tr><tr><th>Varianten laut Hersteller</th><td>2</td></tr></tbody></table><p>Technische Angaben nach Herstellerunterlagen, ohne Gewähr. Passende Ausführung, Preis und Lieferzeit nennen wir Ihnen auf Anfrage.</p>",taxable,1,,"Hygienefüße, Füße mit Bodenbefestigung",,Elesa+Ganter,Anwendung,Maschine / Anlage,1,1,Funktion,"Höhenverstellung, Hygiene-Anforderungen, Bodenbefestigung",1,1,Bauform,Stellfuß,1,1,Material,Edelstahl,1,1,Gewinde,M16,1,1,Bodenbefestigung,ja,1,1,Durchmesser,120 mm,1,0,,,,,,,,,1,vergleich
simple,BF-V-C94460C6,Elesa+Ganter GN 20-120-M20-B,1,0,visible,Hygiene-Stellfuß mit Befestigungslöchern im Fußteller. Preis und Lieferzeit auf Anfrage.,"<p>Hygiene-Stellfuß mit Befestigungslöchern im Fußteller.</p><table><tbody><tr><th>Hersteller</th><td>Elesa+Ganter</td></tr><tr><th>Serie / Artikel</th><td>GN 20-120-M20-B</td></tr><tr><th>Maß / Ø (mm)</th><td>120</td></tr><tr><th>Material</th><td>Edelstahl AISI 304; Dichtungen NBR/TPU/HNBR/Silikon (FDA-konform)</td></tr><tr><th>Gewinde / Anschluss</th><td>M20</td></tr><tr><th>Bodenbefestigung</th><td>ja, Befestigungslöcher (Typ B)</td></tr><tr><th>Zertifizierung</th><td>EHEDG; 3-A 88-01; DGUV; FDA-konforme Dichtungen</td></tr><tr><th>Varianten laut Hersteller</th><td>2</td></tr></tbody></table><p>Technische Angaben nach Herstellerunterlagen, ohne Gewähr. Passende Ausführung, Preis und Lieferzeit nennen wir Ihnen auf Anfrage.</p>",taxable,1,,"Hygienefüße, Füße mit Bodenbefestigung",,Elesa+Ganter,Anwendung,Maschine / Anlage,1,1,Funktion,"Höhenverstellung, Hygiene-Anforderungen, Bodenbefestigung",1,1,Bauform,Stellfuß,1,1,Material,Edelstahl,1,1,Gewinde,M20,1,1,Bodenbefestigung,ja,1,1,Durchmesser,120 mm,1,0,,,,,,,,,1,vergleich
simple,BF-V-6FECEFFA,Elesa+Ganter GN 20-120-M24-B,1,0,visible,Hygiene-Stellfuß mit Befestigungslöchern im Fußteller. Preis und Lieferzeit auf Anfrage.,"<p>Hygiene-Stellfuß mit Befestigungslöchern im Fußteller.</p><table><tbody><tr><th>Hersteller</th><td>Elesa+Ganter</td></tr><tr><th>Serie / Artikel</th><td>GN 20-120-M24-B</td></tr><tr><th>Maß / Ø (mm)</th><td>120</td></tr><tr><th>Material</th><td>Edelstahl AISI 304; Dichtungen NBR/TPU/HNBR/Silikon (FDA-konform)</td></tr><tr><th>Gewinde / Anschluss</th><td>M24</td></tr><tr><th>Bodenbefestigung</th><td>ja, Befestigungslöcher (Typ B)</td></tr><tr><th>Zertifizierung</th><td>EHEDG; 3-A 88-01; DGUV; FDA-konforme Dichtungen</td></tr><tr><th>Varianten laut Hersteller</th><td>2</td></tr></tbody></table><p>Technische Angaben nach Herstellerunterlagen, ohne Gewähr. Passende Ausführung, Preis und Lieferzeit nennen wir Ihnen auf Anfrage.</p>",taxable,1,,"Hygienefüße, Füße mit Bodenbefestigung",,Elesa+Ganter,Anwendung,Maschine / Anlage,1,1,Funktion,"Höhenverstellung, Hygiene-Anforderungen, Bodenbefestigung",1,1,Bauform,Stellfuß,1,1,Material,Edelstahl,1,1,Gewinde,M24,1,1,Bodenbefestigung,ja,1,1,Durchmesser,120 mm,1,0,,,,,,,,,1,vergleich
simple,BF-V-23EB265F,Elesa+Ganter GN 20-80-D20-BV,1,0,visible,"Hygiene-Stellfuß, großer Verstellbereich, mit Befestigungslöchern. Preis und Lieferzeit auf Anfrage.","<p>Hygiene-Stellfuß, großer Verstellbereich, mit Befestigungslöchern.</p><table><tbody><tr><th>Hersteller</th><td>Elesa+Ganter</td></tr><tr><th>Serie / Artikel</th><td>GN 20-80-D20-BV</td></tr><tr><th>Maß / Ø (mm)</th><td>80</td></tr><tr><th>Material</th><td>Edelstahl AISI 304; Dichtungen NBR/TPU/HNBR/Silikon (FDA-konform); Abdeckkappe TPU</td></tr><tr><th>Gewinde / Anschluss</th><td>Einschraubhülse M33x2 (Spindel D20)</td></tr><tr><th>Bodenbefestigung</th><td>ja, Befestigungslöcher (Typ BV)</td></tr><tr><th>Zertifizierung</th><td>EHEDG; 3-A 88-01; DGUV; FDA-konforme Dichtungen</td></tr><tr><th>Varianten laut Hersteller</th><td>3</td></tr></tbody></table><p>Technische Angaben nach Herstellerunterlagen, ohne Gewähr. Passende Ausführung, Preis und Lieferzeit nennen wir Ihnen auf Anfrage.</p>",taxable,1,,"Hygienefüße, Füße mit Bodenbefestigung",,Elesa+Ganter,Anwendung,Maschine / Anlage,1,1,Funktion,"Höhenverstellung, Hygiene-Anforderungen, Bodenbefestigung",1,1,Bauform,Stellfuß,1,1,Material,Edelstahl,1,1,Gewinde,M33,1,1,Bodenbefestigung,ja,1,1,Durchmesser,80 mm,1,0,,,,,,,,,1,vergleich
simple,BF-V-7C7DFF68,Elesa+Ganter GN 20-80-D28-BV,1,0,visible,"Hygiene-Stellfuß, großer Verstellbereich, mit Befestigungslöchern. Preis und Lieferzeit auf Anfrage.","<p>Hygiene-Stellfuß, großer Verstellbereich, mit Befestigungslöchern.</p><table><tbody><tr><th>Hersteller</th><td>Elesa+Ganter</td></tr><tr><th>Serie / Artikel</th><td>GN 20-80-D28-BV</td></tr><tr><th>Maß / Ø (mm)</th><td>80</td></tr><tr><th>Material</th><td>Edelstahl AISI 304; Dichtungen NBR/TPU/HNBR/Silikon (FDA-konform); Abdeckkappe TPU</td></tr><tr><th>Gewinde / Anschluss</th><td>Einschraubhülse M44x2 (Spindel D28)</td></tr><tr><th>Bodenbefestigung</th><td>ja, Befestigungslöcher (Typ BV)</td></tr><tr><th>Zertifizierung</th><td>EHEDG; 3-A 88-01; DGUV; FDA-konforme Dichtungen</td></tr><tr><th>Varianten laut Hersteller</th><td>3</td></tr></tbody></table><p>Technische Angaben nach Herstellerunterlagen, ohne Gewähr. Passende Ausführung, Preis und Lieferzeit nennen wir Ihnen auf Anfrage.</p>",taxable,1,,"Hygienefüße, Füße mit Bodenbefestigung",,Elesa+Ganter,Anwendung,Maschine / Anlage,1,1,Funktion,"Höhenverstellung, Hygiene-Anforderungen, Bodenbefestigung",1,1,Bauform,Stellfuß,1,1,Material,Edelstahl,1,1,Gewinde,M44,1,1,Bodenbefestigung,ja,1,1,Durchmesser,80 mm,1,0,,,,,,,,,1,vergleich
simple,BF-V-56ED5B48,Elesa+Ganter GN 20-80-M12-B,1,0,visible,Hygiene-Stellfuß mit Befestigungslöchern im Fußteller. Preis und Lieferzeit auf Anfrage.,"<p>Hygiene-Stellfuß mit Befestigungslöchern im Fußteller.</p><table><tbody><tr><th>Hersteller</th><td>Elesa+Ganter</td></tr><tr><th>Serie / Artikel</th><td>GN 20-80-M12-B</td></tr><tr><th>Maß / Ø (mm)</th><td>80</td></tr><tr><th>Material</th><td>Edelstahl AISI 304; Dichtungen NBR/TPU/HNBR/Silikon (FDA-konform)</td></tr><tr><th>Gewinde / Anschluss</th><td>M12</td></tr><tr><th>Bodenbefestigung</th><td>ja, Befestigungslöcher (Typ B)</td></tr><tr><th>Zertifizierung</th><td>EHEDG; 3-A 88-01; DGUV; FDA-konforme Dichtungen</td></tr><tr><th>Varianten laut Hersteller</th><td>2</td></tr></tbody></table><p>Technische Angaben nach Herstellerunterlagen, ohne Gewähr. Passende Ausführung, Preis und Lieferzeit nennen wir Ihnen auf Anfrage.</p>",taxable,1,,"Hygienefüße, Füße mit Bodenbefestigung",,Elesa+Ganter,Anwendung,Maschine / Anlage,1,1,Funktion,"Höhenverstellung, Hygiene-Anforderungen, Bodenbefestigung",1,1,Bauform,Stellfuß,1,1,Material,Edelstahl,1,1,Gewinde,M12,1,1,Bodenbefestigung,ja,1,1,Durchmesser,80 mm,1,0,,,,,,,,,1,vergleich
simple,BF-V-C4AE9208,Elesa+Ganter GN 20-80-M16-B,1,0,visible,Hygiene-Stellfuß mit Befestigungslöchern im Fußteller. Preis und Lieferzeit auf Anfrage.,"<p>Hygiene-Stellfuß mit Befestigungslöchern im Fußteller.</p><table><tbody><tr><th>Hersteller</th><td>Elesa+Ganter</td></tr><tr><th>Serie / Artikel</th><td>GN 20-80-M16-B</td></tr><tr><th>Maß / Ø (mm)</th><td>80</td></tr><tr><th>Material</th><td>Edelstahl AISI 304; Dichtungen NBR/TPU/HNBR/Silikon (FDA-konform)</td></tr><tr><th>Gewinde / Anschluss</th><td>M16</td></tr><tr><th>Bodenbefestigung</th><td>ja, Befestigungslöcher (Typ B)</td></tr><tr><th>Zertifizierung</th><td>EHEDG; 3-A 88-01; DGUV; FDA-konforme Dichtungen</td></tr><tr><th>Varianten laut Hersteller</th><td>2</td></tr></tbody></table><p>Technische Angaben nach Herstellerunterlagen, ohne Gewähr. Passende Ausführung, Preis und Lieferzeit nennen wir Ihnen auf Anfrage.</p>",taxable,1,,"Hygienefüße, Füße mit Bodenbefestigung",,Elesa+Ganter,Anwendung,Maschine / Anlage,1,1,Funktion,"Höhenverstellung, Hygiene-Anforderungen, Bodenbefestigung",1,1,Bauform,Stellfuß,1,1,Material,Edelstahl,1,1,Gewinde,M16,1,1,Bodenbefestigung,ja,1,1,Durchmesser,80 mm,1,0,,,,,,,,,1,vergleich
simple,BF-V-F6B2ED46,Elesa+Ganter GN 20-80-M20-B,1,0,visible,Hygiene-Stellfuß mit Befestigungslöchern im Fußteller. Preis und Lieferzeit auf Anfrage.,"<p>Hygiene-Stellfuß mit Befestigungslöchern im Fußteller.</p><table><tbody><tr><th>Hersteller</th><td>Elesa+Ganter</td></tr><tr><th>Serie / Artikel</th><td>GN 20-80-M20-B</td></tr><tr><th>Maß / Ø (mm)</th><td>80</td></tr><tr><th>Material</th><td>Edelstahl AISI 304; Dichtungen NBR/TPU/HNBR/Silikon (FDA-konform)</td></tr><tr><th>Gewinde / Anschluss</th><td>M20</td></tr><tr><th>Bodenbefestigung</th><td>ja, Befestigungslöcher (Typ B)</td></tr><tr><th>Zertifizierung</th><td>EHEDG; 3-A 88-01; DGUV; FDA-konforme Dichtungen</td></tr><tr><th>Varianten laut Hersteller</th><td>2</td></tr></tbody></table><p>Technische Angaben nach Herstellerunterlagen, ohne Gewähr. Passende Ausführung, Preis und Lieferzeit nennen wir Ihnen auf Anfrage.</p>",taxable,1,,"Hygienefüße, Füße mit Bodenbefestigung",,Elesa+Ganter,Anwendung,Maschine / Anlage,1,1,Funktion,"Höhenverstellung, Hygiene-Anforderungen, Bodenbefestigung",1,1,Bauform,Stellfuß,1,1,Material,Edelstahl,1,1,Gewinde,M20,1,1,Bodenbefestigung,ja,1,1,Durchmesser,80 mm,1,0,,,,,,,,,1,vergleich
simple,BF-V-86A075B8,Elesa+Ganter GN 20-80-M24-B,1,0,visible,Hygiene-Stellfuß mit Befestigungslöchern im Fußteller. Preis und Lieferzeit auf Anfrage.,"<p>Hygiene-Stellfuß mit Befestigungslöchern im Fußteller.</p><table><tbody><tr><th>Hersteller</th><td>Elesa+Ganter</td></tr><tr><th>Serie / Artikel</th><td>GN 20-80-M24-B</td></tr><tr><th>Maß / Ø (mm)</th><td>80</td></tr><tr><th>Material</th><td>Edelstahl AISI 304; Dichtungen NBR/TPU/HNBR/Silikon (FDA-konform)</td></tr><tr><th>Gewinde / Anschluss</th><td>M24</td></tr><tr><th>Bodenbefestigung</th><td>ja, Befestigungslöcher (Typ B)</td></tr><tr><th>Zertifizierung</th><td>EHEDG; 3-A 88-01; DGUV; FDA-konforme Dichtungen</td></tr><tr><th>Varianten laut Hersteller</th><td>2</td></tr></tbody></table><p>Technische Angaben nach Herstellerunterlagen, ohne Gewähr. Passende Ausführung, Preis und Lieferzeit nennen wir Ihnen auf Anfrage.</p>",taxable,1,,"Hygienefüße, Füße mit Bodenbefestigung",,Elesa+Ganter,Anwendung,Maschine / Anlage,1,1,Funktion,"Höhenverstellung, Hygiene-Anforderungen, Bodenbefestigung",1,1,Bauform,Stellfuß,1,1,Material,Edelstahl,1,1,Gewinde,M24,1,1,Bodenbefestigung,ja,1,1,Durchmesser,80 mm,1,0,,,,,,,,,1,vergleich
simple,BF-V-52A988A2,Elesa+Ganter LMHD.F-100-SST-M16,1,0,visible,"Hygiene-Stellfuß mit Bodenbefestigungslöchern, EHEDG-zertifiziert. Preis und Lieferzeit auf Anfrage.","<p>Hygiene-Stellfuß mit Bodenbefestigungslöchern, EHEDG-zertifiziert.</p><table><tbody><tr><th>Hersteller</th><td>Elesa+Ganter</td></tr><tr><th>Serie / Artikel</th><td>LMHD.F-100-SST-M16</td></tr><tr><th>Maß / Ø (mm)</th><td>100</td></tr><tr><th>Material</th><td>Edelstahl AISI 304 feingedreht; blaue FDA-konforme Dichtungen NBR/TPU/H-NBR/Silikon</td></tr><tr><th>Gewinde / Anschluss</th><td>M16</td></tr><tr><th>Traglast (N)</th><td>30000</td></tr><tr><th>Bodenbefestigung</th><td>ja, Löcher im Teller (Schrauben NTHD-SST)</td></tr><tr><th>Zertifizierung</th><td>EHEDG; FDA-konforme Dichtungen</td></tr><tr><th>Varianten laut Hersteller</th><td>2</td></tr></tbody></table><p>Technische Angaben nach Herstellerunterlagen, ohne Gewähr. Passende Ausführung, Preis und Lieferzeit nennen wir Ihnen auf Anfrage.</p>",taxable,1,,"Hygienefüße, Füße mit Bodenbefestigung",,Elesa+Ganter,Anwendung,Maschine / Anlage,1,1,Funktion,"Höhenverstellung, Hygiene-Anforderungen, Bodenbefestigung, Hohe Traglast",1,1,Bauform,Stellfuß,1,1,Material,Edelstahl,1,1,Gewinde,M16,1,1,Bodenbefestigung,ja,1,1,Traglast,30000 N,1,0,Durchmesser,100 mm,1,0,,,,,1,vergleich
simple,BF-V-46C4E7A9,Elesa+Ganter LMHD.F-100-SST-M20,1,0,visible,"Hygiene-Stellfuß mit Bodenbefestigungslöchern, EHEDG-zertifiziert. Preis und Lieferzeit auf Anfrage.","<p>Hygiene-Stellfuß mit Bodenbefestigungslöchern, EHEDG-zertifiziert.</p><table><tbody><tr><th>Hersteller</th><td>Elesa+Ganter</td></tr><tr><th>Serie / Artikel</th><td>LMHD.F-100-SST-M20</td></tr><tr><th>Maß / Ø (mm)</th><td>100</td></tr><tr><th>Material</th><td>Edelstahl AISI 304 feingedreht; blaue FDA-konforme Dichtungen NBR/TPU/H-NBR/Silikon</td></tr><tr><th>Gewinde / Anschluss</th><td>M20</td></tr><tr><th>Traglast (N)</th><td>47000</td></tr><tr><th>Bodenbefestigung</th><td>ja, Löcher im Teller (Schrauben NTHD-SST)</td></tr><tr><th>Zertifizierung</th><td>EHEDG; FDA-konforme Dichtungen</td></tr><tr><th>Varianten laut Hersteller</th><td>2</td></tr></tbody></table><p>Technische Angaben nach Herstellerunterlagen, ohne Gewähr. Passende Ausführung, Preis und Lieferzeit nennen wir Ihnen auf Anfrage.</p>",taxable,1,,"Hygienefüße, Füße mit Bodenbefestigung",,Elesa+Ganter,Anwendung,Maschine / Anlage,1,1,Funktion,"Höhenverstellung, Hygiene-Anforderungen, Bodenbefestigung, Hohe Traglast",1,1,Bauform,Stellfuß,1,1,Material,Edelstahl,1,1,Gewinde,M20,1,1,Bodenbefestigung,ja,1,1,Traglast,47000 N,1,0,Durchmesser,100 mm,1,0,,,,,1,vergleich
simple,BF-V-DE2EB173,Elesa+Ganter LMHD.F-100-SST-M24,1,0,visible,"Hygiene-Stellfuß mit Bodenbefestigungslöchern, EHEDG-zertifiziert. Preis und Lieferzeit auf Anfrage.","<p>Hygiene-Stellfuß mit Bodenbefestigungslöchern, EHEDG-zertifiziert.</p><table><tbody><tr><th>Hersteller</th><td>Elesa+Ganter</td></tr><tr><th>Serie / Artikel</th><td>LMHD.F-100-SST-M24</td></tr><tr><th>Maß / Ø (mm)</th><td>100</td></tr><tr><th>Material</th><td>Edelstahl AISI 304 feingedreht; blaue FDA-konforme Dichtungen NBR/TPU/H-NBR/Silikon</td></tr><tr><th>Gewinde / Anschluss</th><td>M24</td></tr><tr><th>Traglast (N)</th><td>67000</td></tr><tr><th>Bodenbefestigung</th><td>ja, Löcher im Teller (Schrauben NTHD-SST)</td></tr><tr><th>Zertifizierung</th><td>EHEDG; FDA-konforme Dichtungen</td></tr><tr><th>Varianten laut Hersteller</th><td>2</td></tr></tbody></table><p>Technische Angaben nach Herstellerunterlagen, ohne Gewähr. Passende Ausführung, Preis und Lieferzeit nennen wir Ihnen auf Anfrage.</p>",taxable,1,,"Hygienefüße, Füße mit Bodenbefestigung",,Elesa+Ganter,Anwendung,Maschine / Anlage,1,1,Funktion,"Höhenverstellung, Hygiene-Anforderungen, Bodenbefestigung, Hohe Traglast",1,1,Bauform,Stellfuß,1,1,Material,Edelstahl,1,1,Gewinde,M24,1,1,Bodenbefestigung,ja,1,1,Traglast,67000 N,1,0,Durchmesser,100 mm,1,0,,,,,1,vergleich
simple,BF-V-C56886E5,Elesa+Ganter LMHD.F-120-SST-M16,1,0,visible,"Hygiene-Stellfuß mit Bodenbefestigungslöchern, EHEDG-zertifiziert. Preis und Lieferzeit auf Anfrage.","<p>Hygiene-Stellfuß mit Bodenbefestigungslöchern, EHEDG-zertifiziert.</p><table><tbody><tr><th>Hersteller</th><td>Elesa+Ganter</td></tr><tr><th>Serie / Artikel</th><td>LMHD.F-120-SST-M16</td></tr><tr><th>Maß / Ø (mm)</th><td>120</td></tr><tr><th>Material</th><td>Edelstahl AISI 304 feingedreht; blaue FDA-konforme Dichtungen NBR/TPU/H-NBR/Silikon</td></tr><tr><th>Gewinde / Anschluss</th><td>M16</td></tr><tr><th>Traglast (N)</th><td>30000</td></tr><tr><th>Bodenbefestigung</th><td>ja, Löcher im Teller (Schrauben NTHD-SST)</td></tr><tr><th>Zertifizierung</th><td>EHEDG; FDA-konforme Dichtungen</td></tr><tr><th>Varianten laut Hersteller</th><td>2</td></tr></tbody></table><p>Technische Angaben nach Herstellerunterlagen, ohne Gewähr. Passende Ausführung, Preis und Lieferzeit nennen wir Ihnen auf Anfrage.</p>",taxable,1,,"Hygienefüße, Füße mit Bodenbefestigung",,Elesa+Ganter,Anwendung,Maschine / Anlage,1,1,Funktion,"Höhenverstellung, Hygiene-Anforderungen, Bodenbefestigung, Hohe Traglast",1,1,Bauform,Stellfuß,1,1,Material,Edelstahl,1,1,Gewinde,M16,1,1,Bodenbefestigung,ja,1,1,Traglast,30000 N,1,0,Durchmesser,120 mm,1,0,,,,,1,vergleich
simple,BF-V-78023E61,Elesa+Ganter LMHD.F-120-SST-M20,1,0,visible,"Hygiene-Stellfuß mit Bodenbefestigungslöchern, EHEDG-zertifiziert. Preis und Lieferzeit auf Anfrage.","<p>Hygiene-Stellfuß mit Bodenbefestigungslöchern, EHEDG-zertifiziert.</p><table><tbody><tr><th>Hersteller</th><td>Elesa+Ganter</td></tr><tr><th>Serie / Artikel</th><td>LMHD.F-120-SST-M20</td></tr><tr><th>Maß / Ø (mm)</th><td>120</td></tr><tr><th>Material</th><td>Edelstahl AISI 304 feingedreht; blaue FDA-konforme Dichtungen NBR/TPU/H-NBR/Silikon</td></tr><tr><th>Gewinde / Anschluss</th><td>M20</td></tr><tr><th>Traglast (N)</th><td>47000</td></tr><tr><th>Bodenbefestigung</th><td>ja, Löcher im Teller (Schrauben NTHD-SST)</td></tr><tr><th>Zertifizierung</th><td>EHEDG; FDA-konforme Dichtungen</td></tr><tr><th>Varianten laut Hersteller</th><td>2</td></tr></tbody></table><p>Technische Angaben nach Herstellerunterlagen, ohne Gewähr. Passende Ausführung, Preis und Lieferzeit nennen wir Ihnen auf Anfrage.</p>",taxable,1,,"Hygienefüße, Füße mit Bodenbefestigung",,Elesa+Ganter,Anwendung,Maschine / Anlage,1,1,Funktion,"Höhenverstellung, Hygiene-Anforderungen, Bodenbefestigung, Hohe Traglast",1,1,Bauform,Stellfuß,1,1,Material,Edelstahl,1,1,Gewinde,M20,1,1,Bodenbefestigung,ja,1,1,Traglast,47000 N,1,0,Durchmesser,120 mm,1,0,,,,,1,vergleich
simple,BF-V-5420D082,Elesa+Ganter LMHD.F-120-SST-M24,1,0,visible,"Hygiene-Stellfuß mit Bodenbefestigungslöchern, EHEDG-zertifiziert. Preis und Lieferzeit auf Anfrage.","<p>Hygiene-Stellfuß mit Bodenbefestigungslöchern, EHEDG-zertifiziert.</p><table><tbody><tr><th>Hersteller</th><td>Elesa+Ganter</td></tr><tr><th>Serie / Artikel</th><td>LMHD.F-120-SST-M24</td></tr><tr><th>Maß / Ø (mm)</th><td>120</td></tr><tr><th>Material</th><td>Edelstahl AISI 304 feingedreht; blaue FDA-konforme Dichtungen NBR/TPU/H-NBR/Silikon</td></tr><tr><th>Gewinde / Anschluss</th><td>M24</td></tr><tr><th>Traglast (N)</th><td>67000</td></tr><tr><th>Bodenbefestigung</th><td>ja, Löcher im Teller (Schrauben NTHD-SST)</td></tr><tr><th>Zertifizierung</th><td>EHEDG; FDA-konforme Dichtungen</td></tr><tr><th>Varianten laut Hersteller</th><td>2</td></tr></tbody></table><p>Technische Angaben nach Herstellerunterlagen, ohne Gewähr. Passende Ausführung, Preis und Lieferzeit nennen wir Ihnen auf Anfrage.</p>",taxable,1,,"Hygienefüße, Füße mit Bodenbefestigung",,Elesa+Ganter,Anwendung,Maschine / Anlage,1,1,Funktion,"Höhenverstellung, Hygiene-Anforderungen, Bodenbefestigung, Hohe Traglast",1,1,Bauform,Stellfuß,1,1,Material,Edelstahl,1,1,Gewinde,M24,1,1,Bodenbefestigung,ja,1,1,Traglast,67000 N,1,0,Durchmesser,120 mm,1,0,,,,,1,vergleich
simple,BF-V-BF65964E,"Martin Levelling Tekno-Hygienic 3A, massiv vulkanisiert Bolt-Down",1,0,visible,Edelstahl-Hygienefuß nach 3-A für Molkerei und Pharma. Preis und Lieferzeit auf Anfrage.,"<p>Edelstahl-Hygienefuß nach 3-A für Molkerei und Pharma.</p><table><tbody><tr><th>Hersteller</th><td>Martin Levelling</td></tr><tr><th>Serie / Artikel</th><td>Tekno-Hygienic 3A, massiv vulkanisiert Bolt-Down</td></tr><tr><th>Maß / Ø (mm)</th><td>100/120/150</td></tr><tr><th>Material</th><td>Edelstahl (Inox)</td></tr><tr><th>Gewinde / Anschluss</th><td>M16/M20/M24/M30/M36</td></tr><tr><th>Bodenbefestigung</th><td>ja, Bolt-Down</td></tr><tr><th>Zertifizierung</th><td>3-A</td></tr></tbody></table><p>Technische Angaben nach Herstellerunterlagen, ohne Gewähr. Passende Ausführung, Preis und Lieferzeit nennen wir Ihnen auf Anfrage.</p>",taxable,1,,"Hygienefüße, Füße mit Bodenbefestigung",,Martin Levelling,Anwendung,Maschine / Anlage,1,1,Funktion,"Höhenverstellung, Hygiene-Anforderungen, Bodenbefestigung",1,1,Bauform,Stellfuß,1,1,Material,Edelstahl,1,1,Gewinde,"M16, M20, M24, M30, M36",1,1,Bodenbefestigung,ja,1,1,Durchmesser,100/120/150 mm,1,0,,,,,,,,,1,vergleich
simple,BF-V-90CACDD0,"Martin Levelling Tekno-Hygienic 3A, massiver Teller Bolt-Down",1,0,visible,Edelstahl-Hygienefuß nach 3-A für Molkerei und Pharma. Preis und Lieferzeit auf Anfrage.,"<p>Edelstahl-Hygienefuß nach 3-A für Molkerei und Pharma.</p><table><tbody><tr><th>Hersteller</th><td>Martin Levelling</td></tr><tr><th>Serie / Artikel</th><td>Tekno-Hygienic 3A, massiver Teller Bolt-Down</td></tr><tr><th>Maß / Ø (mm)</th><td>100/120/150</td></tr><tr><th>Material</th><td>Edelstahl (Inox)</td></tr><tr><th>Gewinde / Anschluss</th><td>M16/M20/M24/M30/M36</td></tr><tr><th>Traglast (N)</th><td>40000</td></tr><tr><th>Bodenbefestigung</th><td>ja, Bolt-Down</td></tr><tr><th>Zertifizierung</th><td>3-A</td></tr></tbody></table><p>Technische Angaben nach Herstellerunterlagen, ohne Gewähr. Passende Ausführung, Preis und Lieferzeit nennen wir Ihnen auf Anfrage.</p>",taxable,1,,"Hygienefüße, Füße mit Bodenbefestigung",,Martin Levelling,Anwendung,Maschine / Anlage,1,1,Funktion,"Höhenverstellung, Hygiene-Anforderungen, Bodenbefestigung, Hohe Traglast",1,1,Bauform,Stellfuß,1,1,Material,Edelstahl,1,1,Gewinde,"M16, M20, M24, M30, M36",1,1,Bodenbefestigung,ja,1,1,Traglast,40000 N,1,0,Durchmesser,100/120/150 mm,1,0,,,,,1,vergleich
simple,BF-V-EDEEC214,Ngi A/S XHFJ,1,0,visible,"Hygienefuß großer Verstellweg, zwei Befestigungslöcher. Preis und Lieferzeit auf Anfrage.","<p>Hygienefuß großer Verstellweg, zwei Befestigungslöcher.</p><table><tbody><tr><th>Hersteller</th><td>Ngi A/S</td></tr><tr><th>Serie / Artikel</th><td>XHFJ</td></tr><tr><th>Maß / Ø (mm)</th><td>105/125</td></tr><tr><th>Material</th><td>Edelstahl AISI 304 (optional AISI 316); Fußgummi NBR; Dichtringe Silikon blau</td></tr><tr><th>Gewinde / Anschluss</th><td>M44x2</td></tr><tr><th>Traglast (N)</th><td>95500</td></tr><tr><th>Bodenbefestigung</th><td>ja, zwei Löcher</td></tr><tr><th>Zertifizierung</th><td>3-A 88-00; USDA Dairy</td></tr><tr><th>Varianten laut Hersteller</th><td>2</td></tr></tbody></table><p>Technische Angaben nach Herstellerunterlagen, ohne Gewähr. Passende Ausführung, Preis und Lieferzeit nennen wir Ihnen auf Anfrage.</p>",taxable,1,,"Hygienefüße, Füße mit Bodenbefestigung",,Ngi A/S,Anwendung,Maschine / Anlage,1,1,Funktion,"Höhenverstellung, Hygiene-Anforderungen, Bodenbefestigung, Hohe Traglast",1,1,Bauform,Stellfuß,1,1,Material,Edelstahl,1,1,Gewinde,M44,1,1,Bodenbefestigung,ja,1,1,Traglast,95500 N,1,0,Durchmesser,105/125 mm,1,0,,,,,1,vergleich
simple,BF-V-1FF6F134,Ngi A/S XHJS / XHJGS16155+215,1,0,visible,Massiver Hygienefuß mit zwei Bodenbefestigungslöchern. Preis und Lieferzeit auf Anfrage.,"<p>Massiver Hygienefuß mit zwei Bodenbefestigungslöchern.</p><table><tbody><tr><th>Hersteller</th><td>Ngi A/S</td></tr><tr><th>Serie / Artikel</th><td>XHJS / XHJGS16155+215</td></tr><tr><th>Maß / Ø (mm)</th><td>105/125/150</td></tr><tr><th>Material</th><td>Edelstahl AISI 304 (optional AISI 316); Fußgummi NBR; Dichtringe Silikon blau</td></tr><tr><th>Gewinde / Anschluss</th><td>M16</td></tr><tr><th>Traglast (N)</th><td>110000</td></tr><tr><th>Bodenbefestigung</th><td>ja, zwei Löcher (Hygienescheiben inkl.)</td></tr><tr><th>Zertifizierung</th><td>3-A 88-00; USDA Dairy</td></tr><tr><th>Varianten laut Hersteller</th><td>6</td></tr></tbody></table><p>Technische Angaben nach Herstellerunterlagen, ohne Gewähr. Passende Ausführung, Preis und Lieferzeit nennen wir Ihnen auf Anfrage.</p>",taxable,1,,"Hygienefüße, Füße mit Bodenbefestigung",,Ngi A/S,Anwendung,Maschine / Anlage,1,1,Funktion,"Höhenverstellung, Hygiene-Anforderungen, Bodenbefestigung, Hohe Traglast",1,1,Bauform,Stellfuß,1,1,Material,Edelstahl,1,1,Gewinde,M16,1,1,Bodenbefestigung,ja,1,1,Traglast,110000 N,1,0,Durchmesser,105/125/150 mm,1,0,,,,,1,vergleich
simple,BF-V-90FCC355,Ngi A/S XHJS / XHJGS20155+215,1,0,visible,Massiver Hygienefuß mit zwei Bodenbefestigungslöchern. Preis und Lieferzeit auf Anfrage.,"<p>Massiver Hygienefuß mit zwei Bodenbefestigungslöchern.</p><table><tbody><tr><th>Hersteller</th><td>Ngi A/S</td></tr><tr><th>Serie / Artikel</th><td>XHJS / XHJGS20155+215</td></tr><tr><th>Maß / Ø (mm)</th><td>105/125/150</td></tr><tr><th>Material</th><td>Edelstahl AISI 304 (optional AISI 316); Fußgummi NBR; Dichtringe Silikon blau</td></tr><tr><th>Gewinde / Anschluss</th><td>M20</td></tr><tr><th>Traglast (N)</th><td>110000</td></tr><tr><th>Bodenbefestigung</th><td>ja, zwei Löcher (Hygienescheiben inkl.)</td></tr><tr><th>Zertifizierung</th><td>3-A 88-00; USDA Dairy</td></tr><tr><th>Varianten laut Hersteller</th><td>6</td></tr></tbody></table><p>Technische Angaben nach Herstellerunterlagen, ohne Gewähr. Passende Ausführung, Preis und Lieferzeit nennen wir Ihnen auf Anfrage.</p>",taxable,1,,"Hygienefüße, Füße mit Bodenbefestigung",,Ngi A/S,Anwendung,Maschine / Anlage,1,1,Funktion,"Höhenverstellung, Hygiene-Anforderungen, Bodenbefestigung, Hohe Traglast",1,1,Bauform,Stellfuß,1,1,Material,Edelstahl,1,1,Gewinde,M20,1,1,Bodenbefestigung,ja,1,1,Traglast,110000 N,1,0,Durchmesser,105/125/150 mm,1,0,,,,,1,vergleich
simple,BF-V-55E19136,Ngi A/S XHJS / XHJGS24155+215,1,0,visible,Massiver Hygienefuß mit zwei Bodenbefestigungslöchern. Preis und Lieferzeit auf Anfrage.,"<p>Massiver Hygienefuß mit zwei Bodenbefestigungslöchern.</p><table><tbody><tr><th>Hersteller</th><td>Ngi A/S</td></tr><tr><th>Serie / Artikel</th><td>XHJS / XHJGS24155+215</td></tr><tr><th>Maß / Ø (mm)</th><td>105/125/150</td></tr><tr><th>Material</th><td>Edelstahl AISI 304 (optional AISI 316); Fußgummi NBR; Dichtringe Silikon blau</td></tr><tr><th>Gewinde / Anschluss</th><td>M24</td></tr><tr><th>Traglast (N)</th><td>110000</td></tr><tr><th>Bodenbefestigung</th><td>ja, zwei Löcher (Hygienescheiben inkl.)</td></tr><tr><th>Zertifizierung</th><td>3-A 88-00; USDA Dairy</td></tr><tr><th>Varianten laut Hersteller</th><td>6</td></tr></tbody></table><p>Technische Angaben nach Herstellerunterlagen, ohne Gewähr. Passende Ausführung, Preis und Lieferzeit nennen wir Ihnen auf Anfrage.</p>",taxable,1,,"Hygienefüße, Füße mit Bodenbefestigung",,Ngi A/S,Anwendung,Maschine / Anlage,1,1,Funktion,"Höhenverstellung, Hygiene-Anforderungen, Bodenbefestigung, Hohe Traglast",1,1,Bauform,Stellfuß,1,1,Material,Edelstahl,1,1,Gewinde,M24,1,1,Bodenbefestigung,ja,1,1,Traglast,110000 N,1,0,Durchmesser,105/125/150 mm,1,0,,,,,1,vergleich
simple,BF-V-EF110A5D,Ngi A/S XHJS / XHJGS30155+215,1,0,visible,Massiver Hygienefuß mit zwei Bodenbefestigungslöchern. Preis und Lieferzeit auf Anfrage.,"<p>Massiver Hygienefuß mit zwei Bodenbefestigungslöchern.</p><table><tbody><tr><th>Hersteller</th><td>Ngi A/S</td></tr><tr><th>Serie / Artikel</th><td>XHJS / XHJGS30155+215</td></tr><tr><th>Maß / Ø (mm)</th><td>105/125/150</td></tr><tr><th>Material</th><td>Edelstahl AISI 304 (optional AISI 316); Fußgummi NBR; Dichtringe Silikon blau</td></tr><tr><th>Gewinde / Anschluss</th><td>M30</td></tr><tr><th>Traglast (N)</th><td>110000</td></tr><tr><th>Bodenbefestigung</th><td>ja, zwei Löcher (Hygienescheiben inkl.)</td></tr><tr><th>Zertifizierung</th><td>3-A 88-00; USDA Dairy</td></tr><tr><th>Varianten laut Hersteller</th><td>6</td></tr></tbody></table><p>Technische Angaben nach Herstellerunterlagen, ohne Gewähr. Passende Ausführung, Preis und Lieferzeit nennen wir Ihnen auf Anfrage.</p>",taxable,1,,"Hygienefüße, Füße mit Bodenbefestigung",,Ngi A/S,Anwendung,Maschine / Anlage,1,1,Funktion,"Höhenverstellung, Hygiene-Anforderungen, Bodenbefestigung, Hohe Traglast",1,1,Bauform,Stellfuß,1,1,Material,Edelstahl,1,1,Gewinde,M30,1,1,Bodenbefestigung,ja,1,1,Traglast,110000 N,1,0,Durchmesser,105/125/150 mm,1,0,,,,,1,vergleich
simple,BF-V-00C9EBB9,Ngi A/S XHJS / XHJGS36155+215,1,0,visible,Massiver Hygienefuß mit zwei Bodenbefestigungslöchern. Preis und Lieferzeit auf Anfrage.,"<p>Massiver Hygienefuß mit zwei Bodenbefestigungslöchern.</p><table><tbody><tr><th>Hersteller</th><td>Ngi A/S</td></tr><tr><th>Serie / Artikel</th><td>XHJS / XHJGS36155+215</td></tr><tr><th>Maß / Ø (mm)</th><td>105/125/150</td></tr><tr><th>Material</th><td>Edelstahl AISI 304 (optional AISI 316); Fußgummi NBR; Dichtringe Silikon blau</td></tr><tr><th>Gewinde / Anschluss</th><td>M36</td></tr><tr><th>Traglast (N)</th><td>110000</td></tr><tr><th>Bodenbefestigung</th><td>ja, zwei Löcher (Hygienescheiben inkl.)</td></tr><tr><th>Zertifizierung</th><td>3-A 88-00; USDA Dairy</td></tr><tr><th>Varianten laut Hersteller</th><td>6</td></tr></tbody></table><p>Technische Angaben nach Herstellerunterlagen, ohne Gewähr. Passende Ausführung, Preis und Lieferzeit nennen wir Ihnen auf Anfrage.</p>",taxable,1,,"Hygienefüße, Füße mit Bodenbefestigung",,Ngi A/S,Anwendung,Maschine / Anlage,1,1,Funktion,"Höhenverstellung, Hygiene-Anforderungen, Bodenbefestigung, Hohe Traglast",1,1,Bauform,Stellfuß,1,1,Material,Edelstahl,1,1,Gewinde,M36,1,1,Bodenbefestigung,ja,1,1,Traglast,110000 N,1,0,Durchmesser,105/125/150 mm,1,0,,,,,1,vergleich
simple,BF-V-E9D2E9F7,Ngi A/S XHS Fixing / XHS16155+215,1,0,visible,Hygienefuß mit Befestigungsplatte und hygienischer Unterlegscheibe. Preis und Lieferzeit auf Anfrage.,"<p>Hygienefuß mit Befestigungsplatte und hygienischer Unterlegscheibe.</p><table><tbody><tr><th>Hersteller</th><td>Ngi A/S</td></tr><tr><th>Serie / Artikel</th><td>XHS Fixing / XHS16155+215</td></tr><tr><th>Maß / Ø (mm)</th><td>66/81/106</td></tr><tr><th>Material</th><td>Edelstahl AISI 304 (optional AISI 316); Fußgummi NBR; Dichtringe Silikon blau</td></tr><tr><th>Gewinde / Anschluss</th><td>M16</td></tr><tr><th>Traglast (N)</th><td>30800</td></tr><tr><th>Bodenbefestigung</th><td>ja, Befestigungsplatte (Hygienescheibe inkl.)</td></tr><tr><th>Zertifizierung</th><td>3-A 88-00; USDA Dairy; EHEDG Typ EL Class I</td></tr><tr><th>Varianten laut Hersteller</th><td>6</td></tr></tbody></table><p>Technische Angaben nach Herstellerunterlagen, ohne Gewähr. Passende Ausführung, Preis und Lieferzeit nennen wir Ihnen auf Anfrage.</p>",taxable,1,,"Hygienefüße, Füße mit Bodenbefestigung",,Ngi A/S,Anwendung,Maschine / Anlage,1,1,Funktion,"Höhenverstellung, Hygiene-Anforderungen, Bodenbefestigung, Hohe Traglast",1,1,Bauform,Stellfuß,1,1,Material,Edelstahl,1,1,Gewinde,M16,1,1,Bodenbefestigung,ja,1,1,Traglast,30800 N,1,0,Durchmesser,66/81/106 mm,1,0,,,,,1,vergleich
simple,BF-V-7973BA46,Ngi A/S XHS Fixing / XHS20155+215,1,0,visible,Hygienefuß mit Befestigungsplatte und hygienischer Unterlegscheibe. Preis und Lieferzeit auf Anfrage.,"<p>Hygienefuß mit Befestigungsplatte und hygienischer Unterlegscheibe.</p><table><tbody><tr><th>Hersteller</th><td>Ngi A/S</td></tr><tr><th>Serie / Artikel</th><td>XHS Fixing / XHS20155+215</td></tr><tr><th>Maß / Ø (mm)</th><td>66/81/106</td></tr><tr><th>Material</th><td>Edelstahl AISI 304 (optional AISI 316); Fußgummi NBR; Dichtringe Silikon blau</td></tr><tr><th>Gewinde / Anschluss</th><td>M20</td></tr><tr><th>Traglast (N)</th><td>48200</td></tr><tr><th>Bodenbefestigung</th><td>ja, Befestigungsplatte (Hygienescheibe inkl.)</td></tr><tr><th>Zertifizierung</th><td>3-A 88-00; USDA Dairy; EHEDG Typ EL Class I</td></tr><tr><th>Varianten laut Hersteller</th><td>6</td></tr></tbody></table><p>Technische Angaben nach Herstellerunterlagen, ohne Gewähr. Passende Ausführung, Preis und Lieferzeit nennen wir Ihnen auf Anfrage.</p>",taxable,1,,"Hygienefüße, Füße mit Bodenbefestigung",,Ngi A/S,Anwendung,Maschine / Anlage,1,1,Funktion,"Höhenverstellung, Hygiene-Anforderungen, Bodenbefestigung, Hohe Traglast",1,1,Bauform,Stellfuß,1,1,Material,Edelstahl,1,1,Gewinde,M20,1,1,Bodenbefestigung,ja,1,1,Traglast,48200 N,1,0,Durchmesser,66/81/106 mm,1,0,,,,,1,vergleich
simple,BF-V-E1177F04,Ngi A/S XHS Fixing / XHS24155+215,1,0,visible,Hygienefuß mit Befestigungsplatte und hygienischer Unterlegscheibe. Preis und Lieferzeit auf Anfrage.,"<p>Hygienefuß mit Befestigungsplatte und hygienischer Unterlegscheibe.</p><table><tbody><tr><th>Hersteller</th><td>Ngi A/S</td></tr><tr><th>Serie / Artikel</th><td>XHS Fixing / XHS24155+215</td></tr><tr><th>Maß / Ø (mm)</th><td>66/81/106</td></tr><tr><th>Material</th><td>Edelstahl AISI 304 (optional AISI 316); Fußgummi NBR; Dichtringe Silikon blau</td></tr><tr><th>Gewinde / Anschluss</th><td>M24</td></tr><tr><th>Traglast (N)</th><td>69200</td></tr><tr><th>Bodenbefestigung</th><td>ja, Befestigungsplatte (Hygienescheibe inkl.)</td></tr><tr><th>Zertifizierung</th><td>3-A 88-00; USDA Dairy; EHEDG Typ EL Class I</td></tr><tr><th>Varianten laut Hersteller</th><td>6</td></tr></tbody></table><p>Technische Angaben nach Herstellerunterlagen, ohne Gewähr. Passende Ausführung, Preis und Lieferzeit nennen wir Ihnen auf Anfrage.</p>",taxable,1,,"Hygienefüße, Füße mit Bodenbefestigung",,Ngi A/S,Anwendung,Maschine / Anlage,1,1,Funktion,"Höhenverstellung, Hygiene-Anforderungen, Bodenbefestigung, Hohe Traglast",1,1,Bauform,Stellfuß,1,1,Material,Edelstahl,1,1,Gewinde,M24,1,1,Bodenbefestigung,ja,1,1,Traglast,69200 N,1,0,Durchmesser,66/81/106 mm,1,0,,,,,1,vergleich
simple,BF-V-078D1385,Ngi A/S XHS Fixing / XHS30155+215,1,0,visible,Hygienefuß mit Befestigungsplatte und hygienischer Unterlegscheibe. Preis und Lieferzeit auf Anfrage.,"<p>Hygienefuß mit Befestigungsplatte und hygienischer Unterlegscheibe.</p><table><tbody><tr><th>Hersteller</th><td>Ngi A/S</td></tr><tr><th>Serie / Artikel</th><td>XHS Fixing / XHS30155+215</td></tr><tr><th>Maß / Ø (mm)</th><td>66/81/106</td></tr><tr><th>Material</th><td>Edelstahl AISI 304 (optional AISI 316); Fußgummi NBR; Dichtringe Silikon blau</td></tr><tr><th>Gewinde / Anschluss</th><td>M30</td></tr><tr><th>Traglast (N)</th><td>110200</td></tr><tr><th>Bodenbefestigung</th><td>ja, Befestigungsplatte (Hygienescheibe inkl.)</td></tr><tr><th>Zertifizierung</th><td>3-A 88-00; USDA Dairy; EHEDG Typ EL Class I</td></tr><tr><th>Varianten laut Hersteller</th><td>6</td></tr></tbody></table><p>Technische Angaben nach Herstellerunterlagen, ohne Gewähr. Passende Ausführung, Preis und Lieferzeit nennen wir Ihnen auf Anfrage.</p>",taxable,1,,"Hygienefüße, Füße mit Bodenbefestigung",,Ngi A/S,Anwendung,Maschine / Anlage,1,1,Funktion,"Höhenverstellung, Hygiene-Anforderungen, Bodenbefestigung, Hohe Traglast",1,1,Bauform,Stellfuß,1,1,Material,Edelstahl,1,1,Gewinde,M30,1,1,Bodenbefestigung,ja,1,1,Traglast,110200 N,1,0,Durchmesser,66/81/106 mm,1,0,,,,,1,vergleich
simple,BF-V-F857A58D,Ngi A/S XHS Fixing / XHS36155+215,1,0,visible,Hygienefuß mit Befestigungsplatte und hygienischer Unterlegscheibe. Preis und Lieferzeit auf Anfrage.,"<p>Hygienefuß mit Befestigungsplatte und hygienischer Unterlegscheibe.</p><table><tbody><tr><th>Hersteller</th><td>Ngi A/S</td></tr><tr><th>Serie / Artikel</th><td>XHS Fixing / XHS36155+215</td></tr><tr><th>Maß / Ø (mm)</th><td>66/81/106</td></tr><tr><th>Material</th><td>Edelstahl AISI 304 (optional AISI 316); Fußgummi NBR; Dichtringe Silikon blau</td></tr><tr><th>Gewinde / Anschluss</th><td>M36</td></tr><tr><th>Traglast (N)</th><td>160200</td></tr><tr><th>Bodenbefestigung</th><td>ja, Befestigungsplatte (Hygienescheibe inkl.)</td></tr><tr><th>Zertifizierung</th><td>3-A 88-00; USDA Dairy; EHEDG Typ EL Class I</td></tr><tr><th>Varianten laut Hersteller</th><td>6</td></tr></tbody></table><p>Technische Angaben nach Herstellerunterlagen, ohne Gewähr. Passende Ausführung, Preis und Lieferzeit nennen wir Ihnen auf Anfrage.</p>",taxable,1,,"Hygienefüße, Füße mit Bodenbefestigung",,Ngi A/S,Anwendung,Maschine / Anlage,1,1,Funktion,"Höhenverstellung, Hygiene-Anforderungen, Bodenbefestigung, Hohe Traglast",1,1,Bauform,Stellfuß,1,1,Material,Edelstahl,1,1,Gewinde,M36,1,1,Bodenbefestigung,ja,1,1,Traglast,160200 N,1,0,Durchmesser,66/81/106 mm,1,0,,,,,1,vergleich
simple,BF-V-CA99535F,NHK Group ApS HSF99-EHEDG-M36-L175,1,0,visible,Massiver Edelstahl-Hygienefuß mit gekapselter A2-Spindel. Preis und Lieferzeit auf Anfrage.,"<p>Massiver Edelstahl-Hygienefuß mit gekapselter A2-Spindel.</p><table><tbody><tr><th>Hersteller</th><td>NHK Group ApS</td></tr><tr><th>Serie / Artikel</th><td>HSF99-EHEDG-M36-L175</td></tr><tr><th>Maß / Ø (mm)</th><td>98</td></tr><tr><th>Material</th><td>Edelstahl 1.4301; Spindel A2-70; NBR-Pad blau (FDA)</td></tr><tr><th>Gewinde / Anschluss</th><td>M36</td></tr><tr><th>Traglast (N)</th><td>110000</td></tr><tr><th>Bodenbefestigung</th><td>ja, zwei Bodenlöcher</td></tr><tr><th>Zertifizierung</th><td>EHEDG; FDA-Pad (21 CFR 177.2600)</td></tr></tbody></table><p>Technische Angaben nach Herstellerunterlagen, ohne Gewähr. Passende Ausführung, Preis und Lieferzeit nennen wir Ihnen auf Anfrage.</p>",taxable,1,,"Hygienefüße, Füße mit Bodenbefestigung",,NHK Group ApS,Anwendung,Maschine / Anlage,1,1,Funktion,"Höhenverstellung, Hygiene-Anforderungen, Bodenbefestigung, Hohe Traglast",1,1,Bauform,Stellfuß,1,1,Material,Edelstahl,1,1,Gewinde,M36,1,1,Bodenbefestigung,ja,1,1,Traglast,110000 N,1,0,Durchmesser,98 mm,1,0,,,,,1,vergleich
simple,BF-V-0185216D,Blohm B0372 M10,1,0,visible,"Stellfuß mit drehbar gelagerter Spindel, wahlweise Stahl oder Edelstahl. Preis und Lieferzeit auf Anfrage.","<p>Stellfuß mit drehbar gelagerter Spindel, wahlweise Stahl oder Edelstahl.</p><table><tbody><tr><th>Hersteller</th><td>Blohm</td></tr><tr><th>Serie / Artikel</th><td>B0372 M10</td></tr><tr><th>Maß / Ø (mm)</th><td>40/50/60/80</td></tr><tr><th>Material</th><td>Stahl verzinkt oder Edelstahl 1.4301</td></tr><tr><th>Gewinde / Anschluss</th><td>M10</td></tr><tr><th>Traglast (N)</th><td>3000-10000</td></tr><tr><th>Varianten laut Hersteller</th><td>54</td></tr></tbody></table><p>Technische Angaben nach Herstellerunterlagen, ohne Gewähr. Passende Ausführung, Preis und Lieferzeit nennen wir Ihnen auf Anfrage.</p>",taxable,1,,Maschinenfüße,,Blohm,Anwendung,"Maschine / Anlage, Fördertechnik",1,1,Funktion,Höhenverstellung,1,1,Bauform,Stellfuß,1,1,Material,"Edelstahl, Stahl",1,1,Gewinde,M10,1,1,Traglast,3000-10000 N,1,0,Durchmesser,40/50/60/80 mm,1,0,,,,,,,,,1,vergleich
simple,BF-V-DFC3814D,Blohm B0372 M12,1,0,visible,"Stellfuß mit drehbar gelagerter Spindel, wahlweise Stahl oder Edelstahl. Preis und Lieferzeit auf Anfrage.","<p>Stellfuß mit drehbar gelagerter Spindel, wahlweise Stahl oder Edelstahl.</p><table><tbody><tr><th>Hersteller</th><td>Blohm</td></tr><tr><th>Serie / Artikel</th><td>B0372 M12</td></tr><tr><th>Maß / Ø (mm)</th><td>40/50/60/80</td></tr><tr><th>Material</th><td>Stahl verzinkt oder Edelstahl 1.4301</td></tr><tr><th>Gewinde / Anschluss</th><td>M12</td></tr><tr><th>Traglast (N)</th><td>3000-10000</td></tr><tr><th>Varianten laut Hersteller</th><td>70</td></tr></tbody></table><p>Technische Angaben nach Herstellerunterlagen, ohne Gewähr. Passende Ausführung, Preis und Lieferzeit nennen wir Ihnen auf Anfrage.</p>",taxable,1,,Maschinenfüße,,Blohm,Anwendung,"Maschine / Anlage, Fördertechnik",1,1,Funktion,Höhenverstellung,1,1,Bauform,Stellfuß,1,1,Material,"Edelstahl, Stahl",1,1,Gewinde,M12,1,1,Traglast,3000-10000 N,1,0,Durchmesser,40/50/60/80 mm,1,0,,,,,,,,,1,vergleich
simple,BF-V-533974A5,Blohm B0372 M14,1,0,visible,"Stellfuß mit drehbar gelagerter Spindel, wahlweise Stahl oder Edelstahl. Preis und Lieferzeit auf Anfrage.","<p>Stellfuß mit drehbar gelagerter Spindel, wahlweise Stahl oder Edelstahl.</p><table><tbody><tr><th>Hersteller</th><td>Blohm</td></tr><tr><th>Serie / Artikel</th><td>B0372 M14</td></tr><tr><th>Maß / Ø (mm)</th><td>50/60/80</td></tr><tr><th>Material</th><td>Stahl verzinkt oder Edelstahl 1.4301</td></tr><tr><th>Gewinde / Anschluss</th><td>M14</td></tr><tr><th>Traglast (N)</th><td>4000-10000</td></tr><tr><th>Varianten laut Hersteller</th><td>50</td></tr></tbody></table><p>Technische Angaben nach Herstellerunterlagen, ohne Gewähr. Passende Ausführung, Preis und Lieferzeit nennen wir Ihnen auf Anfrage.</p>",taxable,1,,Maschinenfüße,,Blohm,Anwendung,"Maschine / Anlage, Fördertechnik",1,1,Funktion,Höhenverstellung,1,1,Bauform,Stellfuß,1,1,Material,"Edelstahl, Stahl",1,1,Gewinde,M14,1,1,Traglast,4000-10000 N,1,0,Durchmesser,50/60/80 mm,1,0,,,,,,,,,1,vergleich
simple,BF-V-D55D4762,Blohm B0372 M16,1,0,visible,"Stellfuß mit drehbar gelagerter Spindel, wahlweise Stahl oder Edelstahl. Preis und Lieferzeit auf Anfrage.","<p>Stellfuß mit drehbar gelagerter Spindel, wahlweise Stahl oder Edelstahl.</p><table><tbody><tr><th>Hersteller</th><td>Blohm</td></tr><tr><th>Serie / Artikel</th><td>B0372 M16</td></tr><tr><th>Maß / Ø (mm)</th><td>50/60/80/100/120</td></tr><tr><th>Material</th><td>Stahl verzinkt oder Edelstahl 1.4301</td></tr><tr><th>Gewinde / Anschluss</th><td>M16</td></tr><tr><th>Traglast (N)</th><td>4000-30000</td></tr><tr><th>Varianten laut Hersteller</th><td>121</td></tr></tbody></table><p>Technische Angaben nach Herstellerunterlagen, ohne Gewähr. Passende Ausführung, Preis und Lieferzeit nennen wir Ihnen auf Anfrage.</p>",taxable,1,,Maschinenfüße,,Blohm,Anwendung,"Maschine / Anlage, Fördertechnik",1,1,Funktion,Höhenverstellung,1,1,Bauform,Stellfuß,1,1,Material,"Edelstahl, Stahl",1,1,Gewinde,M16,1,1,Traglast,4000-30000 N,1,0,Durchmesser,50/60/80/100/120 mm,1,0,,,,,,,,,1,vergleich
simple,BF-V-33362442,Blohm B0372 M20,1,0,visible,"Stellfuß mit drehbar gelagerter Spindel, wahlweise Stahl oder Edelstahl. Preis und Lieferzeit auf Anfrage.","<p>Stellfuß mit drehbar gelagerter Spindel, wahlweise Stahl oder Edelstahl.</p><table><tbody><tr><th>Hersteller</th><td>Blohm</td></tr><tr><th>Serie / Artikel</th><td>B0372 M20</td></tr><tr><th>Maß / Ø (mm)</th><td>60/80/100/120</td></tr><tr><th>Material</th><td>Stahl verzinkt oder Edelstahl 1.4301</td></tr><tr><th>Gewinde / Anschluss</th><td>M20</td></tr><tr><th>Traglast (N)</th><td>7000-30000</td></tr><tr><th>Varianten laut Hersteller</th><td>118</td></tr></tbody></table><p>Technische Angaben nach Herstellerunterlagen, ohne Gewähr. Passende Ausführung, Preis und Lieferzeit nennen wir Ihnen auf Anfrage.</p>",taxable,1,,Maschinenfüße,,Blohm,Anwendung,"Maschine / Anlage, Fördertechnik",1,1,Funktion,Höhenverstellung,1,1,Bauform,Stellfuß,1,1,Material,"Edelstahl, Stahl",1,1,Gewinde,M20,1,1,Traglast,7000-30000 N,1,0,Durchmesser,60/80/100/120 mm,1,0,,,,,,,,,1,vergleich
simple,BF-V-9638ACD9,Blohm B0372 M24,1,0,visible,"Stellfuß mit drehbar gelagerter Spindel, wahlweise Stahl oder Edelstahl. Preis und Lieferzeit auf Anfrage.","<p>Stellfuß mit drehbar gelagerter Spindel, wahlweise Stahl oder Edelstahl.</p><table><tbody><tr><th>Hersteller</th><td>Blohm</td></tr><tr><th>Serie / Artikel</th><td>B0372 M24</td></tr><tr><th>Maß / Ø (mm)</th><td>80/100/120</td></tr><tr><th>Material</th><td>Stahl verzinkt oder Edelstahl 1.4301</td></tr><tr><th>Gewinde / Anschluss</th><td>M24</td></tr><tr><th>Traglast (N)</th><td>10000-30000</td></tr><tr><th>Varianten laut Hersteller</th><td>68</td></tr></tbody></table><p>Technische Angaben nach Herstellerunterlagen, ohne Gewähr. Passende Ausführung, Preis und Lieferzeit nennen wir Ihnen auf Anfrage.</p>",taxable,1,,Maschinenfüße,,Blohm,Anwendung,"Maschine / Anlage, Fördertechnik",1,1,Funktion,Höhenverstellung,1,1,Bauform,Stellfuß,1,1,Material,"Edelstahl, Stahl",1,1,Gewinde,M24,1,1,Traglast,10000-30000 N,1,0,Durchmesser,80/100/120 mm,1,0,,,,,,,,,1,vergleich
simple,BF-V-734661D5,Blohm B0372 M8,1,0,visible,"Stellfuß mit drehbar gelagerter Spindel, wahlweise Stahl oder Edelstahl. Preis und Lieferzeit auf Anfrage.","<p>Stellfuß mit drehbar gelagerter Spindel, wahlweise Stahl oder Edelstahl.</p><table><tbody><tr><th>Hersteller</th><td>Blohm</td></tr><tr><th>Serie / Artikel</th><td>B0372 M8</td></tr><tr><th>Maß / Ø (mm)</th><td>40</td></tr><tr><th>Material</th><td>Stahl verzinkt oder Edelstahl 1.4301</td></tr><tr><th>Gewinde / Anschluss</th><td>M8</td></tr><tr><th>Traglast (N)</th><td>3000</td></tr><tr><th>Varianten laut Hersteller</th><td>6</td></tr></tbody></table><p>Technische Angaben nach Herstellerunterlagen, ohne Gewähr. Passende Ausführung, Preis und Lieferzeit nennen wir Ihnen auf Anfrage.</p>",taxable,1,,Maschinenfüße,,Blohm,Anwendung,"Maschine / Anlage, Fördertechnik",1,1,Funktion,Höhenverstellung,1,1,Bauform,Stellfuß,1,1,Material,"Edelstahl, Stahl",1,1,Gewinde,M8,1,1,Traglast,3000 N,1,0,Durchmesser,40 mm,1,0,,,,,,,,,1,vergleich
simple,BF-V-2F4ED981,Blohm B0377 M10,1,0,visible,Starrer runder Kunststoff-Stellfuß mit Sechskant zum Verstellen. Preis und Lieferzeit auf Anfrage.,"<p>Starrer runder Kunststoff-Stellfuß mit Sechskant zum Verstellen.</p><table><tbody><tr><th>Hersteller</th><td>Blohm</td></tr><tr><th>Serie / Artikel</th><td>B0377 M10</td></tr><tr><th>Maß / Ø (mm)</th><td>47</td></tr><tr><th>Material</th><td>Polyamid; Schraube Stahl verzinkt</td></tr><tr><th>Gewinde / Anschluss</th><td>M10</td></tr><tr><th>Traglast (N)</th><td>4000</td></tr></tbody></table><p>Technische Angaben nach Herstellerunterlagen, ohne Gewähr. Passende Ausführung, Preis und Lieferzeit nennen wir Ihnen auf Anfrage.</p>",taxable,1,,Maschinenfüße,,Blohm,Anwendung,"Maschine / Anlage, Fördertechnik",1,1,Funktion,Höhenverstellung,1,1,Bauform,Stellfuß,1,1,Material,"Stahl, Kunststoff",1,1,Gewinde,M10,1,1,Traglast,4000 N,1,0,Durchmesser,47 mm,1,0,,,,,,,,,1,vergleich
simple,BF-V-5BB0921F,Blohm B0377 M6,1,0,visible,Starrer runder Kunststoff-Stellfuß mit Sechskant zum Verstellen. Preis und Lieferzeit auf Anfrage.,"<p>Starrer runder Kunststoff-Stellfuß mit Sechskant zum Verstellen.</p><table><tbody><tr><th>Hersteller</th><td>Blohm</td></tr><tr><th>Serie / Artikel</th><td>B0377 M6</td></tr><tr><th>Maß / Ø (mm)</th><td>30</td></tr><tr><th>Material</th><td>Polyamid; Schraube Stahl verzinkt</td></tr><tr><th>Gewinde / Anschluss</th><td>M6</td></tr><tr><th>Traglast (N)</th><td>3000</td></tr></tbody></table><p>Technische Angaben nach Herstellerunterlagen, ohne Gewähr. Passende Ausführung, Preis und Lieferzeit nennen wir Ihnen auf Anfrage.</p>",taxable,1,,Maschinenfüße,,Blohm,Anwendung,"Maschine / Anlage, Fördertechnik",1,1,Funktion,Höhenverstellung,1,1,Bauform,Stellfuß,1,1,Material,"Stahl, Kunststoff",1,1,Gewinde,M6,1,1,Traglast,3000 N,1,0,Durchmesser,30 mm,1,0,,,,,,,,,1,vergleich
simple,BF-V-2DD71741,Blohm B0377 M8,1,0,visible,Starrer runder Kunststoff-Stellfuß mit Sechskant zum Verstellen. Preis und Lieferzeit auf Anfrage.,"<p>Starrer runder Kunststoff-Stellfuß mit Sechskant zum Verstellen.</p><table><tbody><tr><th>Hersteller</th><td>Blohm</td></tr><tr><th>Serie / Artikel</th><td>B0377 M8</td></tr><tr><th>Maß / Ø (mm)</th><td>30/47</td></tr><tr><th>Material</th><td>Polyamid; Schraube Stahl verzinkt</td></tr><tr><th>Gewinde / Anschluss</th><td>M8</td></tr><tr><th>Traglast (N)</th><td>3000-4000</td></tr></tbody></table><p>Technische Angaben nach Herstellerunterlagen, ohne Gewähr. Passende Ausführung, Preis und Lieferzeit nennen wir Ihnen auf Anfrage.</p>",taxable,1,,Maschinenfüße,,Blohm,Anwendung,"Maschine / Anlage, Fördertechnik",1,1,Funktion,Höhenverstellung,1,1,Bauform,Stellfuß,1,1,Material,"Stahl, Kunststoff",1,1,Gewinde,M8,1,1,Traglast,3000-4000 N,1,0,Durchmesser,30/47 mm,1,0,,,,,,,,,1,vergleich
simple,BF-V-777608B6,Effbe Level-Mount LM 1-11,1,0,visible,"Elastomer-Maschinenlager mit integrierter Höhenverstellung, ankerlos. Preis und Lieferzeit auf Anfrage.","<p>Elastomer-Maschinenlager mit integrierter Höhenverstellung, ankerlos.</p><table><tbody><tr><th>Hersteller</th><td>Effbe</td></tr><tr><th>Serie / Artikel</th><td>Level-Mount LM 1-11</td></tr><tr><th>Material</th><td>Elastomer, Stahl</td></tr><tr><th>Traglast (N)</th><td>6000</td></tr><tr><th>Varianten laut Hersteller</th><td>1</td></tr></tbody></table><p>Technische Angaben nach Herstellerunterlagen, ohne Gewähr. Passende Ausführung, Preis und Lieferzeit nennen wir Ihnen auf Anfrage.</p>",taxable,1,,Maschinenfüße,,Effbe,Anwendung,Maschine / Anlage,1,1,Funktion,Höhenverstellung,1,1,Bauform,Nivellierelement,1,1,Material,Stahl,1,1,Traglast,6000 N,1,0,,,,,,,,,,,,,,,,,1,vergleich
simple,BF-V-DFB0AFFD,Effbe Level-Mount LM 3-33,1,0,visible,"Elastomer-Maschinenlager mit integrierter Höhenverstellung, ankerlos. Preis und Lieferzeit auf Anfrage.","<p>Elastomer-Maschinenlager mit integrierter Höhenverstellung, ankerlos.</p><table><tbody><tr><th>Hersteller</th><td>Effbe</td></tr><tr><th>Serie / Artikel</th><td>Level-Mount LM 3-33</td></tr><tr><th>Material</th><td>Elastomer, Stahl</td></tr><tr><th>Traglast (N)</th><td>20000</td></tr><tr><th>Varianten laut Hersteller</th><td>1</td></tr></tbody></table><p>Technische Angaben nach Herstellerunterlagen, ohne Gewähr. Passende Ausführung, Preis und Lieferzeit nennen wir Ihnen auf Anfrage.</p>",taxable,1,,Maschinenfüße,,Effbe,Anwendung,Maschine / Anlage,1,1,Funktion,"Höhenverstellung, Hohe Traglast",1,1,Bauform,Nivellierelement,1,1,Material,Stahl,1,1,Traglast,20000 N,1,0,,,,,,,,,,,,,,,,,1,vergleich
simple,BF-V-02375754,Effbe Level-Mount LM 5-55 (FB60015049),1,0,visible,"Elastomer-Maschinenlager, nivellierbar 20 mm, für Fräs- und Drehmaschinen. Preis und Lieferzeit auf Anfrage.","<p>Elastomer-Maschinenlager, nivellierbar 20 mm, für Fräs- und Drehmaschinen.</p><table><tbody><tr><th>Hersteller</th><td>Effbe</td></tr><tr><th>Serie / Artikel</th><td>Level-Mount LM 5-55 (FB60015049)</td></tr><tr><th>Maß / Ø (mm)</th><td>160</td></tr><tr><th>Material</th><td>Elastomer öl- und alterungsbeständig, Stahl</td></tr><tr><th>Gewinde / Anschluss</th><td>M16x1,5</td></tr><tr><th>Traglast (N)</th><td>40000</td></tr><tr><th>Varianten laut Hersteller</th><td>1</td></tr></tbody></table><p>Technische Angaben nach Herstellerunterlagen, ohne Gewähr. Passende Ausführung, Preis und Lieferzeit nennen wir Ihnen auf Anfrage.</p>",taxable,1,,Maschinenfüße,,Effbe,Anwendung,Maschine / Anlage,1,1,Funktion,"Höhenverstellung, Hohe Traglast",1,1,Bauform,Nivellierelement,1,1,Material,Stahl,1,1,Gewinde,M16,1,1,Traglast,40000 N,1,0,Durchmesser,160 mm,1,0,,,,,,,,,1,vergleich
simple,BF-V-05A9A6CF,Effbe Level-Mount LM 6-66,1,0,visible,"Elastomer-Maschinenlager mit integrierter Höhenverstellung, ankerlos. Preis und Lieferzeit auf Anfrage.","<p>Elastomer-Maschinenlager mit integrierter Höhenverstellung, ankerlos.</p><table><tbody><tr><th>Hersteller</th><td>Effbe</td></tr><tr><th>Serie / Artikel</th><td>Level-Mount LM 6-66</td></tr><tr><th>Material</th><td>Elastomer, Stahl</td></tr><tr><th>Traglast (N)</th><td>55000</td></tr><tr><th>Varianten laut Hersteller</th><td>1</td></tr></tbody></table><p>Technische Angaben nach Herstellerunterlagen, ohne Gewähr. Passende Ausführung, Preis und Lieferzeit nennen wir Ihnen auf Anfrage.</p>",taxable,1,,Maschinenfüße,,Effbe,Anwendung,Maschine / Anlage,1,1,Funktion,"Höhenverstellung, Hohe Traglast",1,1,Bauform,Nivellierelement,1,1,Material,Stahl,1,1,Traglast,55000 N,1,0,,,,,,,,,,,,,,,,,1,vergleich
simple,BF-V-CD29986B,Effbe Level-Mount LM 7-77,1,0,visible,"Elastomer-Maschinenlager mit integrierter Höhenverstellung, ankerlos. Preis und Lieferzeit auf Anfrage.","<p>Elastomer-Maschinenlager mit integrierter Höhenverstellung, ankerlos.</p><table><tbody><tr><th>Hersteller</th><td>Effbe</td></tr><tr><th>Serie / Artikel</th><td>Level-Mount LM 7-77</td></tr><tr><th>Material</th><td>Elastomer, Stahl</td></tr><tr><th>Traglast (N)</th><td>80000</td></tr><tr><th>Varianten laut Hersteller</th><td>1</td></tr></tbody></table><p>Technische Angaben nach Herstellerunterlagen, ohne Gewähr. Passende Ausführung, Preis und Lieferzeit nennen wir Ihnen auf Anfrage.</p>",taxable,1,,Maschinenfüße,,Effbe,Anwendung,Maschine / Anlage,1,1,Funktion,"Höhenverstellung, Hohe Traglast",1,1,Bauform,Nivellierelement,1,1,Material,Stahl,1,1,Traglast,80000 N,1,0,,,,,,,,,,,,,,,,,1,vergleich
simple,BF-V-D87492B7,Elesa+Ganter GN 148-113,1,0,visible,"Gerätefuß mit Schwingungsdämpfung, Flansch Form A/B, Abreißsicherung optional. Preis und Lieferzeit auf Anfrage.","<p>Gerätefuß mit Schwingungsdämpfung, Flansch Form A/B, Abreißsicherung optional.</p><table><tbody><tr><th>Hersteller</th><td>Elesa+Ganter</td></tr><tr><th>Serie / Artikel</th><td>GN 148-113</td></tr><tr><th>Maß / Ø (mm)</th><td>113</td></tr><tr><th>Material</th><td>NR-Gummi vulkanisiert, Stahlblech verzinkt</td></tr><tr><th>Gewinde / Anschluss</th><td>M16</td></tr><tr><th>Traglast (N)</th><td>3500/6500/10000 (43/57/68 ShA)</td></tr><tr><th>Dämpfung / Härte</th><td>43/57/68 Shore A</td></tr><tr><th>Varianten laut Hersteller</th><td>3+</td></tr></tbody></table><p>Technische Angaben nach Herstellerunterlagen, ohne Gewähr. Passende Ausführung, Preis und Lieferzeit nennen wir Ihnen auf Anfrage.</p>",taxable,1,,Maschinenfüße,,Elesa+Ganter,Anwendung,Maschine / Anlage,1,1,Funktion,Höhenverstellung,1,1,Bauform,Nivellierelement,1,1,Material,Stahl,1,1,Gewinde,M16,1,1,Traglast,3500/6500/10000 (43/57/68 ShA) N,1,0,Durchmesser,113 mm,1,0,,,,,,,,,1,vergleich
simple,BF-V-2ABB824D,Elesa+Ganter GN 148-126,1,0,visible,"Gerätefuß mit Schwingungsdämpfung, Flansch Form B, Abreißsicherung optional. Preis und Lieferzeit auf Anfrage.","<p>Gerätefuß mit Schwingungsdämpfung, Flansch Form B, Abreißsicherung optional.</p><table><tbody><tr><th>Hersteller</th><td>Elesa+Ganter</td></tr><tr><th>Serie / Artikel</th><td>GN 148-126</td></tr><tr><th>Maß / Ø (mm)</th><td>126</td></tr><tr><th>Material</th><td>NR-Gummi vulkanisiert, Stahlblech verzinkt</td></tr><tr><th>Gewinde / Anschluss</th><td>M20</td></tr><tr><th>Traglast (N)</th><td>7500/12500/19000 (43/57/68 ShA)</td></tr><tr><th>Dämpfung / Härte</th><td>43/57/68 Shore A</td></tr><tr><th>Varianten laut Hersteller</th><td>3+</td></tr></tbody></table><p>Technische Angaben nach Herstellerunterlagen, ohne Gewähr. Passende Ausführung, Preis und Lieferzeit nennen wir Ihnen auf Anfrage.</p>",taxable,1,,Maschinenfüße,,Elesa+Ganter,Anwendung,Maschine / Anlage,1,1,Funktion,Höhenverstellung,1,1,Bauform,Nivellierelement,1,1,Material,Stahl,1,1,Gewinde,M20,1,1,Traglast,7500/12500/19000 (43/57/68 ShA) N,1,0,Durchmesser,126 mm,1,0,,,,,,,,,1,vergleich
simple,BF-V-DEF8FCCF,Elesa+Ganter GN 148-60,1,0,visible,"Gerätefuß mit Schwingungsdämpfung, Flansch Form A, Abreißsicherung optional. Preis und Lieferzeit auf Anfrage.","<p>Gerätefuß mit Schwingungsdämpfung, Flansch Form A, Abreißsicherung optional.</p><table><tbody><tr><th>Hersteller</th><td>Elesa+Ganter</td></tr><tr><th>Serie / Artikel</th><td>GN 148-60</td></tr><tr><th>Maß / Ø (mm)</th><td>60</td></tr><tr><th>Material</th><td>NR-Gummi vulkanisiert, Stahlblech verzinkt</td></tr><tr><th>Gewinde / Anschluss</th><td>M10</td></tr><tr><th>Traglast (N)</th><td>1100/1750/2800 (43/57/68 ShA)</td></tr><tr><th>Dämpfung / Härte</th><td>43/57/68 Shore A</td></tr><tr><th>Varianten laut Hersteller</th><td>3+</td></tr></tbody></table><p>Technische Angaben nach Herstellerunterlagen, ohne Gewähr. Passende Ausführung, Preis und Lieferzeit nennen wir Ihnen auf Anfrage.</p>",taxable,1,,Maschinenfüße,,Elesa+Ganter,Anwendung,Maschine / Anlage,1,1,Funktion,Höhenverstellung,1,1,Bauform,Nivellierelement,1,1,Material,Stahl,1,1,Gewinde,M10,1,1,Traglast,1100/1750/2800 (43/57/68 ShA) N,1,0,Durchmesser,60 mm,1,0,,,,,,,,,1,vergleich
simple,BF-V-639B22ED,Elesa+Ganter GN 148-90,1,0,visible,"Gerätefuß mit Schwingungsdämpfung, Flansch Form A, Abreißsicherung optional. Preis und Lieferzeit auf Anfrage.","<p>Gerätefuß mit Schwingungsdämpfung, Flansch Form A, Abreißsicherung optional.</p><table><tbody><tr><th>Hersteller</th><td>Elesa+Ganter</td></tr><tr><th>Serie / Artikel</th><td>GN 148-90</td></tr><tr><th>Maß / Ø (mm)</th><td>90</td></tr><tr><th>Material</th><td>NR-Gummi vulkanisiert, Stahlblech verzinkt</td></tr><tr><th>Gewinde / Anschluss</th><td>M12</td></tr><tr><th>Traglast (N)</th><td>1500/2800/4500 (43/57/68 ShA)</td></tr><tr><th>Dämpfung / Härte</th><td>43/57/68 Shore A</td></tr><tr><th>Varianten laut Hersteller</th><td>3+</td></tr></tbody></table><p>Technische Angaben nach Herstellerunterlagen, ohne Gewähr. Passende Ausführung, Preis und Lieferzeit nennen wir Ihnen auf Anfrage.</p>",taxable,1,,Maschinenfüße,,Elesa+Ganter,Anwendung,Maschine / Anlage,1,1,Funktion,Höhenverstellung,1,1,Bauform,Nivellierelement,1,1,Material,Stahl,1,1,Gewinde,M12,1,1,Traglast,1500/2800/4500 (43/57/68 ShA) N,1,0,Durchmesser,90 mm,1,0,,,,,,,,,1,vergleich
simple,BF-V-553BD814,Elesa+Ganter GN 339 M10,1,0,visible,"Starrer Stahl-Stellfuß, Kappe gleitend POM oder rutschfest TPE. Preis und Lieferzeit auf Anfrage.","<p>Starrer Stahl-Stellfuß, Kappe gleitend POM oder rutschfest TPE.</p><table><tbody><tr><th>Hersteller</th><td>Elesa+Ganter</td></tr><tr><th>Serie / Artikel</th><td>GN 339 M10</td></tr><tr><th>Maß / Ø (mm)</th><td>36</td></tr><tr><th>Material</th><td>Stahl 5.8 verzinkt blau passiviert; POM/TPE</td></tr><tr><th>Gewinde / Anschluss</th><td>M10</td></tr><tr><th>Traglast (N)</th><td>18000</td></tr><tr><th>Varianten laut Hersteller</th><td>4</td></tr></tbody></table><p>Technische Angaben nach Herstellerunterlagen, ohne Gewähr. Passende Ausführung, Preis und Lieferzeit nennen wir Ihnen auf Anfrage.</p>",taxable,1,,Maschinenfüße,,Elesa+Ganter,Anwendung,"Maschine / Anlage, Fördertechnik",1,1,Funktion,Höhenverstellung,1,1,Bauform,Stellfuß,1,1,Material,"Stahl, Kunststoff",1,1,Gewinde,M10,1,1,Traglast,18000 N,1,0,Durchmesser,36 mm,1,0,,,,,,,,,1,vergleich
simple,BF-V-F658D7DD,Elesa+Ganter GN 339 M6,1,0,visible,"Starrer Stahl-Stellfuß, Kappe gleitend POM oder rutschfest TPE. Preis und Lieferzeit auf Anfrage.","<p>Starrer Stahl-Stellfuß, Kappe gleitend POM oder rutschfest TPE.</p><table><tbody><tr><th>Hersteller</th><td>Elesa+Ganter</td></tr><tr><th>Serie / Artikel</th><td>GN 339 M6</td></tr><tr><th>Maß / Ø (mm)</th><td>29</td></tr><tr><th>Material</th><td>Stahl 5.8 verzinkt blau passiviert; POM/TPE</td></tr><tr><th>Gewinde / Anschluss</th><td>M6</td></tr><tr><th>Traglast (N)</th><td>6000</td></tr><tr><th>Varianten laut Hersteller</th><td>4</td></tr></tbody></table><p>Technische Angaben nach Herstellerunterlagen, ohne Gewähr. Passende Ausführung, Preis und Lieferzeit nennen wir Ihnen auf Anfrage.</p>",taxable,1,,Maschinenfüße,,Elesa+Ganter,Anwendung,"Maschine / Anlage, Fördertechnik",1,1,Funktion,Höhenverstellung,1,1,Bauform,Stellfuß,1,1,Material,"Stahl, Kunststoff",1,1,Gewinde,M6,1,1,Traglast,6000 N,1,0,Durchmesser,29 mm,1,0,,,,,,,,,1,vergleich
simple,BF-V-76A6316F,Elesa+Ganter GN 339 M8,1,0,visible,"Starrer Stahl-Stellfuß, Kappe gleitend POM oder rutschfest TPE. Preis und Lieferzeit auf Anfrage.","<p>Starrer Stahl-Stellfuß, Kappe gleitend POM oder rutschfest TPE.</p><table><tbody><tr><th>Hersteller</th><td>Elesa+Ganter</td></tr><tr><th>Serie / Artikel</th><td>GN 339 M8</td></tr><tr><th>Maß / Ø (mm)</th><td>29/36</td></tr><tr><th>Material</th><td>Stahl 5.8 verzinkt blau passiviert; POM/TPE</td></tr><tr><th>Gewinde / Anschluss</th><td>M8</td></tr><tr><th>Traglast (N)</th><td>13000</td></tr><tr><th>Varianten laut Hersteller</th><td>8</td></tr></tbody></table><p>Technische Angaben nach Herstellerunterlagen, ohne Gewähr. Passende Ausführung, Preis und Lieferzeit nennen wir Ihnen auf Anfrage.</p>",taxable,1,,Maschinenfüße,,Elesa+Ganter,Anwendung,"Maschine / Anlage, Fördertechnik",1,1,Funktion,Höhenverstellung,1,1,Bauform,Stellfuß,1,1,Material,"Stahl, Kunststoff",1,1,Gewinde,M8,1,1,Traglast,13000 N,1,0,Durchmesser,29/36 mm,1,0,,,,,,,,,1,vergleich
simple,BF-V-A3402006,Elesa+Ganter GN 839 M10,1,0,visible,"Starrer Kunststoff-Stellfuß mit verzinkter Stahlspindel, Elesa LX-S. Preis und Lieferzeit auf Anfrage.","<p>Starrer Kunststoff-Stellfuß mit verzinkter Stahlspindel, Elesa LX-S.</p><table><tbody><tr><th>Hersteller</th><td>Elesa+Ganter</td></tr><tr><th>Serie / Artikel</th><td>GN 839 M10</td></tr><tr><th>Maß / Ø (mm)</th><td>30/40/50</td></tr><tr><th>Material</th><td>PA schwarz; Stahl verzinkt blau passiviert</td></tr><tr><th>Gewinde / Anschluss</th><td>M10</td></tr><tr><th>Traglast (N)</th><td>3000</td></tr></tbody></table><p>Technische Angaben nach Herstellerunterlagen, ohne Gewähr. Passende Ausführung, Preis und Lieferzeit nennen wir Ihnen auf Anfrage.</p>",taxable,1,,Maschinenfüße,,Elesa+Ganter,Anwendung,"Maschine / Anlage, Fördertechnik",1,1,Funktion,Höhenverstellung,1,1,Bauform,Stellfuß,1,1,Material,"Stahl, Kunststoff",1,1,Gewinde,M10,1,1,Traglast,3000 N,1,0,Durchmesser,30/40/50 mm,1,0,,,,,,,,,1,vergleich
simple,BF-V-718CC7DF,Elesa+Ganter GN 839 M12,1,0,visible,"Starrer Kunststoff-Stellfuß mit verzinkter Stahlspindel, Elesa LX-S. Preis und Lieferzeit auf Anfrage.","<p>Starrer Kunststoff-Stellfuß mit verzinkter Stahlspindel, Elesa LX-S.</p><table><tbody><tr><th>Hersteller</th><td>Elesa+Ganter</td></tr><tr><th>Serie / Artikel</th><td>GN 839 M12</td></tr><tr><th>Maß / Ø (mm)</th><td>40/50/60</td></tr><tr><th>Material</th><td>PA schwarz; Stahl verzinkt blau passiviert</td></tr><tr><th>Gewinde / Anschluss</th><td>M12</td></tr><tr><th>Traglast (N)</th><td>5000</td></tr></tbody></table><p>Technische Angaben nach Herstellerunterlagen, ohne Gewähr. Passende Ausführung, Preis und Lieferzeit nennen wir Ihnen auf Anfrage.</p>",taxable,1,,Maschinenfüße,,Elesa+Ganter,Anwendung,"Maschine / Anlage, Fördertechnik",1,1,Funktion,Höhenverstellung,1,1,Bauform,Stellfuß,1,1,Material,"Stahl, Kunststoff",1,1,Gewinde,M12,1,1,Traglast,5000 N,1,0,Durchmesser,40/50/60 mm,1,0,,,,,,,,,1,vergleich
simple,BF-V-94165989,Elesa+Ganter GN 839 M16,1,0,visible,"Starrer Kunststoff-Stellfuß mit verzinkter Stahlspindel, Elesa LX-S. Preis und Lieferzeit auf Anfrage.","<p>Starrer Kunststoff-Stellfuß mit verzinkter Stahlspindel, Elesa LX-S.</p><table><tbody><tr><th>Hersteller</th><td>Elesa+Ganter</td></tr><tr><th>Serie / Artikel</th><td>GN 839 M16</td></tr><tr><th>Maß / Ø (mm)</th><td>60</td></tr><tr><th>Material</th><td>PA schwarz; Stahl verzinkt blau passiviert</td></tr><tr><th>Gewinde / Anschluss</th><td>M16</td></tr><tr><th>Traglast (N)</th><td>7500</td></tr></tbody></table><p>Technische Angaben nach Herstellerunterlagen, ohne Gewähr. Passende Ausführung, Preis und Lieferzeit nennen wir Ihnen auf Anfrage.</p>",taxable,1,,Maschinenfüße,,Elesa+Ganter,Anwendung,"Maschine / Anlage, Fördertechnik",1,1,Funktion,Höhenverstellung,1,1,Bauform,Stellfuß,1,1,Material,"Stahl, Kunststoff",1,1,Gewinde,M16,1,1,Traglast,7500 N,1,0,Durchmesser,60 mm,1,0,,,,,,,,,1,vergleich
simple,BF-V-BEA2E13C,Elesa+Ganter GN 839 M6,1,0,visible,"Starrer Kunststoff-Stellfuß mit verzinkter Stahlspindel, Elesa LX-S. Preis und Lieferzeit auf Anfrage.","<p>Starrer Kunststoff-Stellfuß mit verzinkter Stahlspindel, Elesa LX-S.</p><table><tbody><tr><th>Hersteller</th><td>Elesa+Ganter</td></tr><tr><th>Serie / Artikel</th><td>GN 839 M6</td></tr><tr><th>Maß / Ø (mm)</th><td>25/30</td></tr><tr><th>Material</th><td>PA schwarz; Stahl verzinkt blau passiviert</td></tr><tr><th>Gewinde / Anschluss</th><td>M6</td></tr><tr><th>Traglast (N)</th><td>1500</td></tr></tbody></table><p>Technische Angaben nach Herstellerunterlagen, ohne Gewähr. Passende Ausführung, Preis und Lieferzeit nennen wir Ihnen auf Anfrage.</p>",taxable,1,,Maschinenfüße,,Elesa+Ganter,Anwendung,"Maschine / Anlage, Fördertechnik",1,1,Funktion,Höhenverstellung,1,1,Bauform,Stellfuß,1,1,Material,"Stahl, Kunststoff",1,1,Gewinde,M6,1,1,Traglast,1500 N,1,0,Durchmesser,25/30 mm,1,0,,,,,,,,,1,vergleich
simple,BF-V-201F27B6,Elesa+Ganter GN 839 M8,1,0,visible,"Starrer Kunststoff-Stellfuß mit verzinkter Stahlspindel, Elesa LX-S. Preis und Lieferzeit auf Anfrage.","<p>Starrer Kunststoff-Stellfuß mit verzinkter Stahlspindel, Elesa LX-S.</p><table><tbody><tr><th>Hersteller</th><td>Elesa+Ganter</td></tr><tr><th>Serie / Artikel</th><td>GN 839 M8</td></tr><tr><th>Maß / Ø (mm)</th><td>25/30/40</td></tr><tr><th>Material</th><td>PA schwarz; Stahl verzinkt blau passiviert</td></tr><tr><th>Gewinde / Anschluss</th><td>M8</td></tr><tr><th>Traglast (N)</th><td>2500</td></tr></tbody></table><p>Technische Angaben nach Herstellerunterlagen, ohne Gewähr. Passende Ausführung, Preis und Lieferzeit nennen wir Ihnen auf Anfrage.</p>",taxable,1,,Maschinenfüße,,Elesa+Ganter,Anwendung,"Maschine / Anlage, Fördertechnik",1,1,Funktion,Höhenverstellung,1,1,Bauform,Stellfuß,1,1,Material,"Stahl, Kunststoff",1,1,Gewinde,M8,1,1,Traglast,2500 N,1,0,Durchmesser,25/30/40 mm,1,0,,,,,,,,,1,vergleich
simple,BF-V-1A6052F1,Elesa+Ganter LW.A-120,1,0,visible,"Schwingungsdämpfendes Nivellierelement, Stahlteller mit Gummikern. Preis und Lieferzeit auf Anfrage.","<p>Schwingungsdämpfendes Nivellierelement, Stahlteller mit Gummikern.</p><table><tbody><tr><th>Hersteller</th><td>Elesa+Ganter</td></tr><tr><th>Serie / Artikel</th><td>LW.A-120</td></tr><tr><th>Maß / Ø (mm)</th><td>120</td></tr><tr><th>Material</th><td>Stahl verzinkt, NR-Gummi, NBR-O-Ring</td></tr><tr><th>Gewinde / Anschluss</th><td>M16x1,5</td></tr><tr><th>Traglast (N)</th><td>10000</td></tr><tr><th>Dämpfung / Härte</th><td>80 Shore A</td></tr><tr><th>Varianten laut Hersteller</th><td>1</td></tr></tbody></table><p>Technische Angaben nach Herstellerunterlagen, ohne Gewähr. Passende Ausführung, Preis und Lieferzeit nennen wir Ihnen auf Anfrage.</p>",taxable,1,,Maschinenfüße,,Elesa+Ganter,Anwendung,Maschine / Anlage,1,1,Funktion,Höhenverstellung,1,1,Bauform,Nivellierelement,1,1,Material,Stahl,1,1,Gewinde,M16,1,1,Traglast,10000 N,1,0,Durchmesser,120 mm,1,0,,,,,,,,,1,vergleich
simple,BF-V-50BE590C,Elesa+Ganter LW.A-160,1,0,visible,"Schwingungsdämpfendes Nivellierelement, Stahlteller mit Gummikern. Preis und Lieferzeit auf Anfrage.","<p>Schwingungsdämpfendes Nivellierelement, Stahlteller mit Gummikern.</p><table><tbody><tr><th>Hersteller</th><td>Elesa+Ganter</td></tr><tr><th>Serie / Artikel</th><td>LW.A-160</td></tr><tr><th>Maß / Ø (mm)</th><td>160</td></tr><tr><th>Material</th><td>Stahl verzinkt, NR-Gummi, NBR-O-Ring</td></tr><tr><th>Gewinde / Anschluss</th><td>M20x1,5</td></tr><tr><th>Traglast (N)</th><td>20000</td></tr><tr><th>Dämpfung / Härte</th><td>80 Shore A</td></tr><tr><th>Varianten laut Hersteller</th><td>1</td></tr></tbody></table><p>Technische Angaben nach Herstellerunterlagen, ohne Gewähr. Passende Ausführung, Preis und Lieferzeit nennen wir Ihnen auf Anfrage.</p>",taxable,1,,Maschinenfüße,,Elesa+Ganter,Anwendung,Maschine / Anlage,1,1,Funktion,"Höhenverstellung, Hohe Traglast",1,1,Bauform,Nivellierelement,1,1,Material,Stahl,1,1,Gewinde,M20,1,1,Traglast,20000 N,1,0,Durchmesser,160 mm,1,0,,,,,,,,,1,vergleich
simple,BF-V-26F23A64,Elesa+Ganter LW.A-200,1,0,visible,"Schwingungsdämpfendes Nivellierelement, Stahlteller mit Gummikern. Preis und Lieferzeit auf Anfrage.","<p>Schwingungsdämpfendes Nivellierelement, Stahlteller mit Gummikern.</p><table><tbody><tr><th>Hersteller</th><td>Elesa+Ganter</td></tr><tr><th>Serie / Artikel</th><td>LW.A-200</td></tr><tr><th>Maß / Ø (mm)</th><td>200</td></tr><tr><th>Material</th><td>Stahl verzinkt, NR-Gummi, NBR-O-Ring</td></tr><tr><th>Gewinde / Anschluss</th><td>M20x1,5</td></tr><tr><th>Traglast (N)</th><td>40000</td></tr><tr><th>Dämpfung / Härte</th><td>80 Shore A</td></tr><tr><th>Varianten laut Hersteller</th><td>1</td></tr></tbody></table><p>Technische Angaben nach Herstellerunterlagen, ohne Gewähr. Passende Ausführung, Preis und Lieferzeit nennen wir Ihnen auf Anfrage.</p>",taxable,1,,Maschinenfüße,,Elesa+Ganter,Anwendung,Maschine / Anlage,1,1,Funktion,"Höhenverstellung, Hohe Traglast",1,1,Bauform,Nivellierelement,1,1,Material,Stahl,1,1,Gewinde,M20,1,1,Traglast,40000 N,1,0,Durchmesser,200 mm,1,0,,,,,,,,,1,vergleich
simple,BF-V-27E2D040,Elesa+Ganter LW.A-80,1,0,visible,"Schwingungsdämpfendes Nivellierelement, Stahlteller mit Gummikern. Preis und Lieferzeit auf Anfrage.","<p>Schwingungsdämpfendes Nivellierelement, Stahlteller mit Gummikern.</p><table><tbody><tr><th>Hersteller</th><td>Elesa+Ganter</td></tr><tr><th>Serie / Artikel</th><td>LW.A-80</td></tr><tr><th>Maß / Ø (mm)</th><td>80</td></tr><tr><th>Material</th><td>Stahl verzinkt, NR-Gummi, NBR-O-Ring</td></tr><tr><th>Gewinde / Anschluss</th><td>M12x1,25</td></tr><tr><th>Traglast (N)</th><td>5000</td></tr><tr><th>Dämpfung / Härte</th><td>80 Shore A</td></tr><tr><th>Varianten laut Hersteller</th><td>1</td></tr></tbody></table><p>Technische Angaben nach Herstellerunterlagen, ohne Gewähr. Passende Ausführung, Preis und Lieferzeit nennen wir Ihnen auf Anfrage.</p>",taxable,1,,Maschinenfüße,,Elesa+Ganter,Anwendung,Maschine / Anlage,1,1,Funktion,Höhenverstellung,1,1,Bauform,Nivellierelement,1,1,Material,Stahl,1,1,Gewinde,M12,1,1,Traglast,5000 N,1,0,Durchmesser,80 mm,1,0,,,,,,,,,1,vergleich
simple,BF-V-B3059B7F,Essentra Components Stud Mount Levelling Feet Metal Rigid Base M10,1,0,visible,"Starrer Metallteller mit Gewindebolzen, Stahl oder Edelstahl. Preis und Lieferzeit auf Anfrage.","<p>Starrer Metallteller mit Gewindebolzen, Stahl oder Edelstahl.</p><table><tbody><tr><th>Hersteller</th><td>Essentra Components</td></tr><tr><th>Serie / Artikel</th><td>Stud Mount Levelling Feet Metal Rigid Base M10</td></tr><tr><th>Maß / Ø (mm)</th><td>40/46/50</td></tr><tr><th>Material</th><td>Stahl, Edelstahl, teils PA/PP/Gummi</td></tr><tr><th>Gewinde / Anschluss</th><td>M10</td></tr></tbody></table><p>Technische Angaben nach Herstellerunterlagen, ohne Gewähr. Passende Ausführung, Preis und Lieferzeit nennen wir Ihnen auf Anfrage.</p>",taxable,1,,Maschinenfüße,,Essentra Components,Anwendung,"Maschine / Anlage, Fördertechnik",1,1,Funktion,Höhenverstellung,1,1,Bauform,Stellfuß,1,1,Material,"Edelstahl, Stahl, Kunststoff",1,1,Gewinde,M10,1,1,Durchmesser,40/46/50 mm,1,0,,,,,,,,,,,,,1,vergleich
simple,BF-V-A321E1A4,Essentra Components Stud Mount Levelling Feet Metal Rigid Base M12,1,0,visible,"Starrer Metallteller mit Gewindebolzen, Stahl oder Edelstahl. Preis und Lieferzeit auf Anfrage.","<p>Starrer Metallteller mit Gewindebolzen, Stahl oder Edelstahl.</p><table><tbody><tr><th>Hersteller</th><td>Essentra Components</td></tr><tr><th>Serie / Artikel</th><td>Stud Mount Levelling Feet Metal Rigid Base M12</td></tr><tr><th>Maß / Ø (mm)</th><td>60</td></tr><tr><th>Material</th><td>Stahl, Edelstahl, teils PA/PP/Gummi</td></tr><tr><th>Gewinde / Anschluss</th><td>M12</td></tr></tbody></table><p>Technische Angaben nach Herstellerunterlagen, ohne Gewähr. Passende Ausführung, Preis und Lieferzeit nennen wir Ihnen auf Anfrage.</p>",taxable,1,,Maschinenfüße,,Essentra Components,Anwendung,"Maschine / Anlage, Fördertechnik",1,1,Funktion,Höhenverstellung,1,1,Bauform,Stellfuß,1,1,Material,"Edelstahl, Stahl, Kunststoff",1,1,Gewinde,M12,1,1,Durchmesser,60 mm,1,0,,,,,,,,,,,,,1,vergleich
simple,BF-V-DB0B6148,Essentra Components Stud Mount Levelling Feet Metal Rigid Base M16,1,0,visible,"Starrer Metallteller mit Gewindebolzen, Stahl oder Edelstahl. Preis und Lieferzeit auf Anfrage.","<p>Starrer Metallteller mit Gewindebolzen, Stahl oder Edelstahl.</p><table><tbody><tr><th>Hersteller</th><td>Essentra Components</td></tr><tr><th>Serie / Artikel</th><td>Stud Mount Levelling Feet Metal Rigid Base M16</td></tr><tr><th>Maß / Ø (mm)</th><td>80/123/124</td></tr><tr><th>Material</th><td>Stahl, Edelstahl, teils PA/PP/Gummi</td></tr><tr><th>Gewinde / Anschluss</th><td>M16</td></tr></tbody></table><p>Technische Angaben nach Herstellerunterlagen, ohne Gewähr. Passende Ausführung, Preis und Lieferzeit nennen wir Ihnen auf Anfrage.</p>",taxable,1,,Maschinenfüße,,Essentra Components,Anwendung,"Maschine / Anlage, Fördertechnik",1,1,Funktion,Höhenverstellung,1,1,Bauform,Stellfuß,1,1,Material,"Edelstahl, Stahl, Kunststoff",1,1,Gewinde,M16,1,1,Durchmesser,80/123/124 mm,1,0,,,,,,,,,,,,,1,vergleich
simple,BF-V-C0EEADB3,Essentra Components Stud Mount Levelling Feet Metal Rigid Base M20,1,0,visible,"Starrer Metallteller mit Gewindebolzen, Stahl oder Edelstahl. Preis und Lieferzeit auf Anfrage.","<p>Starrer Metallteller mit Gewindebolzen, Stahl oder Edelstahl.</p><table><tbody><tr><th>Hersteller</th><td>Essentra Components</td></tr><tr><th>Serie / Artikel</th><td>Stud Mount Levelling Feet Metal Rigid Base M20</td></tr><tr><th>Maß / Ø (mm)</th><td>120/123/124</td></tr><tr><th>Material</th><td>Stahl, Edelstahl, teils PA/PP/Gummi</td></tr><tr><th>Gewinde / Anschluss</th><td>M20</td></tr></tbody></table><p>Technische Angaben nach Herstellerunterlagen, ohne Gewähr. Passende Ausführung, Preis und Lieferzeit nennen wir Ihnen auf Anfrage.</p>",taxable,1,,Maschinenfüße,,Essentra Components,Anwendung,"Maschine / Anlage, Fördertechnik",1,1,Funktion,Höhenverstellung,1,1,Bauform,Stellfuß,1,1,Material,"Edelstahl, Stahl, Kunststoff",1,1,Gewinde,M20,1,1,Durchmesser,120/123/124 mm,1,0,,,,,,,,,,,,,1,vergleich
simple,BF-V-79163DA1,Essentra Components Stud Mount Levelling Feet Metal Rigid Base M24,1,0,visible,"Starrer Metallteller mit Gewindebolzen, Stahl oder Edelstahl. Preis und Lieferzeit auf Anfrage.","<p>Starrer Metallteller mit Gewindebolzen, Stahl oder Edelstahl.</p><table><tbody><tr><th>Hersteller</th><td>Essentra Components</td></tr><tr><th>Serie / Artikel</th><td>Stud Mount Levelling Feet Metal Rigid Base M24</td></tr><tr><th>Maß / Ø (mm)</th><td>120</td></tr><tr><th>Material</th><td>Stahl, Edelstahl, teils PA/PP/Gummi</td></tr><tr><th>Gewinde / Anschluss</th><td>M24</td></tr></tbody></table><p>Technische Angaben nach Herstellerunterlagen, ohne Gewähr. Passende Ausführung, Preis und Lieferzeit nennen wir Ihnen auf Anfrage.</p>",taxable,1,,Maschinenfüße,,Essentra Components,Anwendung,"Maschine / Anlage, Fördertechnik",1,1,Funktion,Höhenverstellung,1,1,Bauform,Stellfuß,1,1,Material,"Edelstahl, Stahl, Kunststoff",1,1,Gewinde,M24,1,1,Durchmesser,120 mm,1,0,,,,,,,,,,,,,1,vergleich
simple,BF-V-8D4A3881,Essentra Components Stud Mount Levelling Feet Metal Rigid Base M6,1,0,visible,"Starrer Metallteller mit Gewindebolzen, Stahl oder Edelstahl. Preis und Lieferzeit auf Anfrage.","<p>Starrer Metallteller mit Gewindebolzen, Stahl oder Edelstahl.</p><table><tbody><tr><th>Hersteller</th><td>Essentra Components</td></tr><tr><th>Serie / Artikel</th><td>Stud Mount Levelling Feet Metal Rigid Base M6</td></tr><tr><th>Material</th><td>Stahl, Edelstahl, teils PA/PP/Gummi</td></tr><tr><th>Gewinde / Anschluss</th><td>M6</td></tr></tbody></table><p>Technische Angaben nach Herstellerunterlagen, ohne Gewähr. Passende Ausführung, Preis und Lieferzeit nennen wir Ihnen auf Anfrage.</p>",taxable,1,,Maschinenfüße,,Essentra Components,Anwendung,"Maschine / Anlage, Fördertechnik",1,1,Funktion,Höhenverstellung,1,1,Bauform,Stellfuß,1,1,Material,"Edelstahl, Stahl, Kunststoff",1,1,Gewinde,M6,1,1,,,,,,,,,,,,,,,,,1,vergleich
simple,BF-V-A96A2ECE,Essentra Components Stud Mount Levelling Feet Metal Rigid Base M8,1,0,visible,"Starrer Metallteller mit Gewindebolzen, Stahl oder Edelstahl. Preis und Lieferzeit auf Anfrage.","<p>Starrer Metallteller mit Gewindebolzen, Stahl oder Edelstahl.</p><table><tbody><tr><th>Hersteller</th><td>Essentra Components</td></tr><tr><th>Serie / Artikel</th><td>Stud Mount Levelling Feet Metal Rigid Base M8</td></tr><tr><th>Maß / Ø (mm)</th><td>40</td></tr><tr><th>Material</th><td>Stahl, Edelstahl, teils PA/PP/Gummi</td></tr><tr><th>Gewinde / Anschluss</th><td>M8</td></tr></tbody></table><p>Technische Angaben nach Herstellerunterlagen, ohne Gewähr. Passende Ausführung, Preis und Lieferzeit nennen wir Ihnen auf Anfrage.</p>",taxable,1,,Maschinenfüße,,Essentra Components,Anwendung,"Maschine / Anlage, Fördertechnik",1,1,Funktion,Höhenverstellung,1,1,Bauform,Stellfuß,1,1,Material,"Edelstahl, Stahl, Kunststoff",1,1,Gewinde,M8,1,1,Durchmesser,40 mm,1,0,,,,,,,,,,,,,1,vergleich
simple,BF-V-6DF79840,Getzner Isotop ENI-115-25-80 (Best.-Nr. 45152),1,0,visible,Nivellierbarer Maschinenfuß mit Kugelgelenk und Sylomer-Dämpfungsschicht. Preis und Lieferzeit auf Anfrage.,"<p>Nivellierbarer Maschinenfuß mit Kugelgelenk und Sylomer-Dämpfungsschicht.</p><table><tbody><tr><th>Hersteller</th><td>Getzner</td></tr><tr><th>Serie / Artikel</th><td>Isotop ENI-115-25-80 (Best.-Nr. 45152)</td></tr><tr><th>Maß / Ø (mm)</th><td>80</td></tr><tr><th>Material</th><td>Gewindestange verzinkt, PA-Teller, Sylomer/Sylodyn</td></tr><tr><th>Gewinde / Anschluss</th><td>M10</td></tr><tr><th>Traglast (N)</th><td>1128</td></tr><tr><th>Dämpfung / Härte</th><td>Eigenfrequenz ca. 10-11 Hz</td></tr><tr><th>Varianten laut Hersteller</th><td>1</td></tr></tbody></table><p>Technische Angaben nach Herstellerunterlagen, ohne Gewähr. Passende Ausführung, Preis und Lieferzeit nennen wir Ihnen auf Anfrage.</p>",taxable,1,,Maschinenfüße,,Getzner,Anwendung,Maschine / Anlage,1,1,Funktion,Höhenverstellung,1,1,Bauform,Nivellierelement,1,1,Material,Kunststoff,1,1,Gewinde,M10,1,1,Traglast,1128 N,1,0,Durchmesser,80 mm,1,0,,,,,,,,,1,vergleich
simple,BF-V-EF2C836F,Getzner Isotop ENI-175-25-80 (Best.-Nr. 45154),1,0,visible,Nivellierbarer Maschinenfuß mit Kugelgelenk und Sylomer-Dämpfungsschicht. Preis und Lieferzeit auf Anfrage.,"<p>Nivellierbarer Maschinenfuß mit Kugelgelenk und Sylomer-Dämpfungsschicht.</p><table><tbody><tr><th>Hersteller</th><td>Getzner</td></tr><tr><th>Serie / Artikel</th><td>Isotop ENI-175-25-80 (Best.-Nr. 45154)</td></tr><tr><th>Maß / Ø (mm)</th><td>80</td></tr><tr><th>Material</th><td>Gewindestange verzinkt, PA-Teller, Sylomer/Sylodyn</td></tr><tr><th>Gewinde / Anschluss</th><td>M10</td></tr><tr><th>Traglast (N)</th><td>1726</td></tr><tr><th>Dämpfung / Härte</th><td>Eigenfrequenz ca. 10-11 Hz</td></tr><tr><th>Varianten laut Hersteller</th><td>1</td></tr></tbody></table><p>Technische Angaben nach Herstellerunterlagen, ohne Gewähr. Passende Ausführung, Preis und Lieferzeit nennen wir Ihnen auf Anfrage.</p>",taxable,1,,Maschinenfüße,,Getzner,Anwendung,Maschine / Anlage,1,1,Funktion,Höhenverstellung,1,1,Bauform,Nivellierelement,1,1,Material,Kunststoff,1,1,Gewinde,M10,1,1,Traglast,1726 N,1,0,Durchmesser,80 mm,1,0,,,,,,,,,1,vergleich
simple,BF-V-3181AC03,Getzner Isotop ENI-285-25-80 (Best.-Nr. 45155),1,0,visible,Nivellierbarer Maschinenfuß mit Kugelgelenk und Sylomer-Dämpfungsschicht. Preis und Lieferzeit auf Anfrage.,"<p>Nivellierbarer Maschinenfuß mit Kugelgelenk und Sylomer-Dämpfungsschicht.</p><table><tbody><tr><th>Hersteller</th><td>Getzner</td></tr><tr><th>Serie / Artikel</th><td>Isotop ENI-285-25-80 (Best.-Nr. 45155)</td></tr><tr><th>Maß / Ø (mm)</th><td>80</td></tr><tr><th>Material</th><td>Gewindestange verzinkt, PA-Teller, Sylomer/Sylodyn</td></tr><tr><th>Gewinde / Anschluss</th><td>M10</td></tr><tr><th>Traglast (N)</th><td>2795</td></tr><tr><th>Dämpfung / Härte</th><td>Eigenfrequenz ca. 10-11 Hz</td></tr><tr><th>Varianten laut Hersteller</th><td>1</td></tr></tbody></table><p>Technische Angaben nach Herstellerunterlagen, ohne Gewähr. Passende Ausführung, Preis und Lieferzeit nennen wir Ihnen auf Anfrage.</p>",taxable,1,,Maschinenfüße,,Getzner,Anwendung,Maschine / Anlage,1,1,Funktion,Höhenverstellung,1,1,Bauform,Nivellierelement,1,1,Material,Kunststoff,1,1,Gewinde,M10,1,1,Traglast,2795 N,1,0,Durchmesser,80 mm,1,0,,,,,,,,,1,vergleich
simple,BF-V-9B7CB0D8,Getzner Isotop ENI-60-25-80 (Best.-Nr. 45150),1,0,visible,Nivellierbarer Maschinenfuß mit Kugelgelenk und Sylomer-Dämpfungsschicht. Preis und Lieferzeit auf Anfrage.,"<p>Nivellierbarer Maschinenfuß mit Kugelgelenk und Sylomer-Dämpfungsschicht.</p><table><tbody><tr><th>Hersteller</th><td>Getzner</td></tr><tr><th>Serie / Artikel</th><td>Isotop ENI-60-25-80 (Best.-Nr. 45150)</td></tr><tr><th>Maß / Ø (mm)</th><td>80</td></tr><tr><th>Material</th><td>Gewindestange verzinkt, PA-Teller, Sylomer/Sylodyn</td></tr><tr><th>Gewinde / Anschluss</th><td>M10</td></tr><tr><th>Traglast (N)</th><td>598</td></tr><tr><th>Dämpfung / Härte</th><td>Eigenfrequenz ca. 10-11 Hz</td></tr><tr><th>Varianten laut Hersteller</th><td>1</td></tr></tbody></table><p>Technische Angaben nach Herstellerunterlagen, ohne Gewähr. Passende Ausführung, Preis und Lieferzeit nennen wir Ihnen auf Anfrage.</p>",taxable,1,,Maschinenfüße,,Getzner,Anwendung,Maschine / Anlage,1,1,Funktion,Höhenverstellung,1,1,Bauform,Nivellierelement,1,1,Material,Kunststoff,1,1,Gewinde,M10,1,1,Traglast,598 N,1,0,Durchmesser,80 mm,1,0,,,,,,,,,1,vergleich
simple,BF-V-E68C5C6F,Kipp K0674 M10,1,0,visible,Starrer runder Kunststoff-Stellfuß mit verzinkter Stahlschraube. Preis und Lieferzeit auf Anfrage.,"<p>Starrer runder Kunststoff-Stellfuß mit verzinkter Stahlschraube.</p><table><tbody><tr><th>Hersteller</th><td>Kipp</td></tr><tr><th>Serie / Artikel</th><td>K0674 M10</td></tr><tr><th>Maß / Ø (mm)</th><td>47</td></tr><tr><th>Material</th><td>Polyamid; Stahl verzinkt</td></tr><tr><th>Gewinde / Anschluss</th><td>M10</td></tr><tr><th>Traglast (N)</th><td>4000</td></tr></tbody></table><p>Technische Angaben nach Herstellerunterlagen, ohne Gewähr. Passende Ausführung, Preis und Lieferzeit nennen wir Ihnen auf Anfrage.</p>",taxable,1,,Maschinenfüße,,Kipp,Anwendung,"Maschine / Anlage, Fördertechnik",1,1,Funktion,Höhenverstellung,1,1,Bauform,Stellfuß,1,1,Material,"Stahl, Kunststoff",1,1,Gewinde,M10,1,1,Traglast,4000 N,1,0,Durchmesser,47 mm,1,0,,,,,,,,,1,vergleich
simple,BF-V-7A82C84C,Kipp K0674 M6,1,0,visible,Starrer runder Kunststoff-Stellfuß mit verzinkter Stahlschraube. Preis und Lieferzeit auf Anfrage.,"<p>Starrer runder Kunststoff-Stellfuß mit verzinkter Stahlschraube.</p><table><tbody><tr><th>Hersteller</th><td>Kipp</td></tr><tr><th>Serie / Artikel</th><td>K0674 M6</td></tr><tr><th>Maß / Ø (mm)</th><td>30</td></tr><tr><th>Material</th><td>Polyamid; Stahl verzinkt</td></tr><tr><th>Gewinde / Anschluss</th><td>M6</td></tr><tr><th>Traglast (N)</th><td>3000</td></tr></tbody></table><p>Technische Angaben nach Herstellerunterlagen, ohne Gewähr. Passende Ausführung, Preis und Lieferzeit nennen wir Ihnen auf Anfrage.</p>",taxable,1,,Maschinenfüße,,Kipp,Anwendung,"Maschine / Anlage, Fördertechnik",1,1,Funktion,Höhenverstellung,1,1,Bauform,Stellfuß,1,1,Material,"Stahl, Kunststoff",1,1,Gewinde,M6,1,1,Traglast,3000 N,1,0,Durchmesser,30 mm,1,0,,,,,,,,,1,vergleich
simple,BF-V-BD2DE969,Kipp K0674 M8,1,0,visible,Starrer runder Kunststoff-Stellfuß mit verzinkter Stahlschraube. Preis und Lieferzeit auf Anfrage.,"<p>Starrer runder Kunststoff-Stellfuß mit verzinkter Stahlschraube.</p><table><tbody><tr><th>Hersteller</th><td>Kipp</td></tr><tr><th>Serie / Artikel</th><td>K0674 M8</td></tr><tr><th>Maß / Ø (mm)</th><td>30/47</td></tr><tr><th>Material</th><td>Polyamid; Stahl verzinkt</td></tr><tr><th>Gewinde / Anschluss</th><td>M8</td></tr><tr><th>Traglast (N)</th><td>3000-4000</td></tr></tbody></table><p>Technische Angaben nach Herstellerunterlagen, ohne Gewähr. Passende Ausführung, Preis und Lieferzeit nennen wir Ihnen auf Anfrage.</p>",taxable,1,,Maschinenfüße,,Kipp,Anwendung,"Maschine / Anlage, Fördertechnik",1,1,Funktion,Höhenverstellung,1,1,Bauform,Stellfuß,1,1,Material,"Stahl, Kunststoff",1,1,Gewinde,M8,1,1,Traglast,3000-4000 N,1,0,Durchmesser,30/47 mm,1,0,,,,,,,,,1,vergleich
simple,BF-V-4B26BE1E,Kipp K0675 M10,1,0,visible,"Runder Kunststoff-Stellfuß mit Sechskant, starre Ausführung. Preis und Lieferzeit auf Anfrage.","<p>Runder Kunststoff-Stellfuß mit Sechskant, starre Ausführung.</p><table><tbody><tr><th>Hersteller</th><td>Kipp</td></tr><tr><th>Serie / Artikel</th><td>K0675 M10</td></tr><tr><th>Maß / Ø (mm)</th><td>47</td></tr><tr><th>Material</th><td>Polyamid; Stahl verzinkt</td></tr><tr><th>Gewinde / Anschluss</th><td>M10</td></tr><tr><th>Traglast (N)</th><td>4000</td></tr></tbody></table><p>Technische Angaben nach Herstellerunterlagen, ohne Gewähr. Passende Ausführung, Preis und Lieferzeit nennen wir Ihnen auf Anfrage.</p>",taxable,1,,Maschinenfüße,,Kipp,Anwendung,"Maschine / Anlage, Fördertechnik",1,1,Funktion,Höhenverstellung,1,1,Bauform,Stellfuß,1,1,Material,"Stahl, Kunststoff",1,1,Gewinde,M10,1,1,Traglast,4000 N,1,0,Durchmesser,47 mm,1,0,,,,,,,,,1,vergleich
simple,BF-V-8A0B5FB4,Kipp K0675 M6,1,0,visible,"Runder Kunststoff-Stellfuß mit Sechskant, starre Ausführung. Preis und Lieferzeit auf Anfrage.","<p>Runder Kunststoff-Stellfuß mit Sechskant, starre Ausführung.</p><table><tbody><tr><th>Hersteller</th><td>Kipp</td></tr><tr><th>Serie / Artikel</th><td>K0675 M6</td></tr><tr><th>Maß / Ø (mm)</th><td>30</td></tr><tr><th>Material</th><td>Polyamid; Stahl verzinkt</td></tr><tr><th>Gewinde / Anschluss</th><td>M6</td></tr><tr><th>Traglast (N)</th><td>3000</td></tr></tbody></table><p>Technische Angaben nach Herstellerunterlagen, ohne Gewähr. Passende Ausführung, Preis und Lieferzeit nennen wir Ihnen auf Anfrage.</p>",taxable,1,,Maschinenfüße,,Kipp,Anwendung,"Maschine / Anlage, Fördertechnik",1,1,Funktion,Höhenverstellung,1,1,Bauform,Stellfuß,1,1,Material,"Stahl, Kunststoff",1,1,Gewinde,M6,1,1,Traglast,3000 N,1,0,Durchmesser,30 mm,1,0,,,,,,,,,1,vergleich
simple,BF-V-6EB85C59,Kipp K0675 M8,1,0,visible,"Runder Kunststoff-Stellfuß mit Sechskant, starre Ausführung. Preis und Lieferzeit auf Anfrage.","<p>Runder Kunststoff-Stellfuß mit Sechskant, starre Ausführung.</p><table><tbody><tr><th>Hersteller</th><td>Kipp</td></tr><tr><th>Serie / Artikel</th><td>K0675 M8</td></tr><tr><th>Maß / Ø (mm)</th><td>30/47</td></tr><tr><th>Material</th><td>Polyamid; Stahl verzinkt</td></tr><tr><th>Gewinde / Anschluss</th><td>M8</td></tr><tr><th>Traglast (N)</th><td>3000-4000</td></tr></tbody></table><p>Technische Angaben nach Herstellerunterlagen, ohne Gewähr. Passende Ausführung, Preis und Lieferzeit nennen wir Ihnen auf Anfrage.</p>",taxable,1,,Maschinenfüße,,Kipp,Anwendung,"Maschine / Anlage, Fördertechnik",1,1,Funktion,Höhenverstellung,1,1,Bauform,Stellfuß,1,1,Material,"Stahl, Kunststoff",1,1,Gewinde,M8,1,1,Traglast,3000-4000 N,1,0,Durchmesser,30/47 mm,1,0,,,,,,,,,1,vergleich
simple,BF-V-8CA1BEB2,Martin Levelling Codes 11515-11573 M16,1,0,visible,Schwerlast-Stahlteller Ø80 lackiert mit starrer Spindel und NBR-Auflage. Preis und Lieferzeit auf Anfrage.,"<p>Schwerlast-Stahlteller Ø80 lackiert mit starrer Spindel und NBR-Auflage.</p><table><tbody><tr><th>Hersteller</th><td>Martin Levelling</td></tr><tr><th>Serie / Artikel</th><td>Codes 11515-11573 M16</td></tr><tr><th>Maß / Ø (mm)</th><td>80</td></tr><tr><th>Material</th><td>Stahl gelb lackiert; Spindel verzinkt; NBR 70 Shore</td></tr><tr><th>Gewinde / Anschluss</th><td>M16</td></tr><tr><th>Traglast (N)</th><td>30000</td></tr><tr><th>Varianten laut Hersteller</th><td>3</td></tr></tbody></table><p>Technische Angaben nach Herstellerunterlagen, ohne Gewähr. Passende Ausführung, Preis und Lieferzeit nennen wir Ihnen auf Anfrage.</p>",taxable,1,,Maschinenfüße,,Martin Levelling,Anwendung,"Maschine / Anlage, Fördertechnik",1,1,Funktion,"Höhenverstellung, Hohe Traglast",1,1,Bauform,Stellfuß,1,1,Material,Stahl,1,1,Gewinde,M16,1,1,Traglast,30000 N,1,0,Durchmesser,80 mm,1,0,,,,,,,,,1,vergleich
simple,BF-V-7242C260,Martin Levelling Codes 11515-11573 M20,1,0,visible,Schwerlast-Stahlteller Ø80 lackiert mit starrer Spindel und NBR-Auflage. Preis und Lieferzeit auf Anfrage.,"<p>Schwerlast-Stahlteller Ø80 lackiert mit starrer Spindel und NBR-Auflage.</p><table><tbody><tr><th>Hersteller</th><td>Martin Levelling</td></tr><tr><th>Serie / Artikel</th><td>Codes 11515-11573 M20</td></tr><tr><th>Maß / Ø (mm)</th><td>80</td></tr><tr><th>Material</th><td>Stahl gelb lackiert; Spindel verzinkt; NBR 70 Shore</td></tr><tr><th>Gewinde / Anschluss</th><td>M20</td></tr><tr><th>Traglast (N)</th><td>35000</td></tr><tr><th>Varianten laut Hersteller</th><td>4</td></tr></tbody></table><p>Technische Angaben nach Herstellerunterlagen, ohne Gewähr. Passende Ausführung, Preis und Lieferzeit nennen wir Ihnen auf Anfrage.</p>",taxable,1,,Maschinenfüße,,Martin Levelling,Anwendung,"Maschine / Anlage, Fördertechnik",1,1,Funktion,"Höhenverstellung, Hohe Traglast",1,1,Bauform,Stellfuß,1,1,Material,Stahl,1,1,Gewinde,M20,1,1,Traglast,35000 N,1,0,Durchmesser,80 mm,1,0,,,,,,,,,1,vergleich
simple,BF-V-B91ECEDB,Martin Levelling Codes 11515-11573 M24,1,0,visible,Schwerlast-Stahlteller Ø80 lackiert mit starrer Spindel und NBR-Auflage. Preis und Lieferzeit auf Anfrage.,"<p>Schwerlast-Stahlteller Ø80 lackiert mit starrer Spindel und NBR-Auflage.</p><table><tbody><tr><th>Hersteller</th><td>Martin Levelling</td></tr><tr><th>Serie / Artikel</th><td>Codes 11515-11573 M24</td></tr><tr><th>Maß / Ø (mm)</th><td>80</td></tr><tr><th>Material</th><td>Stahl gelb lackiert; Spindel verzinkt; NBR 70 Shore</td></tr><tr><th>Gewinde / Anschluss</th><td>M24</td></tr><tr><th>Traglast (N)</th><td>40000</td></tr><tr><th>Varianten laut Hersteller</th><td>4</td></tr></tbody></table><p>Technische Angaben nach Herstellerunterlagen, ohne Gewähr. Passende Ausführung, Preis und Lieferzeit nennen wir Ihnen auf Anfrage.</p>",taxable,1,,Maschinenfüße,,Martin Levelling,Anwendung,"Maschine / Anlage, Fördertechnik",1,1,Funktion,"Höhenverstellung, Hohe Traglast",1,1,Bauform,Stellfuß,1,1,Material,Stahl,1,1,Gewinde,M24,1,1,Traglast,40000 N,1,0,Durchmesser,80 mm,1,0,,,,,,,,,1,vergleich
simple,BF-V-CCA5796C,Martin Levelling Codes 12718-12797 M16,1,0,visible,"Kunststoffteller Ø103 mit starrer Edelstahlspindel, optional NBR. Preis und Lieferzeit auf Anfrage.","<p>Kunststoffteller Ø103 mit starrer Edelstahlspindel, optional NBR.</p><table><tbody><tr><th>Hersteller</th><td>Martin Levelling</td></tr><tr><th>Serie / Artikel</th><td>Codes 12718-12797 M16</td></tr><tr><th>Maß / Ø (mm)</th><td>103</td></tr><tr><th>Material</th><td>PA glasfaserverstärkt; Edelstahl AISI 304; NBR 70 Shore</td></tr><tr><th>Gewinde / Anschluss</th><td>M16</td></tr><tr><th>Traglast (N)</th><td>35000</td></tr><tr><th>Varianten laut Hersteller</th><td>16</td></tr></tbody></table><p>Technische Angaben nach Herstellerunterlagen, ohne Gewähr. Passende Ausführung, Preis und Lieferzeit nennen wir Ihnen auf Anfrage.</p>",taxable,1,,Maschinenfüße,,Martin Levelling,Anwendung,"Maschine / Anlage, Fördertechnik",1,1,Funktion,"Höhenverstellung, Hohe Traglast",1,1,Bauform,Stellfuß,1,1,Material,"Edelstahl, Kunststoff",1,1,Gewinde,M16,1,1,Traglast,35000 N,1,0,Durchmesser,103 mm,1,0,,,,,,,,,1,vergleich
simple,BF-V-08E9BDE0,Martin Levelling Codes 12718-12797 M20,1,0,visible,"Kunststoffteller Ø103 mit starrer Edelstahlspindel, optional NBR. Preis und Lieferzeit auf Anfrage.","<p>Kunststoffteller Ø103 mit starrer Edelstahlspindel, optional NBR.</p><table><tbody><tr><th>Hersteller</th><td>Martin Levelling</td></tr><tr><th>Serie / Artikel</th><td>Codes 12718-12797 M20</td></tr><tr><th>Maß / Ø (mm)</th><td>103</td></tr><tr><th>Material</th><td>PA glasfaserverstärkt; Edelstahl AISI 304; NBR 70 Shore</td></tr><tr><th>Gewinde / Anschluss</th><td>M20</td></tr><tr><th>Traglast (N)</th><td>35000</td></tr><tr><th>Varianten laut Hersteller</th><td>14</td></tr></tbody></table><p>Technische Angaben nach Herstellerunterlagen, ohne Gewähr. Passende Ausführung, Preis und Lieferzeit nennen wir Ihnen auf Anfrage.</p>",taxable,1,,Maschinenfüße,,Martin Levelling,Anwendung,"Maschine / Anlage, Fördertechnik",1,1,Funktion,"Höhenverstellung, Hohe Traglast",1,1,Bauform,Stellfuß,1,1,Material,"Edelstahl, Kunststoff",1,1,Gewinde,M20,1,1,Traglast,35000 N,1,0,Durchmesser,103 mm,1,0,,,,,,,,,1,vergleich
simple,BF-V-73923415,Martin Levelling Codes 12718-12797 M24,1,0,visible,"Kunststoffteller Ø103 mit starrer Edelstahlspindel, optional NBR. Preis und Lieferzeit auf Anfrage.","<p>Kunststoffteller Ø103 mit starrer Edelstahlspindel, optional NBR.</p><table><tbody><tr><th>Hersteller</th><td>Martin Levelling</td></tr><tr><th>Serie / Artikel</th><td>Codes 12718-12797 M24</td></tr><tr><th>Maß / Ø (mm)</th><td>103</td></tr><tr><th>Material</th><td>PA glasfaserverstärkt; Edelstahl AISI 304; NBR 70 Shore</td></tr><tr><th>Gewinde / Anschluss</th><td>M24</td></tr><tr><th>Traglast (N)</th><td>35000</td></tr><tr><th>Varianten laut Hersteller</th><td>14</td></tr></tbody></table><p>Technische Angaben nach Herstellerunterlagen, ohne Gewähr. Passende Ausführung, Preis und Lieferzeit nennen wir Ihnen auf Anfrage.</p>",taxable,1,,Maschinenfüße,,Martin Levelling,Anwendung,"Maschine / Anlage, Fördertechnik",1,1,Funktion,"Höhenverstellung, Hohe Traglast",1,1,Bauform,Stellfuß,1,1,Material,"Edelstahl, Kunststoff",1,1,Gewinde,M24,1,1,Traglast,35000 N,1,0,Durchmesser,103 mm,1,0,,,,,,,,,1,vergleich
simple,BF-V-53629D5F,Martin Levelling Codes 12814-12859 M16,1,0,visible,"Kunststoffteller Ø123 mit Edelstahlspindel, hohe Traglast, optional NBR. Preis und Lieferzeit auf Anfrage.","<p>Kunststoffteller Ø123 mit Edelstahlspindel, hohe Traglast, optional NBR.</p><table><tbody><tr><th>Hersteller</th><td>Martin Levelling</td></tr><tr><th>Serie / Artikel</th><td>Codes 12814-12859 M16</td></tr><tr><th>Maß / Ø (mm)</th><td>123</td></tr><tr><th>Material</th><td>PA glasfaserverstärkt; Edelstahl AISI 304; NBR 70 Shore</td></tr><tr><th>Gewinde / Anschluss</th><td>M16</td></tr><tr><th>Traglast (N)</th><td>40000-45000</td></tr><tr><th>Varianten laut Hersteller</th><td>22</td></tr></tbody></table><p>Technische Angaben nach Herstellerunterlagen, ohne Gewähr. Passende Ausführung, Preis und Lieferzeit nennen wir Ihnen auf Anfrage.</p>",taxable,1,,Maschinenfüße,,Martin Levelling,Anwendung,"Maschine / Anlage, Fördertechnik",1,1,Funktion,"Höhenverstellung, Hohe Traglast",1,1,Bauform,Stellfuß,1,1,Material,"Edelstahl, Kunststoff",1,1,Gewinde,M16,1,1,Traglast,40000-45000 N,1,0,Durchmesser,123 mm,1,0,,,,,,,,,1,vergleich
simple,BF-V-7713F54F,Martin Levelling Codes 12814-12859 M20,1,0,visible,"Kunststoffteller Ø123 mit Edelstahlspindel, hohe Traglast, optional NBR. Preis und Lieferzeit auf Anfrage.","<p>Kunststoffteller Ø123 mit Edelstahlspindel, hohe Traglast, optional NBR.</p><table><tbody><tr><th>Hersteller</th><td>Martin Levelling</td></tr><tr><th>Serie / Artikel</th><td>Codes 12814-12859 M20</td></tr><tr><th>Maß / Ø (mm)</th><td>123</td></tr><tr><th>Material</th><td>PA glasfaserverstärkt; Edelstahl AISI 304; NBR 70 Shore</td></tr><tr><th>Gewinde / Anschluss</th><td>M20</td></tr><tr><th>Traglast (N)</th><td>40000-45000</td></tr><tr><th>Varianten laut Hersteller</th><td>20</td></tr></tbody></table><p>Technische Angaben nach Herstellerunterlagen, ohne Gewähr. Passende Ausführung, Preis und Lieferzeit nennen wir Ihnen auf Anfrage.</p>",taxable,1,,Maschinenfüße,,Martin Levelling,Anwendung,"Maschine / Anlage, Fördertechnik",1,1,Funktion,"Höhenverstellung, Hohe Traglast",1,1,Bauform,Stellfuß,1,1,Material,"Edelstahl, Kunststoff",1,1,Gewinde,M20,1,1,Traglast,40000-45000 N,1,0,Durchmesser,123 mm,1,0,,,,,,,,,1,vergleich
simple,BF-V-DC6AC47C,Nivell Gelenkfuß HMF 100,1,0,visible,"Hygienischer Edelstahl-Gelenkfuß, 10° Neigungsausgleich, FDA-Gummi. Preis und Lieferzeit auf Anfrage.","<p>Hygienischer Edelstahl-Gelenkfuß, 10° Neigungsausgleich, FDA-Gummi.</p><table><tbody><tr><th>Hersteller</th><td>Nivell</td></tr><tr><th>Serie / Artikel</th><td>Gelenkfuß HMF 100</td></tr><tr><th>Maß / Ø (mm)</th><td>100</td></tr><tr><th>Material</th><td>Edelstahl 1.4301, Spindel A2-70, NBR</td></tr><tr><th>Gewinde / Anschluss</th><td>M10–M48 kombinierbar</td></tr><tr><th>Dämpfung / Härte</th><td>80 Shore (NBR)</td></tr></tbody></table><p>Technische Angaben nach Herstellerunterlagen, ohne Gewähr. Passende Ausführung, Preis und Lieferzeit nennen wir Ihnen auf Anfrage.</p>",taxable,1,,Maschinenfüße,,Nivell,Anwendung,Maschine / Anlage,1,1,Funktion,Höhenverstellung,1,1,Bauform,Nivellierelement,1,1,Material,Edelstahl,1,1,Gewinde,"M10, M12, M14, M16, M20, M24, M30, M36, M42, M48",1,1,Durchmesser,100 mm,1,0,,,,,,,,,,,,,1,vergleich
simple,BF-V-89DA036F,Nivell Gelenkfuß HMF 120,1,0,visible,"Hygienischer Edelstahl-Gelenkfuß, 10° Neigungsausgleich, FDA-Gummi. Preis und Lieferzeit auf Anfrage.","<p>Hygienischer Edelstahl-Gelenkfuß, 10° Neigungsausgleich, FDA-Gummi.</p><table><tbody><tr><th>Hersteller</th><td>Nivell</td></tr><tr><th>Serie / Artikel</th><td>Gelenkfuß HMF 120</td></tr><tr><th>Maß / Ø (mm)</th><td>120</td></tr><tr><th>Material</th><td>Edelstahl 1.4301, Spindel A2-70, NBR</td></tr><tr><th>Gewinde / Anschluss</th><td>M10–M48 kombinierbar</td></tr><tr><th>Dämpfung / Härte</th><td>80 Shore (NBR)</td></tr></tbody></table><p>Technische Angaben nach Herstellerunterlagen, ohne Gewähr. Passende Ausführung, Preis und Lieferzeit nennen wir Ihnen auf Anfrage.</p>",taxable,1,,Maschinenfüße,,Nivell,Anwendung,Maschine / Anlage,1,1,Funktion,Höhenverstellung,1,1,Bauform,Nivellierelement,1,1,Material,Edelstahl,1,1,Gewinde,"M10, M12, M14, M16, M20, M24, M30, M36, M42, M48",1,1,Durchmesser,120 mm,1,0,,,,,,,,,,,,,1,vergleich
simple,BF-V-184906A9,Nivell Gelenkfuß HMF 140,1,0,visible,"Hygienischer Edelstahl-Gelenkfuß, 10° Neigungsausgleich, FDA-Gummi. Preis und Lieferzeit auf Anfrage.","<p>Hygienischer Edelstahl-Gelenkfuß, 10° Neigungsausgleich, FDA-Gummi.</p><table><tbody><tr><th>Hersteller</th><td>Nivell</td></tr><tr><th>Serie / Artikel</th><td>Gelenkfuß HMF 140</td></tr><tr><th>Maß / Ø (mm)</th><td>140</td></tr><tr><th>Material</th><td>Edelstahl 1.4301, Spindel A2-70, NBR</td></tr><tr><th>Gewinde / Anschluss</th><td>M10–M48 kombinierbar</td></tr><tr><th>Dämpfung / Härte</th><td>80 Shore (NBR)</td></tr></tbody></table><p>Technische Angaben nach Herstellerunterlagen, ohne Gewähr. Passende Ausführung, Preis und Lieferzeit nennen wir Ihnen auf Anfrage.</p>",taxable,1,,Maschinenfüße,,Nivell,Anwendung,Maschine / Anlage,1,1,Funktion,Höhenverstellung,1,1,Bauform,Nivellierelement,1,1,Material,Edelstahl,1,1,Gewinde,"M10, M12, M14, M16, M20, M24, M30, M36, M42, M48",1,1,Durchmesser,140 mm,1,0,,,,,,,,,,,,,1,vergleich
simple,BF-V-85275433,Nivell Gelenkfuß HMF 50,1,0,visible,"Hygienischer Edelstahl-Gelenkfuß, 10° Neigungsausgleich, FDA-Gummi. Preis und Lieferzeit auf Anfrage.","<p>Hygienischer Edelstahl-Gelenkfuß, 10° Neigungsausgleich, FDA-Gummi.</p><table><tbody><tr><th>Hersteller</th><td>Nivell</td></tr><tr><th>Serie / Artikel</th><td>Gelenkfuß HMF 50</td></tr><tr><th>Maß / Ø (mm)</th><td>50</td></tr><tr><th>Material</th><td>Edelstahl 1.4301, Spindel A2-70, NBR</td></tr><tr><th>Gewinde / Anschluss</th><td>M10–M48 kombinierbar</td></tr><tr><th>Dämpfung / Härte</th><td>80 Shore (NBR)</td></tr></tbody></table><p>Technische Angaben nach Herstellerunterlagen, ohne Gewähr. Passende Ausführung, Preis und Lieferzeit nennen wir Ihnen auf Anfrage.</p>",taxable,1,,Maschinenfüße,,Nivell,Anwendung,Maschine / Anlage,1,1,Funktion,Höhenverstellung,1,1,Bauform,Nivellierelement,1,1,Material,Edelstahl,1,1,Gewinde,"M10, M12, M14, M16, M20, M24, M30, M36, M42, M48",1,1,Durchmesser,50 mm,1,0,,,,,,,,,,,,,1,vergleich
simple,BF-V-F39E44EB,Nivell Gelenkfuß HMF 60,1,0,visible,"Hygienischer Edelstahl-Gelenkfuß, 10° Neigungsausgleich, FDA-Gummi. Preis und Lieferzeit auf Anfrage.","<p>Hygienischer Edelstahl-Gelenkfuß, 10° Neigungsausgleich, FDA-Gummi.</p><table><tbody><tr><th>Hersteller</th><td>Nivell</td></tr><tr><th>Serie / Artikel</th><td>Gelenkfuß HMF 60</td></tr><tr><th>Maß / Ø (mm)</th><td>60</td></tr><tr><th>Material</th><td>Edelstahl 1.4301, Spindel A2-70, NBR</td></tr><tr><th>Gewinde / Anschluss</th><td>M10–M48 kombinierbar</td></tr><tr><th>Dämpfung / Härte</th><td>80 Shore (NBR)</td></tr></tbody></table><p>Technische Angaben nach Herstellerunterlagen, ohne Gewähr. Passende Ausführung, Preis und Lieferzeit nennen wir Ihnen auf Anfrage.</p>",taxable,1,,Maschinenfüße,,Nivell,Anwendung,Maschine / Anlage,1,1,Funktion,Höhenverstellung,1,1,Bauform,Nivellierelement,1,1,Material,Edelstahl,1,1,Gewinde,"M10, M12, M14, M16, M20, M24, M30, M36, M42, M48",1,1,Durchmesser,60 mm,1,0,,,,,,,,,,,,,1,vergleich
simple,BF-V-0F3ADE10,Nivell Gelenkfuß HMF 80,1,0,visible,"Hygienischer Edelstahl-Gelenkfuß, 10° Neigungsausgleich, FDA-Gummi. Preis und Lieferzeit auf Anfrage.","<p>Hygienischer Edelstahl-Gelenkfuß, 10° Neigungsausgleich, FDA-Gummi.</p><table><tbody><tr><th>Hersteller</th><td>Nivell</td></tr><tr><th>Serie / Artikel</th><td>Gelenkfuß HMF 80</td></tr><tr><th>Maß / Ø (mm)</th><td>80</td></tr><tr><th>Material</th><td>Edelstahl 1.4301, Spindel A2-70, NBR</td></tr><tr><th>Gewinde / Anschluss</th><td>M10–M48 kombinierbar</td></tr><tr><th>Dämpfung / Härte</th><td>80 Shore (NBR)</td></tr></tbody></table><p>Technische Angaben nach Herstellerunterlagen, ohne Gewähr. Passende Ausführung, Preis und Lieferzeit nennen wir Ihnen auf Anfrage.</p>",taxable,1,,Maschinenfüße,,Nivell,Anwendung,Maschine / Anlage,1,1,Funktion,Höhenverstellung,1,1,Bauform,Nivellierelement,1,1,Material,Edelstahl,1,1,Gewinde,"M10, M12, M14, M16, M20, M24, M30, M36, M42, M48",1,1,Durchmesser,80 mm,1,0,,,,,,,,,,,,,1,vergleich
simple,BF-V-D87938AE,Nivell TE-100 M16,1,0,visible,"Stahlguss-Stellfuß, Stellfuß für Gewindebolzen, flache Bauhöhe, anschraubbar. Preis und Lieferzeit auf Anfrage.","<p>Stahlguss-Stellfuß, Stellfuß für Gewindebolzen, flache Bauhöhe, anschraubbar.</p><table><tbody><tr><th>Hersteller</th><td>Nivell</td></tr><tr><th>Serie / Artikel</th><td>TE-100 M16</td></tr><tr><th>Maß / Ø (mm)</th><td>100</td></tr><tr><th>Material</th><td>Stahlguss lackiert, NBR-Belag 5 mm</td></tr><tr><th>Gewinde / Anschluss</th><td>M16</td></tr><tr><th>Traglast (N)</th><td>20000</td></tr><tr><th>Dämpfung / Härte</th><td>80 Shore (Belag)</td></tr><tr><th>Varianten laut Hersteller</th><td>1</td></tr></tbody></table><p>Technische Angaben nach Herstellerunterlagen, ohne Gewähr. Passende Ausführung, Preis und Lieferzeit nennen wir Ihnen auf Anfrage.</p>",taxable,1,,Maschinenfüße,,Nivell,Anwendung,Maschine / Anlage,1,1,Funktion,"Höhenverstellung, Hohe Traglast",1,1,Bauform,Nivellierelement,1,1,Material,Stahl,1,1,Gewinde,M16,1,1,Traglast,20000 N,1,0,Durchmesser,100 mm,1,0,,,,,,,,,1,vergleich
simple,BF-V-459AC78C,Nivell TE-130 M20,1,0,visible,"Stahlguss-Stellfuß, Kegelfuß, flache Bauhöhe, anschraubbar. Preis und Lieferzeit auf Anfrage.","<p>Stahlguss-Stellfuß, Kegelfuß, flache Bauhöhe, anschraubbar.</p><table><tbody><tr><th>Hersteller</th><td>Nivell</td></tr><tr><th>Serie / Artikel</th><td>TE-130 M20</td></tr><tr><th>Maß / Ø (mm)</th><td>130</td></tr><tr><th>Material</th><td>Stahlguss lackiert, NBR-Belag 5 mm</td></tr><tr><th>Gewinde / Anschluss</th><td>M20</td></tr><tr><th>Traglast (N)</th><td>25000</td></tr><tr><th>Dämpfung / Härte</th><td>80 Shore (Belag)</td></tr><tr><th>Varianten laut Hersteller</th><td>1</td></tr></tbody></table><p>Technische Angaben nach Herstellerunterlagen, ohne Gewähr. Passende Ausführung, Preis und Lieferzeit nennen wir Ihnen auf Anfrage.</p>",taxable,1,,Maschinenfüße,,Nivell,Anwendung,Maschine / Anlage,1,1,Funktion,"Höhenverstellung, Hohe Traglast",1,1,Bauform,Nivellierelement,1,1,Material,Stahl,1,1,Gewinde,M20,1,1,Traglast,25000 N,1,0,Durchmesser,130 mm,1,0,,,,,,,,,1,vergleich
simple,BF-V-B85F714C,Nivell TE-170 M24,1,0,visible,"Stahlguss-Stellfuß, Kegelfuß, flache Bauhöhe, anschraubbar. Preis und Lieferzeit auf Anfrage.","<p>Stahlguss-Stellfuß, Kegelfuß, flache Bauhöhe, anschraubbar.</p><table><tbody><tr><th>Hersteller</th><td>Nivell</td></tr><tr><th>Serie / Artikel</th><td>TE-170 M24</td></tr><tr><th>Maß / Ø (mm)</th><td>170</td></tr><tr><th>Material</th><td>Stahlguss lackiert, NBR-Belag 5 mm</td></tr><tr><th>Gewinde / Anschluss</th><td>M24</td></tr><tr><th>Traglast (N)</th><td>30000</td></tr><tr><th>Dämpfung / Härte</th><td>80 Shore (Belag)</td></tr><tr><th>Varianten laut Hersteller</th><td>1</td></tr></tbody></table><p>Technische Angaben nach Herstellerunterlagen, ohne Gewähr. Passende Ausführung, Preis und Lieferzeit nennen wir Ihnen auf Anfrage.</p>",taxable,1,,Maschinenfüße,,Nivell,Anwendung,Maschine / Anlage,1,1,Funktion,"Höhenverstellung, Hohe Traglast",1,1,Bauform,Nivellierelement,1,1,Material,Stahl,1,1,Gewinde,M24,1,1,Traglast,30000 N,1,0,Durchmesser,170 mm,1,0,,,,,,,,,1,vergleich
simple,BF-V-EA475722,Nivell TG-100 M36x2,1,0,visible,"Stahlguss-Stellfuß, Kugelsitz für Bodenverankerung, flache Bauhöhe, anschraubbar. Preis und Lieferzeit auf Anfrage.","<p>Stahlguss-Stellfuß, Kugelsitz für Bodenverankerung, flache Bauhöhe, anschraubbar.</p><table><tbody><tr><th>Hersteller</th><td>Nivell</td></tr><tr><th>Serie / Artikel</th><td>TG-100 M36x2</td></tr><tr><th>Maß / Ø (mm)</th><td>100</td></tr><tr><th>Material</th><td>Stahlguss lackiert, NBR-Belag 5 mm</td></tr><tr><th>Gewinde / Anschluss</th><td>M36x2</td></tr><tr><th>Traglast (N)</th><td>20000</td></tr><tr><th>Dämpfung / Härte</th><td>80 Shore (Belag)</td></tr><tr><th>Varianten laut Hersteller</th><td>1</td></tr></tbody></table><p>Technische Angaben nach Herstellerunterlagen, ohne Gewähr. Passende Ausführung, Preis und Lieferzeit nennen wir Ihnen auf Anfrage.</p>",taxable,1,,Maschinenfüße,,Nivell,Anwendung,Maschine / Anlage,1,1,Funktion,"Höhenverstellung, Hohe Traglast",1,1,Bauform,Nivellierelement,1,1,Material,Stahl,1,1,Gewinde,M36,1,1,Traglast,20000 N,1,0,Durchmesser,100 mm,1,0,,,,,,,,,1,vergleich
simple,BF-V-16D67893,Nivell TM-100 M20x150,1,0,visible,"Stahlguss-Stellfuß, Gewindefuß starr, flache Bauhöhe, anschraubbar. Preis und Lieferzeit auf Anfrage.","<p>Stahlguss-Stellfuß, Gewindefuß starr, flache Bauhöhe, anschraubbar.</p><table><tbody><tr><th>Hersteller</th><td>Nivell</td></tr><tr><th>Serie / Artikel</th><td>TM-100 M20x150</td></tr><tr><th>Maß / Ø (mm)</th><td>100</td></tr><tr><th>Material</th><td>Stahlguss lackiert, NBR-Belag 5 mm</td></tr><tr><th>Gewinde / Anschluss</th><td>M20x150</td></tr><tr><th>Traglast (N)</th><td>20000</td></tr><tr><th>Dämpfung / Härte</th><td>80 Shore (Belag)</td></tr><tr><th>Varianten laut Hersteller</th><td>1</td></tr></tbody></table><p>Technische Angaben nach Herstellerunterlagen, ohne Gewähr. Passende Ausführung, Preis und Lieferzeit nennen wir Ihnen auf Anfrage.</p>",taxable,1,,Maschinenfüße,,Nivell,Anwendung,Maschine / Anlage,1,1,Funktion,"Höhenverstellung, Hohe Traglast",1,1,Bauform,Nivellierelement,1,1,Material,Stahl,1,1,Gewinde,M20,1,1,Traglast,20000 N,1,0,Durchmesser,100 mm,1,0,,,,,,,,,1,vergleich
simple,BF-V-EEAACAAE,Nivell TM-130 M16,1,0,visible,"Stahlguss-Stellfuß, Gewindefuß starr, flache Bauhöhe, anschraubbar. Preis und Lieferzeit auf Anfrage.","<p>Stahlguss-Stellfuß, Gewindefuß starr, flache Bauhöhe, anschraubbar.</p><table><tbody><tr><th>Hersteller</th><td>Nivell</td></tr><tr><th>Serie / Artikel</th><td>TM-130 M16</td></tr><tr><th>Maß / Ø (mm)</th><td>130</td></tr><tr><th>Material</th><td>Stahlguss lackiert, NBR-Belag 5 mm</td></tr><tr><th>Gewinde / Anschluss</th><td>M16</td></tr><tr><th>Traglast (N)</th><td>25000</td></tr><tr><th>Dämpfung / Härte</th><td>80 Shore (Belag)</td></tr><tr><th>Varianten laut Hersteller</th><td>1</td></tr></tbody></table><p>Technische Angaben nach Herstellerunterlagen, ohne Gewähr. Passende Ausführung, Preis und Lieferzeit nennen wir Ihnen auf Anfrage.</p>",taxable,1,,Maschinenfüße,,Nivell,Anwendung,Maschine / Anlage,1,1,Funktion,"Höhenverstellung, Hohe Traglast",1,1,Bauform,Nivellierelement,1,1,Material,Stahl,1,1,Gewinde,M16,1,1,Traglast,25000 N,1,0,Durchmesser,130 mm,1,0,,,,,,,,,1,vergleich
simple,BF-V-E86CB933,Nivell TR-100 M12x100,1,0,visible,"Stahlguss-Stellfuß, Gelenkfuß ±4°, flache Bauhöhe, anschraubbar. Preis und Lieferzeit auf Anfrage.","<p>Stahlguss-Stellfuß, Gelenkfuß ±4°, flache Bauhöhe, anschraubbar.</p><table><tbody><tr><th>Hersteller</th><td>Nivell</td></tr><tr><th>Serie / Artikel</th><td>TR-100 M12x100</td></tr><tr><th>Maß / Ø (mm)</th><td>100</td></tr><tr><th>Material</th><td>Stahlguss lackiert, NBR-Belag 5 mm</td></tr><tr><th>Gewinde / Anschluss</th><td>M12x100</td></tr><tr><th>Traglast (N)</th><td>20000</td></tr><tr><th>Dämpfung / Härte</th><td>80 Shore (Belag)</td></tr><tr><th>Varianten laut Hersteller</th><td>1</td></tr></tbody></table><p>Technische Angaben nach Herstellerunterlagen, ohne Gewähr. Passende Ausführung, Preis und Lieferzeit nennen wir Ihnen auf Anfrage.</p>",taxable,1,,Maschinenfüße,,Nivell,Anwendung,Maschine / Anlage,1,1,Funktion,"Höhenverstellung, Hohe Traglast",1,1,Bauform,Nivellierelement,1,1,Material,Stahl,1,1,Gewinde,M12,1,1,Traglast,20000 N,1,0,Durchmesser,100 mm,1,0,,,,,,,,,1,vergleich
simple,BF-V-4C6246F1,Nivell TR-100 M16x100,1,0,visible,"Stahlguss-Stellfuß, Gelenkfuß ±4°, flache Bauhöhe, anschraubbar. Preis und Lieferzeit auf Anfrage.","<p>Stahlguss-Stellfuß, Gelenkfuß ±4°, flache Bauhöhe, anschraubbar.</p><table><tbody><tr><th>Hersteller</th><td>Nivell</td></tr><tr><th>Serie / Artikel</th><td>TR-100 M16x100</td></tr><tr><th>Maß / Ø (mm)</th><td>100</td></tr><tr><th>Material</th><td>Stahlguss lackiert, NBR-Belag 5 mm</td></tr><tr><th>Gewinde / Anschluss</th><td>M16x100</td></tr><tr><th>Traglast (N)</th><td>25000</td></tr><tr><th>Dämpfung / Härte</th><td>80 Shore (Belag)</td></tr><tr><th>Varianten laut Hersteller</th><td>1</td></tr></tbody></table><p>Technische Angaben nach Herstellerunterlagen, ohne Gewähr. Passende Ausführung, Preis und Lieferzeit nennen wir Ihnen auf Anfrage.</p>",taxable,1,,Maschinenfüße,,Nivell,Anwendung,Maschine / Anlage,1,1,Funktion,"Höhenverstellung, Hohe Traglast",1,1,Bauform,Nivellierelement,1,1,Material,Stahl,1,1,Gewinde,M16,1,1,Traglast,25000 N,1,0,Durchmesser,100 mm,1,0,,,,,,,,,1,vergleich
simple,BF-V-4BBEC085,Nivell TR-100 M20x100,1,0,visible,"Stahlguss-Stellfuß, Gelenkfuß ±4°, flache Bauhöhe, anschraubbar. Preis und Lieferzeit auf Anfrage.","<p>Stahlguss-Stellfuß, Gelenkfuß ±4°, flache Bauhöhe, anschraubbar.</p><table><tbody><tr><th>Hersteller</th><td>Nivell</td></tr><tr><th>Serie / Artikel</th><td>TR-100 M20x100</td></tr><tr><th>Maß / Ø (mm)</th><td>100</td></tr><tr><th>Material</th><td>Stahlguss lackiert, NBR-Belag 5 mm</td></tr><tr><th>Gewinde / Anschluss</th><td>M20x100</td></tr><tr><th>Traglast (N)</th><td>20000</td></tr><tr><th>Dämpfung / Härte</th><td>80 Shore (Belag)</td></tr><tr><th>Varianten laut Hersteller</th><td>1</td></tr></tbody></table><p>Technische Angaben nach Herstellerunterlagen, ohne Gewähr. Passende Ausführung, Preis und Lieferzeit nennen wir Ihnen auf Anfrage.</p>",taxable,1,,Maschinenfüße,,Nivell,Anwendung,Maschine / Anlage,1,1,Funktion,"Höhenverstellung, Hohe Traglast",1,1,Bauform,Nivellierelement,1,1,Material,Stahl,1,1,Gewinde,M20,1,1,Traglast,20000 N,1,0,Durchmesser,100 mm,1,0,,,,,,,,,1,vergleich
simple,BF-V-92E93535,Nivell TR-100 M24x100,1,0,visible,"Stahlguss-Stellfuß, Gelenkfuß ±4°, flache Bauhöhe, anschraubbar. Preis und Lieferzeit auf Anfrage.","<p>Stahlguss-Stellfuß, Gelenkfuß ±4°, flache Bauhöhe, anschraubbar.</p><table><tbody><tr><th>Hersteller</th><td>Nivell</td></tr><tr><th>Serie / Artikel</th><td>TR-100 M24x100</td></tr><tr><th>Maß / Ø (mm)</th><td>100</td></tr><tr><th>Material</th><td>Stahlguss lackiert, NBR-Belag 5 mm</td></tr><tr><th>Gewinde / Anschluss</th><td>M24x100</td></tr><tr><th>Traglast (N)</th><td>20000</td></tr><tr><th>Dämpfung / Härte</th><td>80 Shore (Belag)</td></tr><tr><th>Varianten laut Hersteller</th><td>1</td></tr></tbody></table><p>Technische Angaben nach Herstellerunterlagen, ohne Gewähr. Passende Ausführung, Preis und Lieferzeit nennen wir Ihnen auf Anfrage.</p>",taxable,1,,Maschinenfüße,,Nivell,Anwendung,Maschine / Anlage,1,1,Funktion,"Höhenverstellung, Hohe Traglast",1,1,Bauform,Nivellierelement,1,1,Material,Stahl,1,1,Gewinde,M24,1,1,Traglast,20000 N,1,0,Durchmesser,100 mm,1,0,,,,,,,,,1,vergleich
simple,BF-V-3CBB594A,Nivell TR-130 M16x100,1,0,visible,"Stahlguss-Stellfuß, Gelenkfuß ±4°, flache Bauhöhe, anschraubbar. Preis und Lieferzeit auf Anfrage.","<p>Stahlguss-Stellfuß, Gelenkfuß ±4°, flache Bauhöhe, anschraubbar.</p><table><tbody><tr><th>Hersteller</th><td>Nivell</td></tr><tr><th>Serie / Artikel</th><td>TR-130 M16x100</td></tr><tr><th>Maß / Ø (mm)</th><td>130</td></tr><tr><th>Material</th><td>Stahlguss lackiert, NBR-Belag 5 mm</td></tr><tr><th>Gewinde / Anschluss</th><td>M16x100</td></tr><tr><th>Traglast (N)</th><td>25000</td></tr><tr><th>Dämpfung / Härte</th><td>80 Shore (Belag)</td></tr><tr><th>Varianten laut Hersteller</th><td>1</td></tr></tbody></table><p>Technische Angaben nach Herstellerunterlagen, ohne Gewähr. Passende Ausführung, Preis und Lieferzeit nennen wir Ihnen auf Anfrage.</p>",taxable,1,,Maschinenfüße,,Nivell,Anwendung,Maschine / Anlage,1,1,Funktion,"Höhenverstellung, Hohe Traglast",1,1,Bauform,Nivellierelement,1,1,Material,Stahl,1,1,Gewinde,M16,1,1,Traglast,25000 N,1,0,Durchmesser,130 mm,1,0,,,,,,,,,1,vergleich
simple,BF-V-58FB8A49,Nivell TR-130 M20x100,1,0,visible,"Stahlguss-Stellfuß, Gelenkfuß ±4°, flache Bauhöhe, anschraubbar. Preis und Lieferzeit auf Anfrage.","<p>Stahlguss-Stellfuß, Gelenkfuß ±4°, flache Bauhöhe, anschraubbar.</p><table><tbody><tr><th>Hersteller</th><td>Nivell</td></tr><tr><th>Serie / Artikel</th><td>TR-130 M20x100</td></tr><tr><th>Maß / Ø (mm)</th><td>130</td></tr><tr><th>Material</th><td>Stahlguss lackiert, NBR-Belag 5 mm</td></tr><tr><th>Gewinde / Anschluss</th><td>M20x100</td></tr><tr><th>Traglast (N)</th><td>25000</td></tr><tr><th>Dämpfung / Härte</th><td>80 Shore (Belag)</td></tr><tr><th>Varianten laut Hersteller</th><td>1</td></tr></tbody></table><p>Technische Angaben nach Herstellerunterlagen, ohne Gewähr. Passende Ausführung, Preis und Lieferzeit nennen wir Ihnen auf Anfrage.</p>",taxable,1,,Maschinenfüße,,Nivell,Anwendung,Maschine / Anlage,1,1,Funktion,"Höhenverstellung, Hohe Traglast",1,1,Bauform,Nivellierelement,1,1,Material,Stahl,1,1,Gewinde,M20,1,1,Traglast,25000 N,1,0,Durchmesser,130 mm,1,0,,,,,,,,,1,vergleich
simple,BF-V-02160F93,Nivell TR-130 M24x100,1,0,visible,"Stahlguss-Stellfuß, Gelenkfuß ±4°, flache Bauhöhe, anschraubbar. Preis und Lieferzeit auf Anfrage.","<p>Stahlguss-Stellfuß, Gelenkfuß ±4°, flache Bauhöhe, anschraubbar.</p><table><tbody><tr><th>Hersteller</th><td>Nivell</td></tr><tr><th>Serie / Artikel</th><td>TR-130 M24x100</td></tr><tr><th>Maß / Ø (mm)</th><td>130</td></tr><tr><th>Material</th><td>Stahlguss lackiert, NBR-Belag 5 mm</td></tr><tr><th>Gewinde / Anschluss</th><td>M24x100</td></tr><tr><th>Traglast (N)</th><td>25000</td></tr><tr><th>Dämpfung / Härte</th><td>80 Shore (Belag)</td></tr><tr><th>Varianten laut Hersteller</th><td>1</td></tr></tbody></table><p>Technische Angaben nach Herstellerunterlagen, ohne Gewähr. Passende Ausführung, Preis und Lieferzeit nennen wir Ihnen auf Anfrage.</p>",taxable,1,,Maschinenfüße,,Nivell,Anwendung,Maschine / Anlage,1,1,Funktion,"Höhenverstellung, Hohe Traglast",1,1,Bauform,Nivellierelement,1,1,Material,Stahl,1,1,Gewinde,M24,1,1,Traglast,25000 N,1,0,Durchmesser,130 mm,1,0,,,,,,,,,1,vergleich
simple,BF-V-2333F924,Nivell TR-170 M20x100,1,0,visible,"Stahlguss-Stellfuß, Gelenkfuß ±4°, flache Bauhöhe, anschraubbar. Preis und Lieferzeit auf Anfrage.","<p>Stahlguss-Stellfuß, Gelenkfuß ±4°, flache Bauhöhe, anschraubbar.</p><table><tbody><tr><th>Hersteller</th><td>Nivell</td></tr><tr><th>Serie / Artikel</th><td>TR-170 M20x100</td></tr><tr><th>Maß / Ø (mm)</th><td>170</td></tr><tr><th>Material</th><td>Stahlguss lackiert, NBR-Belag 5 mm</td></tr><tr><th>Gewinde / Anschluss</th><td>M20x100</td></tr><tr><th>Traglast (N)</th><td>30000</td></tr><tr><th>Dämpfung / Härte</th><td>80 Shore (Belag)</td></tr><tr><th>Varianten laut Hersteller</th><td>1</td></tr></tbody></table><p>Technische Angaben nach Herstellerunterlagen, ohne Gewähr. Passende Ausführung, Preis und Lieferzeit nennen wir Ihnen auf Anfrage.</p>",taxable,1,,Maschinenfüße,,Nivell,Anwendung,Maschine / Anlage,1,1,Funktion,"Höhenverstellung, Hohe Traglast",1,1,Bauform,Nivellierelement,1,1,Material,Stahl,1,1,Gewinde,M20,1,1,Traglast,30000 N,1,0,Durchmesser,170 mm,1,0,,,,,,,,,1,vergleich
simple,BF-V-9B5FB5B9,Nivell TR-170 M24x100,1,0,visible,"Stahlguss-Stellfuß, Gelenkfuß ±4°, flache Bauhöhe, anschraubbar. Preis und Lieferzeit auf Anfrage.","<p>Stahlguss-Stellfuß, Gelenkfuß ±4°, flache Bauhöhe, anschraubbar.</p><table><tbody><tr><th>Hersteller</th><td>Nivell</td></tr><tr><th>Serie / Artikel</th><td>TR-170 M24x100</td></tr><tr><th>Maß / Ø (mm)</th><td>170</td></tr><tr><th>Material</th><td>Stahlguss lackiert, NBR-Belag 5 mm</td></tr><tr><th>Gewinde / Anschluss</th><td>M24x100</td></tr><tr><th>Traglast (N)</th><td>30000</td></tr><tr><th>Dämpfung / Härte</th><td>80 Shore (Belag)</td></tr><tr><th>Varianten laut Hersteller</th><td>1</td></tr></tbody></table><p>Technische Angaben nach Herstellerunterlagen, ohne Gewähr. Passende Ausführung, Preis und Lieferzeit nennen wir Ihnen auf Anfrage.</p>",taxable,1,,Maschinenfüße,,Nivell,Anwendung,Maschine / Anlage,1,1,Funktion,"Höhenverstellung, Hohe Traglast",1,1,Bauform,Nivellierelement,1,1,Material,Stahl,1,1,Gewinde,M24,1,1,Traglast,30000 N,1,0,Durchmesser,170 mm,1,0,,,,,,,,,1,vergleich
simple,BF-V-31B2B286,Nivell TRN-100 M16x100,1,0,visible,"Stahlguss-Stellfuß, Gewindefuß ±4° ohne Belag, flache Bauhöhe, anschraubbar. Preis und Lieferzeit auf Anfrage.","<p>Stahlguss-Stellfuß, Gewindefuß ±4° ohne Belag, flache Bauhöhe, anschraubbar.</p><table><tbody><tr><th>Hersteller</th><td>Nivell</td></tr><tr><th>Serie / Artikel</th><td>TRN-100 M16x100</td></tr><tr><th>Maß / Ø (mm)</th><td>100</td></tr><tr><th>Material</th><td>Stahlguss lackiert, NBR-Belag 5 mm</td></tr><tr><th>Gewinde / Anschluss</th><td>M16x100</td></tr><tr><th>Traglast (N)</th><td>20000</td></tr><tr><th>Dämpfung / Härte</th><td>80 Shore (Belag)</td></tr><tr><th>Varianten laut Hersteller</th><td>1</td></tr></tbody></table><p>Technische Angaben nach Herstellerunterlagen, ohne Gewähr. Passende Ausführung, Preis und Lieferzeit nennen wir Ihnen auf Anfrage.</p>",taxable,1,,Maschinenfüße,,Nivell,Anwendung,Maschine / Anlage,1,1,Funktion,"Höhenverstellung, Hohe Traglast",1,1,Bauform,Nivellierelement,1,1,Material,Stahl,1,1,Gewinde,M16,1,1,Traglast,20000 N,1,0,Durchmesser,100 mm,1,0,,,,,,,,,1,vergleich
simple,BF-V-3C729371,Nu-Tech Engineering A315/001 M12 (RS 405-2803),1,0,visible,Edelstahl-Stellfuß mit rutschfester Nitrilgummi-Einlage. Preis und Lieferzeit auf Anfrage.,"<p>Edelstahl-Stellfuß mit rutschfester Nitrilgummi-Einlage.</p><table><tbody><tr><th>Hersteller</th><td>Nu-Tech Engineering</td></tr><tr><th>Serie / Artikel</th><td>A315/001 M12 (RS 405-2803)</td></tr><tr><th>Maß / Ø (mm)</th><td>60</td></tr><tr><th>Material</th><td>Edelstahl; NBR</td></tr><tr><th>Gewinde / Anschluss</th><td>M12</td></tr><tr><th>Traglast (N)</th><td>12500 (1250 kg)</td></tr><tr><th>Varianten laut Hersteller</th><td>1</td></tr></tbody></table><p>Technische Angaben nach Herstellerunterlagen, ohne Gewähr. Passende Ausführung, Preis und Lieferzeit nennen wir Ihnen auf Anfrage.</p>",taxable,1,,Maschinenfüße,,Nu-Tech Engineering,Anwendung,"Maschine / Anlage, Fördertechnik",1,1,Funktion,Höhenverstellung,1,1,Bauform,Stellfuß,1,1,Material,Edelstahl,1,1,Gewinde,M12,1,1,Traglast,12500 (1250 kg) N,1,0,Durchmesser,60 mm,1,0,,,,,,,,,1,vergleich
simple,BF-V-ACB772F9,Paulstra Nivofix 530810 / 530815,1,0,visible,"Nivellierender Gerätefuß mit rutschfester Nitrilsohle, ohne Verankerung. Preis und Lieferzeit auf Anfrage.","<p>Nivellierender Gerätefuß mit rutschfester Nitrilsohle, ohne Verankerung.</p><table><tbody><tr><th>Hersteller</th><td>Paulstra</td></tr><tr><th>Serie / Artikel</th><td>Nivofix 530810 / 530815</td></tr><tr><th>Maß / Ø (mm)</th><td>65</td></tr><tr><th>Material</th><td>Nitril-Elastomer, Stahl verzinkt oder Edelstahl</td></tr><tr><th>Gewinde / Anschluss</th><td>M12</td></tr><tr><th>Traglast (N)</th><td>1000-6000</td></tr><tr><th>Dämpfung / Härte</th><td>Einfederung 1-4 mm</td></tr><tr><th>Varianten laut Hersteller</th><td>1-2 (Stahl/Edelstahl)</td></tr></tbody></table><p>Technische Angaben nach Herstellerunterlagen, ohne Gewähr. Passende Ausführung, Preis und Lieferzeit nennen wir Ihnen auf Anfrage.</p>",taxable,1,,Maschinenfüße,,Paulstra,Anwendung,Maschine / Anlage,1,1,Funktion,Höhenverstellung,1,1,Bauform,Nivellierelement,1,1,Material,"Edelstahl, Stahl",1,1,Gewinde,M12,1,1,Traglast,1000-6000 N,1,0,Durchmesser,65 mm,1,0,,,,,,,,,1,vergleich
simple,BF-V-B9F0E772,Paulstra Nivofix 530820 / 530825,1,0,visible,"Nivellierender Gerätefuß mit rutschfester Nitrilsohle, ohne Verankerung. Preis und Lieferzeit auf Anfrage.","<p>Nivellierender Gerätefuß mit rutschfester Nitrilsohle, ohne Verankerung.</p><table><tbody><tr><th>Hersteller</th><td>Paulstra</td></tr><tr><th>Serie / Artikel</th><td>Nivofix 530820 / 530825</td></tr><tr><th>Maß / Ø (mm)</th><td>88</td></tr><tr><th>Material</th><td>Nitril-Elastomer, Stahl verzinkt oder Edelstahl</td></tr><tr><th>Gewinde / Anschluss</th><td>M16</td></tr><tr><th>Traglast (N)</th><td>3250-13000</td></tr><tr><th>Dämpfung / Härte</th><td>Einfederung 1-4 mm</td></tr><tr><th>Varianten laut Hersteller</th><td>1-2 (Stahl/Edelstahl)</td></tr></tbody></table><p>Technische Angaben nach Herstellerunterlagen, ohne Gewähr. Passende Ausführung, Preis und Lieferzeit nennen wir Ihnen auf Anfrage.</p>",taxable,1,,Maschinenfüße,,Paulstra,Anwendung,Maschine / Anlage,1,1,Funktion,Höhenverstellung,1,1,Bauform,Nivellierelement,1,1,Material,"Edelstahl, Stahl",1,1,Gewinde,M16,1,1,Traglast,3250-13000 N,1,0,Durchmesser,88 mm,1,0,,,,,,,,,1,vergleich
simple,BF-V-41187FCB,Paulstra Nivofix 530830 / 530835,1,0,visible,"Nivellierender Gerätefuß mit rutschfester Nitrilsohle, ohne Verankerung. Preis und Lieferzeit auf Anfrage.","<p>Nivellierender Gerätefuß mit rutschfester Nitrilsohle, ohne Verankerung.</p><table><tbody><tr><th>Hersteller</th><td>Paulstra</td></tr><tr><th>Serie / Artikel</th><td>Nivofix 530830 / 530835</td></tr><tr><th>Maß / Ø (mm)</th><td>133</td></tr><tr><th>Material</th><td>Nitril-Elastomer, Stahl verzinkt oder Edelstahl</td></tr><tr><th>Gewinde / Anschluss</th><td>M20</td></tr><tr><th>Traglast (N)</th><td>6500-26000</td></tr><tr><th>Dämpfung / Härte</th><td>Einfederung 1-4 mm</td></tr><tr><th>Varianten laut Hersteller</th><td>1-2 (Stahl/Edelstahl)</td></tr></tbody></table><p>Technische Angaben nach Herstellerunterlagen, ohne Gewähr. Passende Ausführung, Preis und Lieferzeit nennen wir Ihnen auf Anfrage.</p>",taxable,1,,Maschinenfüße,,Paulstra,Anwendung,Maschine / Anlage,1,1,Funktion,Höhenverstellung,1,1,Bauform,Nivellierelement,1,1,Material,"Edelstahl, Stahl",1,1,Gewinde,M20,1,1,Traglast,6500-26000 N,1,0,Durchmesser,133 mm,1,0,,,,,,,,,1,vergleich
simple,BF-V-93F3842C,Paulstra Nivofix 530840,1,0,visible,"Nivellierender Gerätefuß mit rutschfester Nitrilsohle, ohne Verankerung. Preis und Lieferzeit auf Anfrage.","<p>Nivellierender Gerätefuß mit rutschfester Nitrilsohle, ohne Verankerung.</p><table><tbody><tr><th>Hersteller</th><td>Paulstra</td></tr><tr><th>Serie / Artikel</th><td>Nivofix 530840</td></tr><tr><th>Maß / Ø (mm)</th><td>200</td></tr><tr><th>Material</th><td>Nitril-Elastomer, Stahl verzinkt oder Edelstahl</td></tr><tr><th>Gewinde / Anschluss</th><td>M24</td></tr><tr><th>Traglast (N)</th><td>15000-60000</td></tr><tr><th>Dämpfung / Härte</th><td>Einfederung 1-4 mm</td></tr><tr><th>Varianten laut Hersteller</th><td>1-2 (Stahl/Edelstahl)</td></tr></tbody></table><p>Technische Angaben nach Herstellerunterlagen, ohne Gewähr. Passende Ausführung, Preis und Lieferzeit nennen wir Ihnen auf Anfrage.</p>",taxable,1,,Maschinenfüße,,Paulstra,Anwendung,Maschine / Anlage,1,1,Funktion,Höhenverstellung,1,1,Bauform,Nivellierelement,1,1,Material,"Edelstahl, Stahl",1,1,Gewinde,M24,1,1,Traglast,15000-60000 N,1,0,Durchmesser,200 mm,1,0,,,,,,,,,1,vergleich
simple,BF-V-F8FAD99B,Paulstra Nivofix 530850,1,0,visible,"Nivellierender Gerätefuß mit rutschfester Nitrilsohle, ohne Verankerung. Preis und Lieferzeit auf Anfrage.","<p>Nivellierender Gerätefuß mit rutschfester Nitrilsohle, ohne Verankerung.</p><table><tbody><tr><th>Hersteller</th><td>Paulstra</td></tr><tr><th>Serie / Artikel</th><td>Nivofix 530850</td></tr><tr><th>Maß / Ø (mm)</th><td>260</td></tr><tr><th>Material</th><td>Nitril-Elastomer, Stahl verzinkt oder Edelstahl</td></tr><tr><th>Gewinde / Anschluss</th><td>M24</td></tr><tr><th>Traglast (N)</th><td>30000-120000</td></tr><tr><th>Dämpfung / Härte</th><td>Einfederung 1-4 mm</td></tr><tr><th>Varianten laut Hersteller</th><td>1-2 (Stahl/Edelstahl)</td></tr></tbody></table><p>Technische Angaben nach Herstellerunterlagen, ohne Gewähr. Passende Ausführung, Preis und Lieferzeit nennen wir Ihnen auf Anfrage.</p>",taxable,1,,Maschinenfüße,,Paulstra,Anwendung,Maschine / Anlage,1,1,Funktion,"Höhenverstellung, Hohe Traglast",1,1,Bauform,Nivellierelement,1,1,Material,"Edelstahl, Stahl",1,1,Gewinde,M24,1,1,Traglast,30000-120000 N,1,0,Durchmesser,260 mm,1,0,,,,,,,,,1,vergleich
simple,BF-V-4F63F519,RS PRO RS 126-3549 M10,1,0,visible,"RS-Eigenmarke Stellfuß, Handelsware, Hersteller nicht genannt. Preis und Lieferzeit auf Anfrage.","<p>RS-Eigenmarke Stellfuß, Handelsware, Hersteller nicht genannt.</p><table><tbody><tr><th>Hersteller</th><td>RS PRO</td></tr><tr><th>Serie / Artikel</th><td>RS 126-3549 M10</td></tr><tr><th>Maß / Ø (mm)</th><td>80</td></tr><tr><th>Material</th><td>Stahl verzinkt</td></tr><tr><th>Gewinde / Anschluss</th><td>M10</td></tr><tr><th>Traglast (N)</th><td>4000 (400 kg)</td></tr><tr><th>Varianten laut Hersteller</th><td>1</td></tr></tbody></table><p>Technische Angaben nach Herstellerunterlagen, ohne Gewähr. Passende Ausführung, Preis und Lieferzeit nennen wir Ihnen auf Anfrage.</p>",taxable,1,,Maschinenfüße,,RS PRO,Anwendung,"Maschine / Anlage, Fördertechnik",1,1,Funktion,Höhenverstellung,1,1,Bauform,Stellfuß,1,1,Material,Stahl,1,1,Gewinde,M10,1,1,Traglast,4000 (400 kg) N,1,0,Durchmesser,80 mm,1,0,,,,,,,,,1,vergleich
simple,BF-V-E9D02ECF,Serious 10534 M16 (RS 281-9804),1,0,visible,Stellfuß mit Gummibasis für schwere Lasten bis 1000 kg. Preis und Lieferzeit auf Anfrage.,"<p>Stellfuß mit Gummibasis für schwere Lasten bis 1000 kg.</p><table><tbody><tr><th>Hersteller</th><td>Serious</td></tr><tr><th>Serie / Artikel</th><td>10534 M16 (RS 281-9804)</td></tr><tr><th>Maß / Ø (mm)</th><td>98</td></tr><tr><th>Material</th><td>Gummibasis; Gewindespindel</td></tr><tr><th>Gewinde / Anschluss</th><td>M16</td></tr><tr><th>Traglast (N)</th><td>10000 (1000 kg)</td></tr><tr><th>Varianten laut Hersteller</th><td>1</td></tr></tbody></table><p>Technische Angaben nach Herstellerunterlagen, ohne Gewähr. Passende Ausführung, Preis und Lieferzeit nennen wir Ihnen auf Anfrage.</p>",taxable,1,,Maschinenfüße,,Serious,Anwendung,"Maschine / Anlage, Fördertechnik",1,1,Funktion,Höhenverstellung,1,1,Bauform,Stellfuß,1,1,Gewinde,M16,1,1,Traglast,10000 (1000 kg) N,1,0,Durchmesser,98 mm,1,0,,,,,,,,,,,,,1,vergleich
simple,BF-V-8297A0A9,"Blickle Feststellfuß (für Rollenserien LE, L, LK, LH, LO, LS)",1,0,visible,Fußbetätigter Feststeller arretiert Transportgerät ohne Anheben. Preis und Lieferzeit auf Anfrage.,"<p>Fußbetätigter Feststeller arretiert Transportgerät ohne Anheben.</p><table><tbody><tr><th>Hersteller</th><td>Blickle</td></tr><tr><th>Serie / Artikel</th><td>Feststellfuß (für Rollenserien LE, L, LK, LH, LO, LS)</td></tr><tr><th>Material</th><td>Stahl</td></tr><tr><th>Gewinde / Anschluss</th><td>Anschraubplatte 100x85 bzw. 140x110</td></tr><tr><th>Traglast (N)</th><td>ca. 600 Klemmkraft</td></tr><tr><th>Dämpfung / Härte</th><td>Federweg ca. 10 mm</td></tr><tr><th>Varianten laut Hersteller</th><td>2+</td></tr></tbody></table><p>Technische Angaben nach Herstellerunterlagen, ohne Gewähr. Passende Ausführung, Preis und Lieferzeit nennen wir Ihnen auf Anfrage.</p>",taxable,1,,Rollen & Sonderlösungen,,Blickle,Anwendung,"Maschine / Anlage, Gastronomiegerät",1,1,Funktion,Mobil (Rolle + Fuß),1,1,Bauform,Spezialausführung,1,1,Material,Stahl,1,1,Traglast,ca. 600 Klemmkraft N,1,0,,,,,,,,,,,,,,,,,1,vergleich
simple,BF-V-1FE9D2EA,Blickle LKUD-TPA 125K,1,0,visible,Kunststoff-Doppellenkrolle mit kleinen Spalten für Großküchen. Preis und Lieferzeit auf Anfrage.,"<p>Kunststoff-Doppellenkrolle mit kleinen Spalten für Großküchen.</p><table><tbody><tr><th>Hersteller</th><td>Blickle</td></tr><tr><th>Serie / Artikel</th><td>LKUD-TPA 125K</td></tr><tr><th>Material</th><td>Kunststoff</td></tr><tr><th>Varianten laut Hersteller</th><td>1</td></tr></tbody></table><p>Technische Angaben nach Herstellerunterlagen, ohne Gewähr. Passende Ausführung, Preis und Lieferzeit nennen wir Ihnen auf Anfrage.</p>",taxable,1,,Rollen & Sonderlösungen,,Blickle,Anwendung,"Maschine / Anlage, Gastronomiegerät",1,1,Funktion,Mobil (Rolle + Fuß),1,1,Bauform,Spezialausführung,1,1,Material,Kunststoff,1,1,,,,,,,,,,,,,,,,,,,,,1,vergleich
simple,BF-V-F25ABCFB,Blickle LKX-POBS 160XKA-DXNI,1,0,visible,Korrosionsfeste Edelstahl-Lenkrolle mit Schmiernippel für Lebensmittelbereich. Preis und Lieferzeit auf Anfrage.,"<p>Korrosionsfeste Edelstahl-Lenkrolle mit Schmiernippel für Lebensmittelbereich.</p><table><tbody><tr><th>Hersteller</th><td>Blickle</td></tr><tr><th>Serie / Artikel</th><td>LKX-POBS 160XKA-DXNI</td></tr><tr><th>Material</th><td>Edelstahl</td></tr><tr><th>Varianten laut Hersteller</th><td>1</td></tr></tbody></table><p>Technische Angaben nach Herstellerunterlagen, ohne Gewähr. Passende Ausführung, Preis und Lieferzeit nennen wir Ihnen auf Anfrage.</p>",taxable,1,,Rollen & Sonderlösungen,,Blickle,Anwendung,"Maschine / Anlage, Gastronomiegerät",1,1,Funktion,Mobil (Rolle + Fuß),1,1,Bauform,Spezialausführung,1,1,Material,Edelstahl,1,1,,,,,,,,,,,,,,,,,,,,,1,vergleich
simple,BF-V-853C97B1,Blickle Wagenheber,1,0,visible,"Hebt Gerät per Hebel von den Rollen ab, Last bis 500 kg. Preis und Lieferzeit auf Anfrage.","<p>Hebt Gerät per Hebel von den Rollen ab, Last bis 500 kg.</p><table><tbody><tr><th>Hersteller</th><td>Blickle</td></tr><tr><th>Serie / Artikel</th><td>Wagenheber</td></tr><tr><th>Material</th><td>Stahl</td></tr><tr><th>Gewinde / Anschluss</th><td>Anschraubplatte</td></tr><tr><th>Traglast (N)</th><td>5000 (vertikal angehoben)</td></tr></tbody></table><p>Technische Angaben nach Herstellerunterlagen, ohne Gewähr. Passende Ausführung, Preis und Lieferzeit nennen wir Ihnen auf Anfrage.</p>",taxable,1,,Rollen & Sonderlösungen,,Blickle,Anwendung,"Maschine / Anlage, Gastronomiegerät",1,1,Funktion,Mobil (Rolle + Fuß),1,1,Bauform,Spezialausführung,1,1,Material,Stahl,1,1,Traglast,5000 (vertikal angehoben) N,1,0,,,,,,,,,,,,,,,,,1,vergleich
simple,BF-V-9AF02F3A,Colson 1 Series (7/8 Zoll breit),1,0,visible,"Leichte Gerätelenkrolle, NSF-Option für Gastronomie, Seitenbremse. Preis und Lieferzeit auf Anfrage.","<p>Leichte Gerätelenkrolle, NSF-Option für Gastronomie, Seitenbremse.</p><table><tbody><tr><th>Hersteller</th><td>Colson</td></tr><tr><th>Serie / Artikel</th><td>1 Series (7/8 Zoll breit)</td></tr><tr><th>Maß / Ø (mm)</th><td>41-127</td></tr><tr><th>Material</th><td>Stahl verzinkt, PU/Polyolefin/Performa/Gummi</td></tr><tr><th>Gewinde / Anschluss</th><td>Platte, Vierkantzapfen, Spreizzapfen 1/2-13</td></tr><tr><th>Traglast (N)</th><td>bis 645 (145 lbs)</td></tr><tr><th>Varianten laut Hersteller</th><td>5 Raddurchmesser</td></tr></tbody></table><p>Technische Angaben nach Herstellerunterlagen, ohne Gewähr. Passende Ausführung, Preis und Lieferzeit nennen wir Ihnen auf Anfrage.</p>",taxable,1,,Rollen & Sonderlösungen,,Colson,Anwendung,"Maschine / Anlage, Gastronomiegerät",1,1,Funktion,Mobil (Rolle + Fuß),1,1,Bauform,Spezialausführung,1,1,Material,Stahl,1,1,Traglast,bis 645 (145 lbs) N,1,0,Durchmesser,41-127 mm,1,0,,,,,,,,,,,,,1,vergleich
simple,BF-V-A88F4A3F,Footmaster GDS Shock Absorbing 100 mm,1,0,visible,"Stoßdämpfende Rolle mit Gummipuffer, Bock-, Lenk- und Bremsausführung. Preis und Lieferzeit auf Anfrage.","<p>Stoßdämpfende Rolle mit Gummipuffer, Bock-, Lenk- und Bremsausführung.</p><table><tbody><tr><th>Hersteller</th><td>Footmaster</td></tr><tr><th>Serie / Artikel</th><td>GDS Shock Absorbing 100 mm</td></tr><tr><th>Maß / Ø (mm)</th><td>100</td></tr><tr><th>Material</th><td>Gummi-Dämpfungspuffer, PU-Lauffläche (150 mm)</td></tr><tr><th>Traglast (N)</th><td>1000</td></tr><tr><th>Dämpfung / Härte</th><td>Einfederung bis 20-30 mm</td></tr><tr><th>Varianten laut Hersteller</th><td>3</td></tr></tbody></table><p>Technische Angaben nach Herstellerunterlagen, ohne Gewähr. Passende Ausführung, Preis und Lieferzeit nennen wir Ihnen auf Anfrage.</p>",taxable,1,,Rollen & Sonderlösungen,,Footmaster,Anwendung,"Maschine / Anlage, Gastronomiegerät",1,1,Funktion,Mobil (Rolle + Fuß),1,1,Bauform,Spezialausführung,1,1,Traglast,1000 N,1,0,Durchmesser,100 mm,1,0,,,,,,,,,,,,,,,,,1,vergleich
simple,BF-V-3E63C609,Footmaster GDS Shock Absorbing 130 mm,1,0,visible,"Stoßdämpfende Rolle mit Gummipuffer, Bock-, Lenk- und Bremsausführung. Preis und Lieferzeit auf Anfrage.","<p>Stoßdämpfende Rolle mit Gummipuffer, Bock-, Lenk- und Bremsausführung.</p><table><tbody><tr><th>Hersteller</th><td>Footmaster</td></tr><tr><th>Serie / Artikel</th><td>GDS Shock Absorbing 130 mm</td></tr><tr><th>Maß / Ø (mm)</th><td>130</td></tr><tr><th>Material</th><td>Gummi-Dämpfungspuffer, PU-Lauffläche (150 mm)</td></tr><tr><th>Traglast (N)</th><td>3500</td></tr><tr><th>Dämpfung / Härte</th><td>Einfederung bis 20-30 mm</td></tr><tr><th>Varianten laut Hersteller</th><td>3</td></tr></tbody></table><p>Technische Angaben nach Herstellerunterlagen, ohne Gewähr. Passende Ausführung, Preis und Lieferzeit nennen wir Ihnen auf Anfrage.</p>",taxable,1,,Rollen & Sonderlösungen,,Footmaster,Anwendung,"Maschine / Anlage, Gastronomiegerät",1,1,Funktion,Mobil (Rolle + Fuß),1,1,Bauform,Spezialausführung,1,1,Traglast,3500 N,1,0,Durchmesser,130 mm,1,0,,,,,,,,,,,,,,,,,1,vergleich
simple,BF-V-46513993,Footmaster GDS Shock Absorbing 150 mm,1,0,visible,"Stoßdämpfende Rolle mit Gummipuffer, Bock-, Lenk- und Bremsausführung. Preis und Lieferzeit auf Anfrage.","<p>Stoßdämpfende Rolle mit Gummipuffer, Bock-, Lenk- und Bremsausführung.</p><table><tbody><tr><th>Hersteller</th><td>Footmaster</td></tr><tr><th>Serie / Artikel</th><td>GDS Shock Absorbing 150 mm</td></tr><tr><th>Maß / Ø (mm)</th><td>150</td></tr><tr><th>Material</th><td>Gummi-Dämpfungspuffer, PU-Lauffläche (150 mm)</td></tr><tr><th>Traglast (N)</th><td>3600</td></tr><tr><th>Dämpfung / Härte</th><td>Einfederung bis 20-30 mm</td></tr><tr><th>Varianten laut Hersteller</th><td>3</td></tr></tbody></table><p>Technische Angaben nach Herstellerunterlagen, ohne Gewähr. Passende Ausführung, Preis und Lieferzeit nennen wir Ihnen auf Anfrage.</p>",taxable,1,,Rollen & Sonderlösungen,,Footmaster,Anwendung,"Maschine / Anlage, Gastronomiegerät",1,1,Funktion,Mobil (Rolle + Fuß),1,1,Bauform,Spezialausführung,1,1,Traglast,3600 N,1,0,Durchmesser,150 mm,1,0,,,,,,,,,,,,,,,,,1,vergleich
simple,BF-V-81863B4E,Footmaster KGDR-80F,1,0,visible,"Nivellierrolle 63 mm, Ratschen-Handrad, Alu-Fuß mit Gummi. Preis und Lieferzeit auf Anfrage.","<p>Nivellierrolle 63 mm, Ratschen-Handrad, Alu-Fuß mit Gummi.</p><table><tbody><tr><th>Hersteller</th><td>Footmaster</td></tr><tr><th>Serie / Artikel</th><td>KGDR-80F</td></tr><tr><th>Maß / Ø (mm)</th><td>63</td></tr><tr><th>Material</th><td>Alu-Druckguss, Nylonrad, Gummiauflage</td></tr><tr><th>Gewinde / Anschluss</th><td>Anschraubplatte 70x70</td></tr><tr><th>Traglast (N)</th><td>5000 statisch / 2500 dynamisch</td></tr><tr><th>Dämpfung / Härte</th><td>Gummi-Dämpfungsauflage</td></tr><tr><th>Varianten laut Hersteller</th><td>2 (Platte/Gewindezapfen M12)</td></tr></tbody></table><p>Technische Angaben nach Herstellerunterlagen, ohne Gewähr. Passende Ausführung, Preis und Lieferzeit nennen wir Ihnen auf Anfrage.</p>",taxable,1,,Rollen & Sonderlösungen,,Footmaster,Anwendung,"Maschine / Anlage, Gastronomiegerät",1,1,Funktion,Mobil (Rolle + Fuß),1,1,Bauform,Spezialausführung,1,1,Material,Aluminium,1,1,Traglast,5000 statisch / 2500 dynamisch N,1,0,Durchmesser,63 mm,1,0,,,,,,,,,,,,,1,vergleich
simple,BF-V-E0DDE582,Footmaster Levelling Castor Adjustable Foot 75 mm,1,0,visible,"Nivellierrolle mit verstellbarem Fuß, Standard- und Langversion. Preis und Lieferzeit auf Anfrage.","<p>Nivellierrolle mit verstellbarem Fuß, Standard- und Langversion.</p><table><tbody><tr><th>Hersteller</th><td>Footmaster</td></tr><tr><th>Serie / Artikel</th><td>Levelling Castor Adjustable Foot 75 mm</td></tr><tr><th>Maß / Ø (mm)</th><td>75</td></tr><tr><th>Material</th><td>Nylonrad, Kugellager</td></tr><tr><th>Traglast (N)</th><td>7000</td></tr><tr><th>Varianten laut Hersteller</th><td>2</td></tr></tbody></table><p>Technische Angaben nach Herstellerunterlagen, ohne Gewähr. Passende Ausführung, Preis und Lieferzeit nennen wir Ihnen auf Anfrage.</p>",taxable,1,,Rollen & Sonderlösungen,,Footmaster,Anwendung,"Maschine / Anlage, Gastronomiegerät",1,1,Funktion,Mobil (Rolle + Fuß),1,1,Bauform,Spezialausführung,1,1,Traglast,7000 N,1,0,Durchmesser,75 mm,1,0,,,,,,,,,,,,,,,,,1,vergleich
simple,BF-V-B0F1DF67,Tente Footmaster GD-100-F-NYN,1,0,visible,"Lenkrolle mit integriertem Nivellierfuß für Maschinen und Werkbänke, Bauhöhe 120 mm. Preis und Lieferzeit auf Anfrage.","<p>Lenkrolle mit integriertem Nivellierfuß für Maschinen und Werkbänke, Bauhöhe 120 mm.</p><table><tbody><tr><th>Hersteller</th><td>Tente</td></tr><tr><th>Serie / Artikel</th><td>Footmaster GD-100-F-NYN</td></tr><tr><th>Maß / Ø (mm)</th><td>75</td></tr><tr><th>Material</th><td>Polyamid-Rad (NYN)</td></tr><tr><th>Traglast (N)</th><td>4000</td></tr><tr><th>Dämpfung / Härte</th><td>gedämpftes Rollenlager</td></tr><tr><th>Varianten laut Hersteller</th><td>1</td></tr></tbody></table><p>Technische Angaben nach Herstellerunterlagen, ohne Gewähr. Passende Ausführung, Preis und Lieferzeit nennen wir Ihnen auf Anfrage.</p>",taxable,1,,Rollen & Sonderlösungen,,Tente,Anwendung,"Maschine / Anlage, Gastronomiegerät",1,1,Funktion,Mobil (Rolle + Fuß),1,1,Bauform,Spezialausführung,1,1,Material,Kunststoff,1,1,Traglast,4000 N,1,0,Durchmesser,75 mm,1,0,,,,,,,,,,,,,1,vergleich
simple,BF-V-414974B8,Tente Footmaster GD-100-S-NYN,1,0,visible,"Lenkrolle mit integriertem Nivellierfuß für Maschinen und Werkbänke, Bauhöhe 120 mm. Preis und Lieferzeit auf Anfrage.","<p>Lenkrolle mit integriertem Nivellierfuß für Maschinen und Werkbänke, Bauhöhe 120 mm.</p><table><tbody><tr><th>Hersteller</th><td>Tente</td></tr><tr><th>Serie / Artikel</th><td>Footmaster GD-100-S-NYN</td></tr><tr><th>Maß / Ø (mm)</th><td>75</td></tr><tr><th>Material</th><td>Polyamid-Rad (NYN)</td></tr><tr><th>Traglast (N)</th><td>4000</td></tr><tr><th>Dämpfung / Härte</th><td>gedämpftes Rollenlager</td></tr><tr><th>Varianten laut Hersteller</th><td>1</td></tr></tbody></table><p>Technische Angaben nach Herstellerunterlagen, ohne Gewähr. Passende Ausführung, Preis und Lieferzeit nennen wir Ihnen auf Anfrage.</p>",taxable,1,,Rollen & Sonderlösungen,,Tente,Anwendung,"Maschine / Anlage, Gastronomiegerät",1,1,Funktion,Mobil (Rolle + Fuß),1,1,Bauform,Spezialausführung,1,1,Material,Kunststoff,1,1,Traglast,4000 N,1,0,Durchmesser,75 mm,1,0,,,,,,,,,,,,,1,vergleich
simple,BF-V-BED41917,Tente Footmaster GD-120-F-NYN-CAL,1,0,visible,"Lenkrolle mit integriertem Nivellierfuß für Maschinen und Werkbänke, Bauhöhe 120 mm. Preis und Lieferzeit auf Anfrage.","<p>Lenkrolle mit integriertem Nivellierfuß für Maschinen und Werkbänke, Bauhöhe 120 mm.</p><table><tbody><tr><th>Hersteller</th><td>Tente</td></tr><tr><th>Serie / Artikel</th><td>Footmaster GD-120-F-NYN-CAL</td></tr><tr><th>Maß / Ø (mm)</th><td>75</td></tr><tr><th>Material</th><td>Polyamid-Rad (NYN)</td></tr><tr><th>Traglast (N)</th><td>5000</td></tr><tr><th>Dämpfung / Härte</th><td>gedämpftes Rollenlager</td></tr><tr><th>Varianten laut Hersteller</th><td>1</td></tr></tbody></table><p>Technische Angaben nach Herstellerunterlagen, ohne Gewähr. Passende Ausführung, Preis und Lieferzeit nennen wir Ihnen auf Anfrage.</p>",taxable,1,,Rollen & Sonderlösungen,,Tente,Anwendung,"Maschine / Anlage, Gastronomiegerät",1,1,Funktion,Mobil (Rolle + Fuß),1,1,Bauform,Spezialausführung,1,1,Material,Kunststoff,1,1,Traglast,5000 N,1,0,Durchmesser,75 mm,1,0,,,,,,,,,,,,,1,vergleich
simple,BF-V-957A6A61,Tente Footmaster GD-120-S-NYN-CAL,1,0,visible,"Lenkrolle mit integriertem Nivellierfuß für Maschinen und Werkbänke, Bauhöhe 120 mm. Preis und Lieferzeit auf Anfrage.","<p>Lenkrolle mit integriertem Nivellierfuß für Maschinen und Werkbänke, Bauhöhe 120 mm.</p><table><tbody><tr><th>Hersteller</th><td>Tente</td></tr><tr><th>Serie / Artikel</th><td>Footmaster GD-120-S-NYN-CAL</td></tr><tr><th>Maß / Ø (mm)</th><td>75</td></tr><tr><th>Material</th><td>Polyamid-Rad (NYN)</td></tr><tr><th>Traglast (N)</th><td>5000</td></tr><tr><th>Dämpfung / Härte</th><td>gedämpftes Rollenlager</td></tr><tr><th>Varianten laut Hersteller</th><td>1</td></tr></tbody></table><p>Technische Angaben nach Herstellerunterlagen, ohne Gewähr. Passende Ausführung, Preis und Lieferzeit nennen wir Ihnen auf Anfrage.</p>",taxable,1,,Rollen & Sonderlösungen,,Tente,Anwendung,"Maschine / Anlage, Gastronomiegerät",1,1,Funktion,Mobil (Rolle + Fuß),1,1,Bauform,Spezialausführung,1,1,Material,Kunststoff,1,1,Traglast,5000 N,1,0,Durchmesser,75 mm,1,0,,,,,,,,,,,,,1,vergleich
simple,BF-V-200AE752,Tente Footmaster GD-150-F-MCN,1,0,visible,"Lenkrolle mit integriertem Nivellierfuß für Maschinen und Werkbänke, Bauhöhe 132 mm. Preis und Lieferzeit auf Anfrage.","<p>Lenkrolle mit integriertem Nivellierfuß für Maschinen und Werkbänke, Bauhöhe 132 mm.</p><table><tbody><tr><th>Hersteller</th><td>Tente</td></tr><tr><th>Serie / Artikel</th><td>Footmaster GD-150-F-MCN</td></tr><tr><th>Maß / Ø (mm)</th><td>90</td></tr><tr><th>Material</th><td>Polyamid-Rad (NYN)</td></tr><tr><th>Traglast (N)</th><td>7500</td></tr><tr><th>Dämpfung / Härte</th><td>gedämpftes Rollenlager</td></tr><tr><th>Varianten laut Hersteller</th><td>1</td></tr></tbody></table><p>Technische Angaben nach Herstellerunterlagen, ohne Gewähr. Passende Ausführung, Preis und Lieferzeit nennen wir Ihnen auf Anfrage.</p>",taxable,1,,Rollen & Sonderlösungen,,Tente,Anwendung,"Maschine / Anlage, Gastronomiegerät",1,1,Funktion,Mobil (Rolle + Fuß),1,1,Bauform,Spezialausführung,1,1,Material,Kunststoff,1,1,Traglast,7500 N,1,0,Durchmesser,90 mm,1,0,,,,,,,,,,,,,1,vergleich
simple,BF-V-635C4884,Tente Footmaster GD-40-S-NYN,1,0,visible,"Lenkrolle mit integriertem Nivellierfuß für Maschinen und Werkbänke, Bauhöhe 71 mm. Preis und Lieferzeit auf Anfrage.","<p>Lenkrolle mit integriertem Nivellierfuß für Maschinen und Werkbänke, Bauhöhe 71 mm.</p><table><tbody><tr><th>Hersteller</th><td>Tente</td></tr><tr><th>Serie / Artikel</th><td>Footmaster GD-40-S-NYN</td></tr><tr><th>Maß / Ø (mm)</th><td>42</td></tr><tr><th>Material</th><td>Polyamid-Rad (NYN)</td></tr><tr><th>Traglast (N)</th><td>300</td></tr><tr><th>Dämpfung / Härte</th><td>gedämpftes Rollenlager</td></tr><tr><th>Varianten laut Hersteller</th><td>1</td></tr></tbody></table><p>Technische Angaben nach Herstellerunterlagen, ohne Gewähr. Passende Ausführung, Preis und Lieferzeit nennen wir Ihnen auf Anfrage.</p>",taxable,1,,Rollen & Sonderlösungen,,Tente,Anwendung,"Maschine / Anlage, Gastronomiegerät",1,1,Funktion,Mobil (Rolle + Fuß),1,1,Bauform,Spezialausführung,1,1,Material,Kunststoff,1,1,Traglast,300 N,1,0,Durchmesser,42 mm,1,0,,,,,,,,,,,,,1,vergleich
simple,BF-V-0F4E301F,Tente Footmaster GD-60-F-NYN,1,0,visible,"Lenkrolle mit integriertem Nivellierfuß für Maschinen und Werkbänke, Bauhöhe 82 mm. Preis und Lieferzeit auf Anfrage.","<p>Lenkrolle mit integriertem Nivellierfuß für Maschinen und Werkbänke, Bauhöhe 82 mm.</p><table><tbody><tr><th>Hersteller</th><td>Tente</td></tr><tr><th>Serie / Artikel</th><td>Footmaster GD-60-F-NYN</td></tr><tr><th>Maß / Ø (mm)</th><td>50</td></tr><tr><th>Material</th><td>Polyamid-Rad (NYN)</td></tr><tr><th>Traglast (N)</th><td>1400</td></tr><tr><th>Dämpfung / Härte</th><td>gedämpftes Rollenlager</td></tr><tr><th>Varianten laut Hersteller</th><td>1</td></tr></tbody></table><p>Technische Angaben nach Herstellerunterlagen, ohne Gewähr. Passende Ausführung, Preis und Lieferzeit nennen wir Ihnen auf Anfrage.</p>",taxable,1,,Rollen & Sonderlösungen,,Tente,Anwendung,"Maschine / Anlage, Gastronomiegerät",1,1,Funktion,Mobil (Rolle + Fuß),1,1,Bauform,Spezialausführung,1,1,Material,Kunststoff,1,1,Traglast,1400 N,1,0,Durchmesser,50 mm,1,0,,,,,,,,,,,,,1,vergleich
simple,BF-V-EBD5613A,Tente Footmaster GD-60-S-NYN,1,0,visible,"Lenkrolle mit integriertem Nivellierfuß für Maschinen und Werkbänke, Bauhöhe 82 mm. Preis und Lieferzeit auf Anfrage.","<p>Lenkrolle mit integriertem Nivellierfuß für Maschinen und Werkbänke, Bauhöhe 82 mm.</p><table><tbody><tr><th>Hersteller</th><td>Tente</td></tr><tr><th>Serie / Artikel</th><td>Footmaster GD-60-S-NYN</td></tr><tr><th>Maß / Ø (mm)</th><td>50</td></tr><tr><th>Material</th><td>Polyamid-Rad (NYN)</td></tr><tr><th>Traglast (N)</th><td>1400</td></tr><tr><th>Dämpfung / Härte</th><td>gedämpftes Rollenlager</td></tr><tr><th>Varianten laut Hersteller</th><td>1</td></tr></tbody></table><p>Technische Angaben nach Herstellerunterlagen, ohne Gewähr. Passende Ausführung, Preis und Lieferzeit nennen wir Ihnen auf Anfrage.</p>",taxable,1,,Rollen & Sonderlösungen,,Tente,Anwendung,"Maschine / Anlage, Gastronomiegerät",1,1,Funktion,Mobil (Rolle + Fuß),1,1,Bauform,Spezialausführung,1,1,Material,Kunststoff,1,1,Traglast,1400 N,1,0,Durchmesser,50 mm,1,0,,,,,,,,,,,,,1,vergleich
simple,BF-V-FE647722,Tente Footmaster GD-80-F-NYN,1,0,visible,"Lenkrolle mit integriertem Nivellierfuß für Maschinen und Werkbänke, Bauhöhe 102 mm. Preis und Lieferzeit auf Anfrage.","<p>Lenkrolle mit integriertem Nivellierfuß für Maschinen und Werkbänke, Bauhöhe 102 mm.</p><table><tbody><tr><th>Hersteller</th><td>Tente</td></tr><tr><th>Serie / Artikel</th><td>Footmaster GD-80-F-NYN</td></tr><tr><th>Maß / Ø (mm)</th><td>63</td></tr><tr><th>Material</th><td>Polyamid-Rad (NYN)</td></tr><tr><th>Traglast (N)</th><td>2750</td></tr><tr><th>Dämpfung / Härte</th><td>gedämpftes Rollenlager</td></tr><tr><th>Varianten laut Hersteller</th><td>1</td></tr></tbody></table><p>Technische Angaben nach Herstellerunterlagen, ohne Gewähr. Passende Ausführung, Preis und Lieferzeit nennen wir Ihnen auf Anfrage.</p>",taxable,1,,Rollen & Sonderlösungen,,Tente,Anwendung,"Maschine / Anlage, Gastronomiegerät",1,1,Funktion,Mobil (Rolle + Fuß),1,1,Bauform,Spezialausführung,1,1,Material,Kunststoff,1,1,Traglast,2750 N,1,0,Durchmesser,63 mm,1,0,,,,,,,,,,,,,1,vergleich
simple,BF-V-ACD726A1,Tente Footmaster GD-80-S-NYN,1,0,visible,"Lenkrolle mit integriertem Nivellierfuß für Maschinen und Werkbänke, Bauhöhe 102 mm. Preis und Lieferzeit auf Anfrage.","<p>Lenkrolle mit integriertem Nivellierfuß für Maschinen und Werkbänke, Bauhöhe 102 mm.</p><table><tbody><tr><th>Hersteller</th><td>Tente</td></tr><tr><th>Serie / Artikel</th><td>Footmaster GD-80-S-NYN</td></tr><tr><th>Maß / Ø (mm)</th><td>63</td></tr><tr><th>Material</th><td>Polyamid-Rad (NYN)</td></tr><tr><th>Traglast (N)</th><td>2750</td></tr><tr><th>Dämpfung / Härte</th><td>gedämpftes Rollenlager</td></tr><tr><th>Varianten laut Hersteller</th><td>1</td></tr></tbody></table><p>Technische Angaben nach Herstellerunterlagen, ohne Gewähr. Passende Ausführung, Preis und Lieferzeit nennen wir Ihnen auf Anfrage.</p>",taxable,1,,Rollen & Sonderlösungen,,Tente,Anwendung,"Maschine / Anlage, Gastronomiegerät",1,1,Funktion,Mobil (Rolle + Fuß),1,1,Bauform,Spezialausführung,1,1,Material,Kunststoff,1,1,Traglast,2750 N,1,0,Durchmesser,63 mm,1,0,,,,,,,,,,,,,1,vergleich
simple,BF-V-38ACB0EC,Tente Footmaster GDN-40-F-NYN,1,0,visible,"Lenkrolle mit integriertem Nivellierfuß für Maschinen und Werkbänke, Bauhöhe 71 mm. Preis und Lieferzeit auf Anfrage.","<p>Lenkrolle mit integriertem Nivellierfuß für Maschinen und Werkbänke, Bauhöhe 71 mm.</p><table><tbody><tr><th>Hersteller</th><td>Tente</td></tr><tr><th>Serie / Artikel</th><td>Footmaster GDN-40-F-NYN</td></tr><tr><th>Maß / Ø (mm)</th><td>42</td></tr><tr><th>Material</th><td>Polyamid-Rad (NYN)</td></tr><tr><th>Traglast (N)</th><td>250</td></tr><tr><th>Dämpfung / Härte</th><td>gedämpftes Rollenlager</td></tr><tr><th>Varianten laut Hersteller</th><td>1</td></tr></tbody></table><p>Technische Angaben nach Herstellerunterlagen, ohne Gewähr. Passende Ausführung, Preis und Lieferzeit nennen wir Ihnen auf Anfrage.</p>",taxable,1,,Rollen & Sonderlösungen,,Tente,Anwendung,"Maschine / Anlage, Gastronomiegerät",1,1,Funktion,Mobil (Rolle + Fuß),1,1,Bauform,Spezialausführung,1,1,Material,Kunststoff,1,1,Traglast,250 N,1,0,Durchmesser,42 mm,1,0,,,,,,,,,,,,,1,vergleich
simple,BF-V-6BC8F920,Tente Footmaster GDN-40-S-NYN,1,0,visible,"Lenkrolle mit integriertem Nivellierfuß für Maschinen und Werkbänke, Bauhöhe 71 mm. Preis und Lieferzeit auf Anfrage.","<p>Lenkrolle mit integriertem Nivellierfuß für Maschinen und Werkbänke, Bauhöhe 71 mm.</p><table><tbody><tr><th>Hersteller</th><td>Tente</td></tr><tr><th>Serie / Artikel</th><td>Footmaster GDN-40-S-NYN</td></tr><tr><th>Maß / Ø (mm)</th><td>42</td></tr><tr><th>Material</th><td>Polyamid-Rad (NYN)</td></tr><tr><th>Traglast (N)</th><td>250</td></tr><tr><th>Dämpfung / Härte</th><td>gedämpftes Rollenlager</td></tr><tr><th>Varianten laut Hersteller</th><td>1</td></tr></tbody></table><p>Technische Angaben nach Herstellerunterlagen, ohne Gewähr. Passende Ausführung, Preis und Lieferzeit nennen wir Ihnen auf Anfrage.</p>",taxable,1,,Rollen & Sonderlösungen,,Tente,Anwendung,"Maschine / Anlage, Gastronomiegerät",1,1,Funktion,Mobil (Rolle + Fuß),1,1,Bauform,Spezialausführung,1,1,Material,Kunststoff,1,1,Traglast,250 N,1,0,Durchmesser,42 mm,1,0,,,,,,,,,,,,,1,vergleich
simple,BF-V-981C3236,Tente Footmaster GDN-60-F-NYN,1,0,visible,"Lenkrolle mit integriertem Nivellierfuß für Maschinen und Werkbänke, Bauhöhe 82,5 mm. Preis und Lieferzeit auf Anfrage.","<p>Lenkrolle mit integriertem Nivellierfuß für Maschinen und Werkbänke, Bauhöhe 82,5 mm.</p><table><tbody><tr><th>Hersteller</th><td>Tente</td></tr><tr><th>Serie / Artikel</th><td>Footmaster GDN-60-F-NYN</td></tr><tr><th>Maß / Ø (mm)</th><td>50</td></tr><tr><th>Material</th><td>Polyamid-Rad (NYN)</td></tr><tr><th>Traglast (N)</th><td>1250</td></tr><tr><th>Dämpfung / Härte</th><td>gedämpftes Rollenlager</td></tr><tr><th>Varianten laut Hersteller</th><td>1</td></tr></tbody></table><p>Technische Angaben nach Herstellerunterlagen, ohne Gewähr. Passende Ausführung, Preis und Lieferzeit nennen wir Ihnen auf Anfrage.</p>",taxable,1,,Rollen & Sonderlösungen,,Tente,Anwendung,"Maschine / Anlage, Gastronomiegerät",1,1,Funktion,Mobil (Rolle + Fuß),1,1,Bauform,Spezialausführung,1,1,Material,Kunststoff,1,1,Traglast,1250 N,1,0,Durchmesser,50 mm,1,0,,,,,,,,,,,,,1,vergleich
simple,BF-V-2578F3A3,Tente Footmaster GDN-60-S-NYN,1,0,visible,"Lenkrolle mit integriertem Nivellierfuß für Maschinen und Werkbänke, Bauhöhe 82,5 mm. Preis und Lieferzeit auf Anfrage.","<p>Lenkrolle mit integriertem Nivellierfuß für Maschinen und Werkbänke, Bauhöhe 82,5 mm.</p><table><tbody><tr><th>Hersteller</th><td>Tente</td></tr><tr><th>Serie / Artikel</th><td>Footmaster GDN-60-S-NYN</td></tr><tr><th>Maß / Ø (mm)</th><td>50</td></tr><tr><th>Material</th><td>Polyamid-Rad (NYN)</td></tr><tr><th>Traglast (N)</th><td>1250</td></tr><tr><th>Dämpfung / Härte</th><td>gedämpftes Rollenlager</td></tr><tr><th>Varianten laut Hersteller</th><td>1</td></tr></tbody></table><p>Technische Angaben nach Herstellerunterlagen, ohne Gewähr. Passende Ausführung, Preis und Lieferzeit nennen wir Ihnen auf Anfrage.</p>",taxable,1,,Rollen & Sonderlösungen,,Tente,Anwendung,"Maschine / Anlage, Gastronomiegerät",1,1,Funktion,Mobil (Rolle + Fuß),1,1,Bauform,Spezialausführung,1,1,Material,Kunststoff,1,1,Traglast,1250 N,1,0,Durchmesser,50 mm,1,0,,,,,,,,,,,,,1,vergleich
simple,BF-V-410217A9,Tente Footmaster GDN-80-F-NYN,1,0,visible,"Lenkrolle mit integriertem Nivellierfuß für Maschinen und Werkbänke, Bauhöhe 102 mm. Preis und Lieferzeit auf Anfrage.","<p>Lenkrolle mit integriertem Nivellierfuß für Maschinen und Werkbänke, Bauhöhe 102 mm.</p><table><tbody><tr><th>Hersteller</th><td>Tente</td></tr><tr><th>Serie / Artikel</th><td>Footmaster GDN-80-F-NYN</td></tr><tr><th>Maß / Ø (mm)</th><td>63</td></tr><tr><th>Material</th><td>Polyamid-Rad (NYN)</td></tr><tr><th>Traglast (N)</th><td>2500</td></tr><tr><th>Dämpfung / Härte</th><td>gedämpftes Rollenlager</td></tr><tr><th>Varianten laut Hersteller</th><td>1</td></tr></tbody></table><p>Technische Angaben nach Herstellerunterlagen, ohne Gewähr. Passende Ausführung, Preis und Lieferzeit nennen wir Ihnen auf Anfrage.</p>",taxable,1,,Rollen & Sonderlösungen,,Tente,Anwendung,"Maschine / Anlage, Gastronomiegerät",1,1,Funktion,Mobil (Rolle + Fuß),1,1,Bauform,Spezialausführung,1,1,Material,Kunststoff,1,1,Traglast,2500 N,1,0,Durchmesser,63 mm,1,0,,,,,,,,,,,,,1,vergleich
simple,BF-V-EFFF0244,Tente Footmaster GDN-80-S-NYN,1,0,visible,"Lenkrolle mit integriertem Nivellierfuß für Maschinen und Werkbänke, Bauhöhe 102 mm. Preis und Lieferzeit auf Anfrage.","<p>Lenkrolle mit integriertem Nivellierfuß für Maschinen und Werkbänke, Bauhöhe 102 mm.</p><table><tbody><tr><th>Hersteller</th><td>Tente</td></tr><tr><th>Serie / Artikel</th><td>Footmaster GDN-80-S-NYN</td></tr><tr><th>Maß / Ø (mm)</th><td>63</td></tr><tr><th>Material</th><td>Polyamid-Rad (NYN)</td></tr><tr><th>Traglast (N)</th><td>2500</td></tr><tr><th>Dämpfung / Härte</th><td>gedämpftes Rollenlager</td></tr><tr><th>Varianten laut Hersteller</th><td>1</td></tr></tbody></table><p>Technische Angaben nach Herstellerunterlagen, ohne Gewähr. Passende Ausführung, Preis und Lieferzeit nennen wir Ihnen auf Anfrage.</p>",taxable,1,,Rollen & Sonderlösungen,,Tente,Anwendung,"Maschine / Anlage, Gastronomiegerät",1,1,Funktion,Mobil (Rolle + Fuß),1,1,Bauform,Spezialausführung,1,1,Material,Kunststoff,1,1,Traglast,2500 N,1,0,Durchmesser,63 mm,1,0,,,,,,,,,,,,,1,vergleich
simple,BF-V-2E1328D1,Tente Footmaster GDR-60-F-NYN,1,0,visible,"Lenkrolle mit integriertem Nivellierfuß für Maschinen und Werkbänke, Bauhöhe 82,5 mm. Preis und Lieferzeit auf Anfrage.","<p>Lenkrolle mit integriertem Nivellierfuß für Maschinen und Werkbänke, Bauhöhe 82,5 mm.</p><table><tbody><tr><th>Hersteller</th><td>Tente</td></tr><tr><th>Serie / Artikel</th><td>Footmaster GDR-60-F-NYN</td></tr><tr><th>Maß / Ø (mm)</th><td>50</td></tr><tr><th>Material</th><td>Polyamid-Rad (NYN)</td></tr><tr><th>Traglast (N)</th><td>1250</td></tr><tr><th>Dämpfung / Härte</th><td>gedämpftes Rollenlager</td></tr><tr><th>Varianten laut Hersteller</th><td>1</td></tr></tbody></table><p>Technische Angaben nach Herstellerunterlagen, ohne Gewähr. Passende Ausführung, Preis und Lieferzeit nennen wir Ihnen auf Anfrage.</p>",taxable,1,,Rollen & Sonderlösungen,,Tente,Anwendung,"Maschine / Anlage, Gastronomiegerät",1,1,Funktion,Mobil (Rolle + Fuß),1,1,Bauform,Spezialausführung,1,1,Material,Kunststoff,1,1,Traglast,1250 N,1,0,Durchmesser,50 mm,1,0,,,,,,,,,,,,,1,vergleich
simple,BF-V-413389D8,Tente Footmaster GDR-60-S-NYN,1,0,visible,"Lenkrolle mit integriertem Nivellierfuß für Maschinen und Werkbänke, Bauhöhe 82,5 mm. Preis und Lieferzeit auf Anfrage.","<p>Lenkrolle mit integriertem Nivellierfuß für Maschinen und Werkbänke, Bauhöhe 82,5 mm.</p><table><tbody><tr><th>Hersteller</th><td>Tente</td></tr><tr><th>Serie / Artikel</th><td>Footmaster GDR-60-S-NYN</td></tr><tr><th>Maß / Ø (mm)</th><td>50</td></tr><tr><th>Material</th><td>Polyamid-Rad (NYN)</td></tr><tr><th>Traglast (N)</th><td>1250</td></tr><tr><th>Dämpfung / Härte</th><td>gedämpftes Rollenlager</td></tr><tr><th>Varianten laut Hersteller</th><td>1</td></tr></tbody></table><p>Technische Angaben nach Herstellerunterlagen, ohne Gewähr. Passende Ausführung, Preis und Lieferzeit nennen wir Ihnen auf Anfrage.</p>",taxable,1,,Rollen & Sonderlösungen,,Tente,Anwendung,"Maschine / Anlage, Gastronomiegerät",1,1,Funktion,Mobil (Rolle + Fuß),1,1,Bauform,Spezialausführung,1,1,Material,Kunststoff,1,1,Traglast,1250 N,1,0,Durchmesser,50 mm,1,0,,,,,,,,,,,,,1,vergleich
simple,BF-V-657640F7,Tente Footmaster GDR-80-F-NYN,1,0,visible,"Lenkrolle mit integriertem Nivellierfuß für Maschinen und Werkbänke, Bauhöhe 102 mm. Preis und Lieferzeit auf Anfrage.","<p>Lenkrolle mit integriertem Nivellierfuß für Maschinen und Werkbänke, Bauhöhe 102 mm.</p><table><tbody><tr><th>Hersteller</th><td>Tente</td></tr><tr><th>Serie / Artikel</th><td>Footmaster GDR-80-F-NYN</td></tr><tr><th>Maß / Ø (mm)</th><td>63</td></tr><tr><th>Material</th><td>Polyamid-Rad (NYN)</td></tr><tr><th>Traglast (N)</th><td>2500</td></tr><tr><th>Dämpfung / Härte</th><td>gedämpftes Rollenlager</td></tr><tr><th>Varianten laut Hersteller</th><td>1</td></tr></tbody></table><p>Technische Angaben nach Herstellerunterlagen, ohne Gewähr. Passende Ausführung, Preis und Lieferzeit nennen wir Ihnen auf Anfrage.</p>",taxable,1,,Rollen & Sonderlösungen,,Tente,Anwendung,"Maschine / Anlage, Gastronomiegerät",1,1,Funktion,Mobil (Rolle + Fuß),1,1,Bauform,Spezialausführung,1,1,Material,Kunststoff,1,1,Traglast,2500 N,1,0,Durchmesser,63 mm,1,0,,,,,,,,,,,,,1,vergleich
simple,BF-V-466CF6FB,Tente Footmaster GDR-80-S-NYN,1,0,visible,"Lenkrolle mit integriertem Nivellierfuß für Maschinen und Werkbänke, Bauhöhe 102 mm. Preis und Lieferzeit auf Anfrage.","<p>Lenkrolle mit integriertem Nivellierfuß für Maschinen und Werkbänke, Bauhöhe 102 mm.</p><table><tbody><tr><th>Hersteller</th><td>Tente</td></tr><tr><th>Serie / Artikel</th><td>Footmaster GDR-80-S-NYN</td></tr><tr><th>Maß / Ø (mm)</th><td>63</td></tr><tr><th>Material</th><td>Polyamid-Rad (NYN)</td></tr><tr><th>Traglast (N)</th><td>2500</td></tr><tr><th>Dämpfung / Härte</th><td>gedämpftes Rollenlager</td></tr><tr><th>Varianten laut Hersteller</th><td>1</td></tr></tbody></table><p>Technische Angaben nach Herstellerunterlagen, ohne Gewähr. Passende Ausführung, Preis und Lieferzeit nennen wir Ihnen auf Anfrage.</p>",taxable,1,,Rollen & Sonderlösungen,,Tente,Anwendung,"Maschine / Anlage, Gastronomiegerät",1,1,Funktion,Mobil (Rolle + Fuß),1,1,Bauform,Spezialausführung,1,1,Material,Kunststoff,1,1,Traglast,2500 N,1,0,Durchmesser,63 mm,1,0,,,,,,,,,,,,,1,vergleich
simple,BF-V-EA589F81,Blohm B0372.1108024 (Form A),1,0,visible,"Stellfuß Form A, Stahl, mehrere Spindellängen. Preis und Lieferzeit auf Anfrage.","<p>Stellfuß Form A, Stahl, mehrere Spindellängen.</p><table><tbody><tr><th>Hersteller</th><td>Blohm</td></tr><tr><th>Serie / Artikel</th><td>B0372.1108024 (Form A)</td></tr><tr><th>Maß / Ø (mm)</th><td>80</td></tr><tr><th>Material</th><td>Stahl verzinkt; NBR 80 Shore</td></tr><tr><th>Gewinde / Anschluss</th><td>M24</td></tr><tr><th>Traglast (N)</th><td>10000</td></tr><tr><th>Varianten laut Hersteller</th><td>4</td></tr></tbody></table><p>Technische Angaben nach Herstellerunterlagen, ohne Gewähr. Passende Ausführung, Preis und Lieferzeit nennen wir Ihnen auf Anfrage.</p>",taxable,1,,Schwerlastfüße,,Blohm,Anwendung,Maschine / Anlage,1,1,Funktion,"Höhenverstellung, Hohe Traglast",1,1,Bauform,Stellfuß,1,1,Material,Stahl,1,1,Gewinde,M24,1,1,Traglast,10000 N,1,0,Durchmesser,80 mm,1,0,,,,,,,,,1,vergleich
simple,BF-V-B7EF84D1,Blohm B0372.1110024 (Form A),1,0,visible,"Stellfuß Form A, Stahl, mehrere Spindellängen. Preis und Lieferzeit auf Anfrage.","<p>Stellfuß Form A, Stahl, mehrere Spindellängen.</p><table><tbody><tr><th>Hersteller</th><td>Blohm</td></tr><tr><th>Serie / Artikel</th><td>B0372.1110024 (Form A)</td></tr><tr><th>Maß / Ø (mm)</th><td>100</td></tr><tr><th>Material</th><td>Stahl verzinkt; NBR 80 Shore</td></tr><tr><th>Gewinde / Anschluss</th><td>M24</td></tr><tr><th>Traglast (N)</th><td>15000</td></tr><tr><th>Varianten laut Hersteller</th><td>4</td></tr></tbody></table><p>Technische Angaben nach Herstellerunterlagen, ohne Gewähr. Passende Ausführung, Preis und Lieferzeit nennen wir Ihnen auf Anfrage.</p>",taxable,1,,Schwerlastfüße,,Blohm,Anwendung,Maschine / Anlage,1,1,Funktion,"Höhenverstellung, Hohe Traglast",1,1,Bauform,Stellfuß,1,1,Material,Stahl,1,1,Gewinde,M24,1,1,Traglast,15000 N,1,0,Durchmesser,100 mm,1,0,,,,,,,,,1,vergleich
simple,BF-V-670C26BB,Blohm B0372.1112024 (Form A),1,0,visible,"Stellfuß Form A, Stahl, mehrere Spindellängen. Preis und Lieferzeit auf Anfrage.","<p>Stellfuß Form A, Stahl, mehrere Spindellängen.</p><table><tbody><tr><th>Hersteller</th><td>Blohm</td></tr><tr><th>Serie / Artikel</th><td>B0372.1112024 (Form A)</td></tr><tr><th>Maß / Ø (mm)</th><td>120</td></tr><tr><th>Material</th><td>Stahl verzinkt; NBR 80 Shore</td></tr><tr><th>Gewinde / Anschluss</th><td>M24</td></tr><tr><th>Traglast (N)</th><td>30000</td></tr><tr><th>Varianten laut Hersteller</th><td>4</td></tr></tbody></table><p>Technische Angaben nach Herstellerunterlagen, ohne Gewähr. Passende Ausführung, Preis und Lieferzeit nennen wir Ihnen auf Anfrage.</p>",taxable,1,,Schwerlastfüße,,Blohm,Anwendung,Maschine / Anlage,1,1,Funktion,"Höhenverstellung, Hohe Traglast",1,1,Bauform,Stellfuß,1,1,Material,Stahl,1,1,Gewinde,M24,1,1,Traglast,30000 N,1,0,Durchmesser,120 mm,1,0,,,,,,,,,1,vergleich
simple,BF-V-5DFEA60A,Blohm B0372.1112030 (Form A),1,0,visible,"Stellfuß Form A, Stahl, mehrere Spindellängen. Preis und Lieferzeit auf Anfrage.","<p>Stellfuß Form A, Stahl, mehrere Spindellängen.</p><table><tbody><tr><th>Hersteller</th><td>Blohm</td></tr><tr><th>Serie / Artikel</th><td>B0372.1112030 (Form A)</td></tr><tr><th>Maß / Ø (mm)</th><td>120</td></tr><tr><th>Material</th><td>Stahl verzinkt; NBR 80 Shore</td></tr><tr><th>Gewinde / Anschluss</th><td>M30</td></tr><tr><th>Traglast (N)</th><td>30000</td></tr><tr><th>Varianten laut Hersteller</th><td>3</td></tr></tbody></table><p>Technische Angaben nach Herstellerunterlagen, ohne Gewähr. Passende Ausführung, Preis und Lieferzeit nennen wir Ihnen auf Anfrage.</p>",taxable,1,,Schwerlastfüße,,Blohm,Anwendung,Maschine / Anlage,1,1,Funktion,"Höhenverstellung, Hohe Traglast",1,1,Bauform,Stellfuß,1,1,Material,Stahl,1,1,Gewinde,M30,1,1,Traglast,30000 N,1,0,Durchmesser,120 mm,1,0,,,,,,,,,1,vergleich
simple,BF-V-91CE3B08,Blohm B0372.1208024 (Form A),1,0,visible,"Stellfuß Form A, Edelstahl, mehrere Spindellängen. Preis und Lieferzeit auf Anfrage.","<p>Stellfuß Form A, Edelstahl, mehrere Spindellängen.</p><table><tbody><tr><th>Hersteller</th><td>Blohm</td></tr><tr><th>Serie / Artikel</th><td>B0372.1208024 (Form A)</td></tr><tr><th>Maß / Ø (mm)</th><td>80</td></tr><tr><th>Material</th><td>Edelstahl 1.4301; NBR 80 Shore</td></tr><tr><th>Gewinde / Anschluss</th><td>M24</td></tr><tr><th>Traglast (N)</th><td>10000</td></tr><tr><th>Varianten laut Hersteller</th><td>8</td></tr></tbody></table><p>Technische Angaben nach Herstellerunterlagen, ohne Gewähr. Passende Ausführung, Preis und Lieferzeit nennen wir Ihnen auf Anfrage.</p>",taxable,1,,Schwerlastfüße,,Blohm,Anwendung,Maschine / Anlage,1,1,Funktion,"Höhenverstellung, Hohe Traglast",1,1,Bauform,Stellfuß,1,1,Material,Edelstahl,1,1,Gewinde,M24,1,1,Traglast,10000 N,1,0,Durchmesser,80 mm,1,0,,,,,,,,,1,vergleich
simple,BF-V-1D84D9D2,Blohm B0372.1210024 (Form A),1,0,visible,"Stellfuß Form A, Edelstahl, mehrere Spindellängen. Preis und Lieferzeit auf Anfrage.","<p>Stellfuß Form A, Edelstahl, mehrere Spindellängen.</p><table><tbody><tr><th>Hersteller</th><td>Blohm</td></tr><tr><th>Serie / Artikel</th><td>B0372.1210024 (Form A)</td></tr><tr><th>Maß / Ø (mm)</th><td>100</td></tr><tr><th>Material</th><td>Edelstahl 1.4301; NBR 80 Shore</td></tr><tr><th>Gewinde / Anschluss</th><td>M24</td></tr><tr><th>Traglast (N)</th><td>15000</td></tr><tr><th>Varianten laut Hersteller</th><td>7</td></tr></tbody></table><p>Technische Angaben nach Herstellerunterlagen, ohne Gewähr. Passende Ausführung, Preis und Lieferzeit nennen wir Ihnen auf Anfrage.</p>",taxable,1,,Schwerlastfüße,,Blohm,Anwendung,Maschine / Anlage,1,1,Funktion,"Höhenverstellung, Hohe Traglast",1,1,Bauform,Stellfuß,1,1,Material,Edelstahl,1,1,Gewinde,M24,1,1,Traglast,15000 N,1,0,Durchmesser,100 mm,1,0,,,,,,,,,1,vergleich
simple,BF-V-1AF68366,Blohm B0372.1212024 (Form A),1,0,visible,"Stellfuß Form A, Edelstahl, mehrere Spindellängen. Preis und Lieferzeit auf Anfrage.","<p>Stellfuß Form A, Edelstahl, mehrere Spindellängen.</p><table><tbody><tr><th>Hersteller</th><td>Blohm</td></tr><tr><th>Serie / Artikel</th><td>B0372.1212024 (Form A)</td></tr><tr><th>Maß / Ø (mm)</th><td>120</td></tr><tr><th>Material</th><td>Edelstahl 1.4301; NBR 80 Shore</td></tr><tr><th>Gewinde / Anschluss</th><td>M24</td></tr><tr><th>Traglast (N)</th><td>30000</td></tr><tr><th>Varianten laut Hersteller</th><td>7</td></tr></tbody></table><p>Technische Angaben nach Herstellerunterlagen, ohne Gewähr. Passende Ausführung, Preis und Lieferzeit nennen wir Ihnen auf Anfrage.</p>",taxable,1,,Schwerlastfüße,,Blohm,Anwendung,Maschine / Anlage,1,1,Funktion,"Höhenverstellung, Hohe Traglast",1,1,Bauform,Stellfuß,1,1,Material,Edelstahl,1,1,Gewinde,M24,1,1,Traglast,30000 N,1,0,Durchmesser,120 mm,1,0,,,,,,,,,1,vergleich
simple,BF-V-79EDCD6E,Blohm B0372.1212030 (Form A),1,0,visible,"Stellfuß Form A, Edelstahl, mehrere Spindellängen. Preis und Lieferzeit auf Anfrage.","<p>Stellfuß Form A, Edelstahl, mehrere Spindellängen.</p><table><tbody><tr><th>Hersteller</th><td>Blohm</td></tr><tr><th>Serie / Artikel</th><td>B0372.1212030 (Form A)</td></tr><tr><th>Maß / Ø (mm)</th><td>120</td></tr><tr><th>Material</th><td>Edelstahl 1.4301; NBR 80 Shore</td></tr><tr><th>Gewinde / Anschluss</th><td>M30</td></tr><tr><th>Traglast (N)</th><td>30000</td></tr><tr><th>Varianten laut Hersteller</th><td>3</td></tr></tbody></table><p>Technische Angaben nach Herstellerunterlagen, ohne Gewähr. Passende Ausführung, Preis und Lieferzeit nennen wir Ihnen auf Anfrage.</p>",taxable,1,,Schwerlastfüße,,Blohm,Anwendung,Maschine / Anlage,1,1,Funktion,"Höhenverstellung, Hohe Traglast",1,1,Bauform,Stellfuß,1,1,Material,Edelstahl,1,1,Gewinde,M30,1,1,Traglast,30000 N,1,0,Durchmesser,120 mm,1,0,,,,,,,,,1,vergleich
simple,BF-V-23007A96,Blohm B0372.2108024 (Form B),1,0,visible,"Stellfuß Form B, Stahl, mehrere Spindellängen. Preis und Lieferzeit auf Anfrage.","<p>Stellfuß Form B, Stahl, mehrere Spindellängen.</p><table><tbody><tr><th>Hersteller</th><td>Blohm</td></tr><tr><th>Serie / Artikel</th><td>B0372.2108024 (Form B)</td></tr><tr><th>Maß / Ø (mm)</th><td>80</td></tr><tr><th>Material</th><td>Stahl verzinkt; NBR 80 Shore</td></tr><tr><th>Gewinde / Anschluss</th><td>M24</td></tr><tr><th>Traglast (N)</th><td>10000</td></tr><tr><th>Varianten laut Hersteller</th><td>4</td></tr></tbody></table><p>Technische Angaben nach Herstellerunterlagen, ohne Gewähr. Passende Ausführung, Preis und Lieferzeit nennen wir Ihnen auf Anfrage.</p>",taxable,1,,Schwerlastfüße,,Blohm,Anwendung,Maschine / Anlage,1,1,Funktion,"Höhenverstellung, Hohe Traglast",1,1,Bauform,Stellfuß,1,1,Material,Stahl,1,1,Gewinde,M24,1,1,Traglast,10000 N,1,0,Durchmesser,80 mm,1,0,,,,,,,,,1,vergleich
simple,BF-V-2BA84938,Blohm B0372.2110024 (Form B),1,0,visible,"Stellfuß Form B, Stahl, mehrere Spindellängen. Preis und Lieferzeit auf Anfrage.","<p>Stellfuß Form B, Stahl, mehrere Spindellängen.</p><table><tbody><tr><th>Hersteller</th><td>Blohm</td></tr><tr><th>Serie / Artikel</th><td>B0372.2110024 (Form B)</td></tr><tr><th>Maß / Ø (mm)</th><td>100</td></tr><tr><th>Material</th><td>Stahl verzinkt; NBR 80 Shore</td></tr><tr><th>Gewinde / Anschluss</th><td>M24</td></tr><tr><th>Traglast (N)</th><td>15000</td></tr><tr><th>Varianten laut Hersteller</th><td>4</td></tr></tbody></table><p>Technische Angaben nach Herstellerunterlagen, ohne Gewähr. Passende Ausführung, Preis und Lieferzeit nennen wir Ihnen auf Anfrage.</p>",taxable,1,,Schwerlastfüße,,Blohm,Anwendung,Maschine / Anlage,1,1,Funktion,"Höhenverstellung, Hohe Traglast",1,1,Bauform,Stellfuß,1,1,Material,Stahl,1,1,Gewinde,M24,1,1,Traglast,15000 N,1,0,Durchmesser,100 mm,1,0,,,,,,,,,1,vergleich
simple,BF-V-D3AE5B36,Blohm B0372.2208024 (Form B),1,0,visible,"Stellfuß Form B, Edelstahl, mehrere Spindellängen. Preis und Lieferzeit auf Anfrage.","<p>Stellfuß Form B, Edelstahl, mehrere Spindellängen.</p><table><tbody><tr><th>Hersteller</th><td>Blohm</td></tr><tr><th>Serie / Artikel</th><td>B0372.2208024 (Form B)</td></tr><tr><th>Maß / Ø (mm)</th><td>80</td></tr><tr><th>Material</th><td>Edelstahl 1.4301; NBR 80 Shore</td></tr><tr><th>Gewinde / Anschluss</th><td>M24</td></tr><tr><th>Traglast (N)</th><td>10000</td></tr><tr><th>Varianten laut Hersteller</th><td>8</td></tr></tbody></table><p>Technische Angaben nach Herstellerunterlagen, ohne Gewähr. Passende Ausführung, Preis und Lieferzeit nennen wir Ihnen auf Anfrage.</p>",taxable,1,,Schwerlastfüße,,Blohm,Anwendung,Maschine / Anlage,1,1,Funktion,"Höhenverstellung, Hohe Traglast",1,1,Bauform,Stellfuß,1,1,Material,Edelstahl,1,1,Gewinde,M24,1,1,Traglast,10000 N,1,0,Durchmesser,80 mm,1,0,,,,,,,,,1,vergleich
simple,BF-V-56467BFE,Blohm B0372.2210024 (Form B),1,0,visible,"Stellfuß Form B, Edelstahl, mehrere Spindellängen. Preis und Lieferzeit auf Anfrage.","<p>Stellfuß Form B, Edelstahl, mehrere Spindellängen.</p><table><tbody><tr><th>Hersteller</th><td>Blohm</td></tr><tr><th>Serie / Artikel</th><td>B0372.2210024 (Form B)</td></tr><tr><th>Maß / Ø (mm)</th><td>100</td></tr><tr><th>Material</th><td>Edelstahl 1.4301; NBR 80 Shore</td></tr><tr><th>Gewinde / Anschluss</th><td>M24</td></tr><tr><th>Traglast (N)</th><td>15000</td></tr><tr><th>Varianten laut Hersteller</th><td>7</td></tr></tbody></table><p>Technische Angaben nach Herstellerunterlagen, ohne Gewähr. Passende Ausführung, Preis und Lieferzeit nennen wir Ihnen auf Anfrage.</p>",taxable,1,,Schwerlastfüße,,Blohm,Anwendung,Maschine / Anlage,1,1,Funktion,"Höhenverstellung, Hohe Traglast",1,1,Bauform,Stellfuß,1,1,Material,Edelstahl,1,1,Gewinde,M24,1,1,Traglast,15000 N,1,0,Durchmesser,100 mm,1,0,,,,,,,,,1,vergleich
simple,BF-V-47830217,Blohm B0372.3110024 (Form C),1,0,visible,"Stellfuß Form C, Stahl, mehrere Spindellängen. Preis und Lieferzeit auf Anfrage.","<p>Stellfuß Form C, Stahl, mehrere Spindellängen.</p><table><tbody><tr><th>Hersteller</th><td>Blohm</td></tr><tr><th>Serie / Artikel</th><td>B0372.3110024 (Form C)</td></tr><tr><th>Maß / Ø (mm)</th><td>100</td></tr><tr><th>Material</th><td>Stahl verzinkt; NBR 80 Shore</td></tr><tr><th>Gewinde / Anschluss</th><td>M24</td></tr><tr><th>Traglast (N)</th><td>15000</td></tr><tr><th>Varianten laut Hersteller</th><td>1</td></tr></tbody></table><p>Technische Angaben nach Herstellerunterlagen, ohne Gewähr. Passende Ausführung, Preis und Lieferzeit nennen wir Ihnen auf Anfrage.</p>",taxable,1,,Schwerlastfüße,,Blohm,Anwendung,Maschine / Anlage,1,1,Funktion,"Höhenverstellung, Hohe Traglast",1,1,Bauform,Stellfuß,1,1,Material,Stahl,1,1,Gewinde,M24,1,1,Traglast,15000 N,1,0,Durchmesser,100 mm,1,0,,,,,,,,,1,vergleich
simple,BF-V-9E5C58E3,Blohm B0372.3112024 (Form C),1,0,visible,"Stellfuß Form C, Stahl, mehrere Spindellängen. Preis und Lieferzeit auf Anfrage.","<p>Stellfuß Form C, Stahl, mehrere Spindellängen.</p><table><tbody><tr><th>Hersteller</th><td>Blohm</td></tr><tr><th>Serie / Artikel</th><td>B0372.3112024 (Form C)</td></tr><tr><th>Maß / Ø (mm)</th><td>120</td></tr><tr><th>Material</th><td>Stahl verzinkt; NBR 80 Shore</td></tr><tr><th>Gewinde / Anschluss</th><td>M24</td></tr><tr><th>Traglast (N)</th><td>30000</td></tr><tr><th>Varianten laut Hersteller</th><td>3</td></tr></tbody></table><p>Technische Angaben nach Herstellerunterlagen, ohne Gewähr. Passende Ausführung, Preis und Lieferzeit nennen wir Ihnen auf Anfrage.</p>",taxable,1,,Schwerlastfüße,,Blohm,Anwendung,Maschine / Anlage,1,1,Funktion,"Höhenverstellung, Hohe Traglast",1,1,Bauform,Stellfuß,1,1,Material,Stahl,1,1,Gewinde,M24,1,1,Traglast,30000 N,1,0,Durchmesser,120 mm,1,0,,,,,,,,,1,vergleich
simple,BF-V-83F950C3,Blohm B0372.3112030 (Form C),1,0,visible,"Stellfuß Form C, Stahl, mehrere Spindellängen. Preis und Lieferzeit auf Anfrage.","<p>Stellfuß Form C, Stahl, mehrere Spindellängen.</p><table><tbody><tr><th>Hersteller</th><td>Blohm</td></tr><tr><th>Serie / Artikel</th><td>B0372.3112030 (Form C)</td></tr><tr><th>Maß / Ø (mm)</th><td>120</td></tr><tr><th>Material</th><td>Stahl verzinkt; NBR 80 Shore</td></tr><tr><th>Gewinde / Anschluss</th><td>M30</td></tr><tr><th>Traglast (N)</th><td>30000</td></tr><tr><th>Varianten laut Hersteller</th><td>3</td></tr></tbody></table><p>Technische Angaben nach Herstellerunterlagen, ohne Gewähr. Passende Ausführung, Preis und Lieferzeit nennen wir Ihnen auf Anfrage.</p>",taxable,1,,Schwerlastfüße,,Blohm,Anwendung,Maschine / Anlage,1,1,Funktion,"Höhenverstellung, Hohe Traglast",1,1,Bauform,Stellfuß,1,1,Material,Stahl,1,1,Gewinde,M30,1,1,Traglast,30000 N,1,0,Durchmesser,120 mm,1,0,,,,,,,,,1,vergleich
simple,BF-V-35013BA1,Blohm B0372.3212024 (Form C),1,0,visible,"Stellfuß Form C, Edelstahl, mehrere Spindellängen. Preis und Lieferzeit auf Anfrage.","<p>Stellfuß Form C, Edelstahl, mehrere Spindellängen.</p><table><tbody><tr><th>Hersteller</th><td>Blohm</td></tr><tr><th>Serie / Artikel</th><td>B0372.3212024 (Form C)</td></tr><tr><th>Maß / Ø (mm)</th><td>120</td></tr><tr><th>Material</th><td>Edelstahl 1.4301; NBR 80 Shore</td></tr><tr><th>Gewinde / Anschluss</th><td>M24</td></tr><tr><th>Traglast (N)</th><td>30000</td></tr><tr><th>Varianten laut Hersteller</th><td>3</td></tr></tbody></table><p>Technische Angaben nach Herstellerunterlagen, ohne Gewähr. Passende Ausführung, Preis und Lieferzeit nennen wir Ihnen auf Anfrage.</p>",taxable,1,,Schwerlastfüße,,Blohm,Anwendung,Maschine / Anlage,1,1,Funktion,"Höhenverstellung, Hohe Traglast",1,1,Bauform,Stellfuß,1,1,Material,Edelstahl,1,1,Gewinde,M24,1,1,Traglast,30000 N,1,0,Durchmesser,120 mm,1,0,,,,,,,,,1,vergleich
simple,BF-V-6DE32C45,Blohm B0372.3212030 (Form C),1,0,visible,"Stellfuß Form C, Edelstahl, mehrere Spindellängen. Preis und Lieferzeit auf Anfrage.","<p>Stellfuß Form C, Edelstahl, mehrere Spindellängen.</p><table><tbody><tr><th>Hersteller</th><td>Blohm</td></tr><tr><th>Serie / Artikel</th><td>B0372.3212030 (Form C)</td></tr><tr><th>Maß / Ø (mm)</th><td>120</td></tr><tr><th>Material</th><td>Edelstahl 1.4301; NBR 80 Shore</td></tr><tr><th>Gewinde / Anschluss</th><td>M30</td></tr><tr><th>Traglast (N)</th><td>30000</td></tr><tr><th>Varianten laut Hersteller</th><td>3</td></tr></tbody></table><p>Technische Angaben nach Herstellerunterlagen, ohne Gewähr. Passende Ausführung, Preis und Lieferzeit nennen wir Ihnen auf Anfrage.</p>",taxable,1,,Schwerlastfüße,,Blohm,Anwendung,Maschine / Anlage,1,1,Funktion,"Höhenverstellung, Hohe Traglast",1,1,Bauform,Stellfuß,1,1,Material,Edelstahl,1,1,Gewinde,M30,1,1,Traglast,30000 N,1,0,Durchmesser,120 mm,1,0,,,,,,,,,1,vergleich
simple,BF-V-AA78061B,Blohm B0372.5208024 (Form E),1,0,visible,"Stellfuß Form E, Edelstahl, mehrere Spindellängen. Preis und Lieferzeit auf Anfrage.","<p>Stellfuß Form E, Edelstahl, mehrere Spindellängen.</p><table><tbody><tr><th>Hersteller</th><td>Blohm</td></tr><tr><th>Serie / Artikel</th><td>B0372.5208024 (Form E)</td></tr><tr><th>Maß / Ø (mm)</th><td>80</td></tr><tr><th>Material</th><td>Edelstahl 1.4301; NBR 80 Shore</td></tr><tr><th>Gewinde / Anschluss</th><td>M24</td></tr><tr><th>Traglast (N)</th><td>10000</td></tr><tr><th>Varianten laut Hersteller</th><td>8</td></tr></tbody></table><p>Technische Angaben nach Herstellerunterlagen, ohne Gewähr. Passende Ausführung, Preis und Lieferzeit nennen wir Ihnen auf Anfrage.</p>",taxable,1,,Schwerlastfüße,,Blohm,Anwendung,Maschine / Anlage,1,1,Funktion,"Höhenverstellung, Hohe Traglast",1,1,Bauform,Stellfuß,1,1,Material,Edelstahl,1,1,Gewinde,M24,1,1,Traglast,10000 N,1,0,Durchmesser,80 mm,1,0,,,,,,,,,1,vergleich
simple,BF-V-AE657A40,Elesa+Ganter GN 360-119-M16-A/B-NI,1,0,visible,"Nivellierset für sehr hohe Lasten, Feingewinde-Verstellung per Hakenschlüssel. Preis und Lieferzeit auf Anfrage.","<p>Nivellierset für sehr hohe Lasten, Feingewinde-Verstellung per Hakenschlüssel.</p><table><tbody><tr><th>Hersteller</th><td>Elesa+Ganter</td></tr><tr><th>Serie / Artikel</th><td>GN 360-119-M16-A/B-NI</td></tr><tr><th>Maß / Ø (mm)</th><td>119</td></tr><tr><th>Material</th><td>Edelstahl AISI 304</td></tr><tr><th>Gewinde / Anschluss</th><td>Befestigung M16; Feingewinde M45x1,5</td></tr><tr><th>Traglast (N)</th><td>155000</td></tr><tr><th>Bodenbefestigung</th><td>Befestigung über Gewinde in Maschine/Stützelement</td></tr><tr><th>Varianten laut Hersteller</th><td>4</td></tr></tbody></table><p>Technische Angaben nach Herstellerunterlagen, ohne Gewähr. Passende Ausführung, Preis und Lieferzeit nennen wir Ihnen auf Anfrage.</p>",taxable,1,,Schwerlastfüße,,Elesa+Ganter,Anwendung,Maschine / Anlage,1,1,Funktion,"Höhenverstellung, Hohe Traglast",1,1,Bauform,Stellfuß,1,1,Material,Edelstahl,1,1,Gewinde,"M16, M45",1,1,Traglast,155000 N,1,0,Durchmesser,119 mm,1,0,,,,,,,,,1,vergleich
simple,BF-V-189CAFA7,Elesa+Ganter GN 360-119-M16-A/B-ST,1,0,visible,"Nivellierset für sehr hohe Lasten, Feingewinde-Verstellung per Hakenschlüssel. Preis und Lieferzeit auf Anfrage.","<p>Nivellierset für sehr hohe Lasten, Feingewinde-Verstellung per Hakenschlüssel.</p><table><tbody><tr><th>Hersteller</th><td>Elesa+Ganter</td></tr><tr><th>Serie / Artikel</th><td>GN 360-119-M16-A/B-ST</td></tr><tr><th>Maß / Ø (mm)</th><td>119</td></tr><tr><th>Material</th><td>Stahl verzinkt, blau passiviert</td></tr><tr><th>Gewinde / Anschluss</th><td>Befestigung M16; Feingewinde M45x1,5</td></tr><tr><th>Traglast (N)</th><td>225000</td></tr><tr><th>Bodenbefestigung</th><td>Befestigung über Gewinde in Maschine/Stützelement</td></tr><tr><th>Varianten laut Hersteller</th><td>4</td></tr></tbody></table><p>Technische Angaben nach Herstellerunterlagen, ohne Gewähr. Passende Ausführung, Preis und Lieferzeit nennen wir Ihnen auf Anfrage.</p>",taxable,1,,Schwerlastfüße,,Elesa+Ganter,Anwendung,Maschine / Anlage,1,1,Funktion,"Höhenverstellung, Hohe Traglast",1,1,Bauform,Stellfuß,1,1,Material,Stahl,1,1,Gewinde,"M16, M45",1,1,Traglast,225000 N,1,0,Durchmesser,119 mm,1,0,,,,,,,,,1,vergleich
simple,BF-V-38AEC9E3,Elesa+Ganter GN 360-40-M10-A/B-NI,1,0,visible,"Nivellierset für sehr hohe Lasten, Feingewinde-Verstellung per Hakenschlüssel. Preis und Lieferzeit auf Anfrage.","<p>Nivellierset für sehr hohe Lasten, Feingewinde-Verstellung per Hakenschlüssel.</p><table><tbody><tr><th>Hersteller</th><td>Elesa+Ganter</td></tr><tr><th>Serie / Artikel</th><td>GN 360-40-M10-A/B-NI</td></tr><tr><th>Maß / Ø (mm)</th><td>40</td></tr><tr><th>Material</th><td>Edelstahl AISI 304</td></tr><tr><th>Gewinde / Anschluss</th><td>Befestigung M10; Feingewinde M28x1,5</td></tr><tr><th>Traglast (N)</th><td>70000</td></tr><tr><th>Bodenbefestigung</th><td>Befestigung über Gewinde in Maschine/Stützelement</td></tr><tr><th>Varianten laut Hersteller</th><td>4</td></tr></tbody></table><p>Technische Angaben nach Herstellerunterlagen, ohne Gewähr. Passende Ausführung, Preis und Lieferzeit nennen wir Ihnen auf Anfrage.</p>",taxable,1,,Schwerlastfüße,,Elesa+Ganter,Anwendung,Maschine / Anlage,1,1,Funktion,"Höhenverstellung, Hohe Traglast",1,1,Bauform,Stellfuß,1,1,Material,Edelstahl,1,1,Gewinde,"M10, M28",1,1,Traglast,70000 N,1,0,Durchmesser,40 mm,1,0,,,,,,,,,1,vergleich
simple,BF-V-48C84102,Elesa+Ganter GN 360-40-M10-A/B-ST,1,0,visible,"Nivellierset für sehr hohe Lasten, Feingewinde-Verstellung per Hakenschlüssel. Preis und Lieferzeit auf Anfrage.","<p>Nivellierset für sehr hohe Lasten, Feingewinde-Verstellung per Hakenschlüssel.</p><table><tbody><tr><th>Hersteller</th><td>Elesa+Ganter</td></tr><tr><th>Serie / Artikel</th><td>GN 360-40-M10-A/B-ST</td></tr><tr><th>Maß / Ø (mm)</th><td>40</td></tr><tr><th>Material</th><td>Stahl verzinkt, blau passiviert</td></tr><tr><th>Gewinde / Anschluss</th><td>Befestigung M10; Feingewinde M28x1,5</td></tr><tr><th>Traglast (N)</th><td>100000</td></tr><tr><th>Bodenbefestigung</th><td>Befestigung über Gewinde in Maschine/Stützelement</td></tr><tr><th>Varianten laut Hersteller</th><td>4</td></tr></tbody></table><p>Technische Angaben nach Herstellerunterlagen, ohne Gewähr. Passende Ausführung, Preis und Lieferzeit nennen wir Ihnen auf Anfrage.</p>",taxable,1,,Schwerlastfüße,,Elesa+Ganter,Anwendung,Maschine / Anlage,1,1,Funktion,"Höhenverstellung, Hohe Traglast",1,1,Bauform,Stellfuß,1,1,Material,Stahl,1,1,Gewinde,"M10, M28",1,1,Traglast,100000 N,1,0,Durchmesser,40 mm,1,0,,,,,,,,,1,vergleich
simple,BF-V-1B3BA4DF,Elesa+Ganter GN 360-52-M12-A/B-NI,1,0,visible,"Nivellierset für sehr hohe Lasten, Feingewinde-Verstellung per Hakenschlüssel. Preis und Lieferzeit auf Anfrage.","<p>Nivellierset für sehr hohe Lasten, Feingewinde-Verstellung per Hakenschlüssel.</p><table><tbody><tr><th>Hersteller</th><td>Elesa+Ganter</td></tr><tr><th>Serie / Artikel</th><td>GN 360-52-M12-A/B-NI</td></tr><tr><th>Maß / Ø (mm)</th><td>52</td></tr><tr><th>Material</th><td>Edelstahl AISI 304</td></tr><tr><th>Gewinde / Anschluss</th><td>Befestigung M12; Feingewinde M36x1,5</td></tr><tr><th>Traglast (N)</th><td>85000</td></tr><tr><th>Bodenbefestigung</th><td>Befestigung über Gewinde in Maschine/Stützelement</td></tr><tr><th>Varianten laut Hersteller</th><td>4</td></tr></tbody></table><p>Technische Angaben nach Herstellerunterlagen, ohne Gewähr. Passende Ausführung, Preis und Lieferzeit nennen wir Ihnen auf Anfrage.</p>",taxable,1,,Schwerlastfüße,,Elesa+Ganter,Anwendung,Maschine / Anlage,1,1,Funktion,"Höhenverstellung, Hohe Traglast",1,1,Bauform,Stellfuß,1,1,Material,Edelstahl,1,1,Gewinde,"M12, M36",1,1,Traglast,85000 N,1,0,Durchmesser,52 mm,1,0,,,,,,,,,1,vergleich
simple,BF-V-79F3EB19,Elesa+Ganter GN 360-52-M12-A/B-ST,1,0,visible,"Nivellierset für sehr hohe Lasten, Feingewinde-Verstellung per Hakenschlüssel. Preis und Lieferzeit auf Anfrage.","<p>Nivellierset für sehr hohe Lasten, Feingewinde-Verstellung per Hakenschlüssel.</p><table><tbody><tr><th>Hersteller</th><td>Elesa+Ganter</td></tr><tr><th>Serie / Artikel</th><td>GN 360-52-M12-A/B-ST</td></tr><tr><th>Maß / Ø (mm)</th><td>52</td></tr><tr><th>Material</th><td>Stahl verzinkt, blau passiviert</td></tr><tr><th>Gewinde / Anschluss</th><td>Befestigung M12; Feingewinde M36x1,5</td></tr><tr><th>Traglast (N)</th><td>125000</td></tr><tr><th>Bodenbefestigung</th><td>Befestigung über Gewinde in Maschine/Stützelement</td></tr><tr><th>Varianten laut Hersteller</th><td>4</td></tr></tbody></table><p>Technische Angaben nach Herstellerunterlagen, ohne Gewähr. Passende Ausführung, Preis und Lieferzeit nennen wir Ihnen auf Anfrage.</p>",taxable,1,,Schwerlastfüße,,Elesa+Ganter,Anwendung,Maschine / Anlage,1,1,Funktion,"Höhenverstellung, Hohe Traglast",1,1,Bauform,Stellfuß,1,1,Material,Stahl,1,1,Gewinde,"M12, M36",1,1,Traglast,125000 N,1,0,Durchmesser,52 mm,1,0,,,,,,,,,1,vergleich
simple,BF-V-739AAB33,Elesa+Ganter GN 360-65-M16-A/B-NI,1,0,visible,"Nivellierset für sehr hohe Lasten, Feingewinde-Verstellung per Hakenschlüssel. Preis und Lieferzeit auf Anfrage.","<p>Nivellierset für sehr hohe Lasten, Feingewinde-Verstellung per Hakenschlüssel.</p><table><tbody><tr><th>Hersteller</th><td>Elesa+Ganter</td></tr><tr><th>Serie / Artikel</th><td>GN 360-65-M16-A/B-NI</td></tr><tr><th>Maß / Ø (mm)</th><td>65</td></tr><tr><th>Material</th><td>Edelstahl AISI 304</td></tr><tr><th>Gewinde / Anschluss</th><td>Befestigung M16; Feingewinde M45x1,5</td></tr><tr><th>Traglast (N)</th><td>155000</td></tr><tr><th>Bodenbefestigung</th><td>Befestigung über Gewinde in Maschine/Stützelement</td></tr><tr><th>Varianten laut Hersteller</th><td>4</td></tr></tbody></table><p>Technische Angaben nach Herstellerunterlagen, ohne Gewähr. Passende Ausführung, Preis und Lieferzeit nennen wir Ihnen auf Anfrage.</p>",taxable,1,,Schwerlastfüße,,Elesa+Ganter,Anwendung,Maschine / Anlage,1,1,Funktion,"Höhenverstellung, Hohe Traglast",1,1,Bauform,Stellfuß,1,1,Material,Edelstahl,1,1,Gewinde,"M16, M45",1,1,Traglast,155000 N,1,0,Durchmesser,65 mm,1,0,,,,,,,,,1,vergleich
simple,BF-V-164B5E9E,Elesa+Ganter GN 360-65-M16-A/B-ST,1,0,visible,"Nivellierset für sehr hohe Lasten, Feingewinde-Verstellung per Hakenschlüssel. Preis und Lieferzeit auf Anfrage.","<p>Nivellierset für sehr hohe Lasten, Feingewinde-Verstellung per Hakenschlüssel.</p><table><tbody><tr><th>Hersteller</th><td>Elesa+Ganter</td></tr><tr><th>Serie / Artikel</th><td>GN 360-65-M16-A/B-ST</td></tr><tr><th>Maß / Ø (mm)</th><td>65</td></tr><tr><th>Material</th><td>Stahl verzinkt, blau passiviert</td></tr><tr><th>Gewinde / Anschluss</th><td>Befestigung M16; Feingewinde M45x1,5</td></tr><tr><th>Traglast (N)</th><td>225000</td></tr><tr><th>Bodenbefestigung</th><td>Befestigung über Gewinde in Maschine/Stützelement</td></tr><tr><th>Varianten laut Hersteller</th><td>4</td></tr></tbody></table><p>Technische Angaben nach Herstellerunterlagen, ohne Gewähr. Passende Ausführung, Preis und Lieferzeit nennen wir Ihnen auf Anfrage.</p>",taxable,1,,Schwerlastfüße,,Elesa+Ganter,Anwendung,Maschine / Anlage,1,1,Funktion,"Höhenverstellung, Hohe Traglast",1,1,Bauform,Stellfuß,1,1,Material,Stahl,1,1,Gewinde,"M16, M45",1,1,Traglast,225000 N,1,0,Durchmesser,65 mm,1,0,,,,,,,,,1,vergleich
simple,BF-V-DD3C6349,Elesa+Ganter GN 360-79-M10-A/B-NI,1,0,visible,"Nivellierset für sehr hohe Lasten, Feingewinde-Verstellung per Hakenschlüssel. Preis und Lieferzeit auf Anfrage.","<p>Nivellierset für sehr hohe Lasten, Feingewinde-Verstellung per Hakenschlüssel.</p><table><tbody><tr><th>Hersteller</th><td>Elesa+Ganter</td></tr><tr><th>Serie / Artikel</th><td>GN 360-79-M10-A/B-NI</td></tr><tr><th>Maß / Ø (mm)</th><td>79</td></tr><tr><th>Material</th><td>Edelstahl AISI 304</td></tr><tr><th>Gewinde / Anschluss</th><td>Befestigung M10; Feingewinde M28x1,5</td></tr><tr><th>Traglast (N)</th><td>70000</td></tr><tr><th>Bodenbefestigung</th><td>Befestigung über Gewinde in Maschine/Stützelement</td></tr><tr><th>Varianten laut Hersteller</th><td>4</td></tr></tbody></table><p>Technische Angaben nach Herstellerunterlagen, ohne Gewähr. Passende Ausführung, Preis und Lieferzeit nennen wir Ihnen auf Anfrage.</p>",taxable,1,,Schwerlastfüße,,Elesa+Ganter,Anwendung,Maschine / Anlage,1,1,Funktion,"Höhenverstellung, Hohe Traglast",1,1,Bauform,Stellfuß,1,1,Material,Edelstahl,1,1,Gewinde,"M10, M28",1,1,Traglast,70000 N,1,0,Durchmesser,79 mm,1,0,,,,,,,,,1,vergleich
simple,BF-V-29384AFD,Elesa+Ganter GN 360-79-M10-A/B-ST,1,0,visible,"Nivellierset für sehr hohe Lasten, Feingewinde-Verstellung per Hakenschlüssel. Preis und Lieferzeit auf Anfrage.","<p>Nivellierset für sehr hohe Lasten, Feingewinde-Verstellung per Hakenschlüssel.</p><table><tbody><tr><th>Hersteller</th><td>Elesa+Ganter</td></tr><tr><th>Serie / Artikel</th><td>GN 360-79-M10-A/B-ST</td></tr><tr><th>Maß / Ø (mm)</th><td>79</td></tr><tr><th>Material</th><td>Stahl verzinkt, blau passiviert</td></tr><tr><th>Gewinde / Anschluss</th><td>Befestigung M10; Feingewinde M28x1,5</td></tr><tr><th>Traglast (N)</th><td>100000</td></tr><tr><th>Bodenbefestigung</th><td>Befestigung über Gewinde in Maschine/Stützelement</td></tr><tr><th>Varianten laut Hersteller</th><td>4</td></tr></tbody></table><p>Technische Angaben nach Herstellerunterlagen, ohne Gewähr. Passende Ausführung, Preis und Lieferzeit nennen wir Ihnen auf Anfrage.</p>",taxable,1,,Schwerlastfüße,,Elesa+Ganter,Anwendung,Maschine / Anlage,1,1,Funktion,"Höhenverstellung, Hohe Traglast",1,1,Bauform,Stellfuß,1,1,Material,Stahl,1,1,Gewinde,"M10, M28",1,1,Traglast,100000 N,1,0,Durchmesser,79 mm,1,0,,,,,,,,,1,vergleich
simple,BF-V-DE4CAA40,Elesa+Ganter GN 360-99-M12-A/B-NI,1,0,visible,"Nivellierset für sehr hohe Lasten, Feingewinde-Verstellung per Hakenschlüssel. Preis und Lieferzeit auf Anfrage.","<p>Nivellierset für sehr hohe Lasten, Feingewinde-Verstellung per Hakenschlüssel.</p><table><tbody><tr><th>Hersteller</th><td>Elesa+Ganter</td></tr><tr><th>Serie / Artikel</th><td>GN 360-99-M12-A/B-NI</td></tr><tr><th>Maß / Ø (mm)</th><td>99</td></tr><tr><th>Material</th><td>Edelstahl AISI 304</td></tr><tr><th>Gewinde / Anschluss</th><td>Befestigung M12; Feingewinde M36x1,5</td></tr><tr><th>Traglast (N)</th><td>85000</td></tr><tr><th>Bodenbefestigung</th><td>Befestigung über Gewinde in Maschine/Stützelement</td></tr><tr><th>Varianten laut Hersteller</th><td>4</td></tr></tbody></table><p>Technische Angaben nach Herstellerunterlagen, ohne Gewähr. Passende Ausführung, Preis und Lieferzeit nennen wir Ihnen auf Anfrage.</p>",taxable,1,,Schwerlastfüße,,Elesa+Ganter,Anwendung,Maschine / Anlage,1,1,Funktion,"Höhenverstellung, Hohe Traglast",1,1,Bauform,Stellfuß,1,1,Material,Edelstahl,1,1,Gewinde,"M12, M36",1,1,Traglast,85000 N,1,0,Durchmesser,99 mm,1,0,,,,,,,,,1,vergleich
simple,BF-V-69213716,Elesa+Ganter GN 360-99-M12-A/B-ST,1,0,visible,"Nivellierset für sehr hohe Lasten, Feingewinde-Verstellung per Hakenschlüssel. Preis und Lieferzeit auf Anfrage.","<p>Nivellierset für sehr hohe Lasten, Feingewinde-Verstellung per Hakenschlüssel.</p><table><tbody><tr><th>Hersteller</th><td>Elesa+Ganter</td></tr><tr><th>Serie / Artikel</th><td>GN 360-99-M12-A/B-ST</td></tr><tr><th>Maß / Ø (mm)</th><td>99</td></tr><tr><th>Material</th><td>Stahl verzinkt, blau passiviert</td></tr><tr><th>Gewinde / Anschluss</th><td>Befestigung M12; Feingewinde M36x1,5</td></tr><tr><th>Traglast (N)</th><td>125000</td></tr><tr><th>Bodenbefestigung</th><td>Befestigung über Gewinde in Maschine/Stützelement</td></tr><tr><th>Varianten laut Hersteller</th><td>4</td></tr></tbody></table><p>Technische Angaben nach Herstellerunterlagen, ohne Gewähr. Passende Ausführung, Preis und Lieferzeit nennen wir Ihnen auf Anfrage.</p>",taxable,1,,Schwerlastfüße,,Elesa+Ganter,Anwendung,Maschine / Anlage,1,1,Funktion,"Höhenverstellung, Hohe Traglast",1,1,Bauform,Stellfuß,1,1,Material,Stahl,1,1,Gewinde,"M12, M36",1,1,Traglast,125000 N,1,0,Durchmesser,99 mm,1,0,,,,,,,,,1,vergleich
simple,BF-V-F9D7FAE3,Elesa+Ganter LM.60 M24 (401581/401583/401586),1,0,visible,Gelenkfuß Stahl verzinkt mit Kugelgelenk. Preis und Lieferzeit auf Anfrage.,"<p>Gelenkfuß Stahl verzinkt mit Kugelgelenk.</p><table><tbody><tr><th>Hersteller</th><td>Elesa+Ganter</td></tr><tr><th>Serie / Artikel</th><td>LM.60 M24 (401581/401583/401586)</td></tr><tr><th>Maß / Ø (mm)</th><td>60</td></tr><tr><th>Material</th><td>Stahl verzinkt</td></tr><tr><th>Gewinde / Anschluss</th><td>M24</td></tr><tr><th>Traglast (N)</th><td>95000</td></tr><tr><th>Varianten laut Hersteller</th><td>3</td></tr></tbody></table><p>Technische Angaben nach Herstellerunterlagen, ohne Gewähr. Passende Ausführung, Preis und Lieferzeit nennen wir Ihnen auf Anfrage.</p>",taxable,1,,Schwerlastfüße,,Elesa+Ganter,Anwendung,Maschine / Anlage,1,1,Funktion,"Höhenverstellung, Hohe Traglast",1,1,Bauform,Stellfuß,1,1,Material,Stahl,1,1,Gewinde,M24,1,1,Traglast,95000 N,1,0,Durchmesser,60 mm,1,0,,,,,,,,,1,vergleich
simple,BF-V-F500F45E,"Martin Levelling 11466-11477 (M20, Teller 159)",1,0,visible,"Schwerlastfuß, Stahlteller Ø159, Gelenkspindel 10°. Preis und Lieferzeit auf Anfrage.","<p>Schwerlastfuß, Stahlteller Ø159, Gelenkspindel 10°.</p><table><tbody><tr><th>Hersteller</th><td>Martin Levelling</td></tr><tr><th>Serie / Artikel</th><td>11466-11477 (M20, Teller 159)</td></tr><tr><th>Maß / Ø (mm)</th><td>159</td></tr><tr><th>Material</th><td>Teller Stahl verzinkt C40; Spindel Stahl verzinkt; NBR-Belag optional</td></tr><tr><th>Gewinde / Anschluss</th><td>M20</td></tr><tr><th>Traglast (N)</th><td>50000</td></tr><tr><th>Varianten laut Hersteller</th><td>4</td></tr></tbody></table><p>Technische Angaben nach Herstellerunterlagen, ohne Gewähr. Passende Ausführung, Preis und Lieferzeit nennen wir Ihnen auf Anfrage.</p>",taxable,1,,Schwerlastfüße,,Martin Levelling,Anwendung,Maschine / Anlage,1,1,Funktion,"Höhenverstellung, Hohe Traglast",1,1,Bauform,Stellfuß,1,1,Material,Stahl,1,1,Gewinde,M20,1,1,Traglast,50000 N,1,0,Durchmesser,159 mm,1,0,,,,,,,,,1,vergleich
simple,BF-V-6936D9A6,"Martin Levelling 11466-11477 (M24, Teller 159)",1,0,visible,"Schwerlastfuß, Stahlteller Ø159, Gelenkspindel 10°. Preis und Lieferzeit auf Anfrage.","<p>Schwerlastfuß, Stahlteller Ø159, Gelenkspindel 10°.</p><table><tbody><tr><th>Hersteller</th><td>Martin Levelling</td></tr><tr><th>Serie / Artikel</th><td>11466-11477 (M24, Teller 159)</td></tr><tr><th>Maß / Ø (mm)</th><td>159</td></tr><tr><th>Material</th><td>Teller Stahl verzinkt C40; Spindel Stahl verzinkt; NBR-Belag optional</td></tr><tr><th>Gewinde / Anschluss</th><td>M24</td></tr><tr><th>Traglast (N)</th><td>60000</td></tr><tr><th>Varianten laut Hersteller</th><td>4</td></tr></tbody></table><p>Technische Angaben nach Herstellerunterlagen, ohne Gewähr. Passende Ausführung, Preis und Lieferzeit nennen wir Ihnen auf Anfrage.</p>",taxable,1,,Schwerlastfüße,,Martin Levelling,Anwendung,Maschine / Anlage,1,1,Funktion,"Höhenverstellung, Hohe Traglast",1,1,Bauform,Stellfuß,1,1,Material,Stahl,1,1,Gewinde,M24,1,1,Traglast,60000 N,1,0,Durchmesser,159 mm,1,0,,,,,,,,,1,vergleich
simple,BF-V-04724617,"Martin Levelling 11466-11477 (M30, Teller 159)",1,0,visible,"Schwerlastfuß, Stahlteller Ø159, Gelenkspindel 10°. Preis und Lieferzeit auf Anfrage.","<p>Schwerlastfuß, Stahlteller Ø159, Gelenkspindel 10°.</p><table><tbody><tr><th>Hersteller</th><td>Martin Levelling</td></tr><tr><th>Serie / Artikel</th><td>11466-11477 (M30, Teller 159)</td></tr><tr><th>Maß / Ø (mm)</th><td>159</td></tr><tr><th>Material</th><td>Teller Stahl verzinkt C40; Spindel Stahl verzinkt; NBR-Belag optional</td></tr><tr><th>Gewinde / Anschluss</th><td>M30</td></tr><tr><th>Traglast (N)</th><td>70000</td></tr><tr><th>Varianten laut Hersteller</th><td>4</td></tr></tbody></table><p>Technische Angaben nach Herstellerunterlagen, ohne Gewähr. Passende Ausführung, Preis und Lieferzeit nennen wir Ihnen auf Anfrage.</p>",taxable,1,,Schwerlastfüße,,Martin Levelling,Anwendung,Maschine / Anlage,1,1,Funktion,"Höhenverstellung, Hohe Traglast",1,1,Bauform,Stellfuß,1,1,Material,Stahl,1,1,Gewinde,M30,1,1,Traglast,70000 N,1,0,Durchmesser,159 mm,1,0,,,,,,,,,1,vergleich
simple,BF-V-365D21EF,Martin Levelling MASSIV 45811370/30,1,0,visible,"Massiver Stahlfuß gelb, lange Gewindespindel. Preis und Lieferzeit auf Anfrage.","<p>Massiver Stahlfuß gelb, lange Gewindespindel.</p><table><tbody><tr><th>Hersteller</th><td>Martin Levelling</td></tr><tr><th>Serie / Artikel</th><td>MASSIV 45811370/30</td></tr><tr><th>Maß / Ø (mm)</th><td>100</td></tr><tr><th>Material</th><td>Stahl, gelb</td></tr><tr><th>Gewinde / Anschluss</th><td>M30 x 100</td></tr><tr><th>Varianten laut Hersteller</th><td>1</td></tr></tbody></table><p>Technische Angaben nach Herstellerunterlagen, ohne Gewähr. Passende Ausführung, Preis und Lieferzeit nennen wir Ihnen auf Anfrage.</p>",taxable,1,,Schwerlastfüße,,Martin Levelling,Anwendung,Maschine / Anlage,1,1,Funktion,"Höhenverstellung, Hohe Traglast",1,1,Bauform,Stellfuß,1,1,Material,Stahl,1,1,Gewinde,M30,1,1,Durchmesser,100 mm,1,0,,,,,,,,,,,,,1,vergleich
simple,BF-V-410978CD,Martin Levelling Piede Inox Carichi Pesanti 12356-12424 (M20),1,0,visible,"Edelstahl-Schwerlastfuß mit festem Stiel, Antirutsch optional. Preis und Lieferzeit auf Anfrage.","<p>Edelstahl-Schwerlastfuß mit festem Stiel, Antirutsch optional.</p><table><tbody><tr><th>Hersteller</th><td>Martin Levelling</td></tr><tr><th>Serie / Artikel</th><td>Piede Inox Carichi Pesanti 12356-12424 (M20)</td></tr><tr><th>Maß / Ø (mm)</th><td>120</td></tr><tr><th>Material</th><td>AISI 304 (316 a.A.); NBR 70 Shore optional (/G)</td></tr><tr><th>Gewinde / Anschluss</th><td>M20</td></tr><tr><th>Traglast (N)</th><td>45000</td></tr><tr><th>Varianten laut Hersteller</th><td>4</td></tr></tbody></table><p>Technische Angaben nach Herstellerunterlagen, ohne Gewähr. Passende Ausführung, Preis und Lieferzeit nennen wir Ihnen auf Anfrage.</p>",taxable,1,,Schwerlastfüße,,Martin Levelling,Anwendung,Maschine / Anlage,1,1,Funktion,"Höhenverstellung, Hohe Traglast",1,1,Bauform,Stellfuß,1,1,Material,Edelstahl,1,1,Gewinde,M20,1,1,Traglast,45000 N,1,0,Durchmesser,120 mm,1,0,,,,,,,,,1,vergleich
simple,BF-V-540DC9B7,Martin Levelling Piede Inox Carichi Pesanti 12356-12424 (M24),1,0,visible,"Edelstahl-Schwerlastfuß mit festem Stiel, Antirutsch optional. Preis und Lieferzeit auf Anfrage.","<p>Edelstahl-Schwerlastfuß mit festem Stiel, Antirutsch optional.</p><table><tbody><tr><th>Hersteller</th><td>Martin Levelling</td></tr><tr><th>Serie / Artikel</th><td>Piede Inox Carichi Pesanti 12356-12424 (M24)</td></tr><tr><th>Maß / Ø (mm)</th><td>120</td></tr><tr><th>Material</th><td>AISI 304 (316 a.A.); NBR 70 Shore optional (/G)</td></tr><tr><th>Gewinde / Anschluss</th><td>M24</td></tr><tr><th>Traglast (N)</th><td>50000</td></tr><tr><th>Varianten laut Hersteller</th><td>4</td></tr></tbody></table><p>Technische Angaben nach Herstellerunterlagen, ohne Gewähr. Passende Ausführung, Preis und Lieferzeit nennen wir Ihnen auf Anfrage.</p>",taxable,1,,Schwerlastfüße,,Martin Levelling,Anwendung,Maschine / Anlage,1,1,Funktion,"Höhenverstellung, Hohe Traglast",1,1,Bauform,Stellfuß,1,1,Material,Edelstahl,1,1,Gewinde,M24,1,1,Traglast,50000 N,1,0,Durchmesser,120 mm,1,0,,,,,,,,,1,vergleich
simple,BF-V-B5ECA1A9,Martin Levelling Piede Inox Carichi Pesanti 12356-12424 (M30),1,0,visible,"Edelstahl-Schwerlastfuß mit festem Stiel, Antirutsch optional. Preis und Lieferzeit auf Anfrage.","<p>Edelstahl-Schwerlastfuß mit festem Stiel, Antirutsch optional.</p><table><tbody><tr><th>Hersteller</th><td>Martin Levelling</td></tr><tr><th>Serie / Artikel</th><td>Piede Inox Carichi Pesanti 12356-12424 (M30)</td></tr><tr><th>Maß / Ø (mm)</th><td>120</td></tr><tr><th>Material</th><td>AISI 304 (316 a.A.); NBR 70 Shore optional (/G)</td></tr><tr><th>Gewinde / Anschluss</th><td>M30</td></tr><tr><th>Traglast (N)</th><td>60000</td></tr><tr><th>Varianten laut Hersteller</th><td>4</td></tr></tbody></table><p>Technische Angaben nach Herstellerunterlagen, ohne Gewähr. Passende Ausführung, Preis und Lieferzeit nennen wir Ihnen auf Anfrage.</p>",taxable,1,,Schwerlastfüße,,Martin Levelling,Anwendung,Maschine / Anlage,1,1,Funktion,"Höhenverstellung, Hohe Traglast",1,1,Bauform,Stellfuß,1,1,Material,Edelstahl,1,1,Gewinde,M30,1,1,Traglast,60000 N,1,0,Durchmesser,120 mm,1,0,,,,,,,,,1,vergleich
simple,BF-V-5DCE7ACC,Martin Levelling Plastica 10358-10373 (M24),1,0,visible,"Polyamidteller mit 30°-Gelenkspindel, Antirutsch optional. Preis und Lieferzeit auf Anfrage.","<p>Polyamidteller mit 30°-Gelenkspindel, Antirutsch optional.</p><table><tbody><tr><th>Hersteller</th><td>Martin Levelling</td></tr><tr><th>Serie / Artikel</th><td>Plastica 10358-10373 (M24)</td></tr><tr><th>Maß / Ø (mm)</th><td>103</td></tr><tr><th>Material</th><td>PA glasfaserverstärkt; Spindel Stahl verzinkt; NBR 70 optional</td></tr><tr><th>Gewinde / Anschluss</th><td>M24</td></tr><tr><th>Traglast (N)</th><td>25000</td></tr><tr><th>Varianten laut Hersteller</th><td>8</td></tr></tbody></table><p>Technische Angaben nach Herstellerunterlagen, ohne Gewähr. Passende Ausführung, Preis und Lieferzeit nennen wir Ihnen auf Anfrage.</p>",taxable,1,,Schwerlastfüße,,Martin Levelling,Anwendung,Maschine / Anlage,1,1,Funktion,"Höhenverstellung, Hohe Traglast",1,1,Bauform,Stellfuß,1,1,Material,"Stahl, Kunststoff",1,1,Gewinde,M24,1,1,Traglast,25000 N,1,0,Durchmesser,103 mm,1,0,,,,,,,,,1,vergleich
simple,BF-V-264E6FE3,MISUMI FJFN / FJFNS / FJFNB / FJFNF / FJFNH (M24),1,0,visible,"Schwerlast-Stellschraube, Spindel frei drehbar, 3–5° neigbar. Preis und Lieferzeit auf Anfrage.","<p>Schwerlast-Stellschraube, Spindel frei drehbar, 3–5° neigbar.</p><table><tbody><tr><th>Hersteller</th><td>MISUMI</td></tr><tr><th>Serie / Artikel</th><td>FJFN / FJFNS / FJFNB / FJFNF / FJFNH (M24)</td></tr><tr><th>Material</th><td>Stahl SS400 verzinkt oder Edelstahl SUS304</td></tr><tr><th>Gewinde / Anschluss</th><td>M24</td></tr><tr><th>Zertifizierung</th><td>RoHS</td></tr><tr><th>Varianten laut Hersteller</th><td>6</td></tr></tbody></table><p>Technische Angaben nach Herstellerunterlagen, ohne Gewähr. Passende Ausführung, Preis und Lieferzeit nennen wir Ihnen auf Anfrage.</p>",taxable,1,,Schwerlastfüße,,MISUMI,Anwendung,Maschine / Anlage,1,1,Funktion,"Höhenverstellung, Hohe Traglast",1,1,Bauform,Stellfuß,1,1,Material,"Edelstahl, Stahl",1,1,Gewinde,M24,1,1,,,,,,,,,,,,,,,,,1,vergleich
simple,BF-V-E3D4AC99,Nu-Tech Engineering A070/029,1,0,visible,"Gelenk-Stellfuß bis 10° neigbar, 3000 kg (umgerechnet in N). Preis und Lieferzeit auf Anfrage.","<p>Gelenk-Stellfuß bis 10° neigbar, 3000 kg (umgerechnet in N).</p><table><tbody><tr><th>Hersteller</th><td>Nu-Tech Engineering</td></tr><tr><th>Serie / Artikel</th><td>A070/029</td></tr><tr><th>Maß / Ø (mm)</th><td>100</td></tr><tr><th>Material</th><td>Stahl / Weichstahl (Angaben uneinheitlich)</td></tr><tr><th>Gewinde / Anschluss</th><td>M24 x 250</td></tr><tr><th>Traglast (N)</th><td>29430</td></tr><tr><th>Varianten laut Hersteller</th><td>1</td></tr></tbody></table><p>Technische Angaben nach Herstellerunterlagen, ohne Gewähr. Passende Ausführung, Preis und Lieferzeit nennen wir Ihnen auf Anfrage.</p>",taxable,1,,Schwerlastfüße,,Nu-Tech Engineering,Anwendung,Maschine / Anlage,1,1,Funktion,"Höhenverstellung, Hohe Traglast",1,1,Bauform,Stellfuß,1,1,Material,Stahl,1,1,Gewinde,M24,1,1,Traglast,29430 N,1,0,Durchmesser,100 mm,1,0,,,,,,,,,1,vergleich
simple,BF-V-618E68E1,Serious 10305,1,0,visible,"Schwerlastfuß Ø200, 5500 kg statisch (umgerechnet in N). Preis und Lieferzeit auf Anfrage.","<p>Schwerlastfuß Ø200, 5500 kg statisch (umgerechnet in N).</p><table><tbody><tr><th>Hersteller</th><td>Serious</td></tr><tr><th>Serie / Artikel</th><td>10305</td></tr><tr><th>Maß / Ø (mm)</th><td>200</td></tr><tr><th>Material</th><td>Gummiteller</td></tr><tr><th>Gewinde / Anschluss</th><td>20 mm x 170</td></tr><tr><th>Traglast (N)</th><td>53955</td></tr><tr><th>Varianten laut Hersteller</th><td>1</td></tr></tbody></table><p>Technische Angaben nach Herstellerunterlagen, ohne Gewähr. Passende Ausführung, Preis und Lieferzeit nennen wir Ihnen auf Anfrage.</p>",taxable,1,,Schwerlastfüße,,Serious,Anwendung,Maschine / Anlage,1,1,Funktion,"Höhenverstellung, Hohe Traglast",1,1,Bauform,Stellfuß,1,1,Traglast,53955 N,1,0,Durchmesser,200 mm,1,0,,,,,,,,,,,,,,,,,1,vergleich
simple,BF-V-F423AED3,Elesa+Ganter GN 42-80-M24 (U/UK),1,0,visible,Stahl-Stellfuß mit Befestigungslasche in Tropfenform. Preis und Lieferzeit auf Anfrage.,"<p>Stahl-Stellfuß mit Befestigungslasche in Tropfenform.</p><table><tbody><tr><th>Hersteller</th><td>Elesa+Ganter</td></tr><tr><th>Serie / Artikel</th><td>GN 42-80-M24 (U/UK)</td></tr><tr><th>Maß / Ø (mm)</th><td>80</td></tr><tr><th>Material</th><td>Stahl verzinkt; Belag TPE oder NBR optional</td></tr><tr><th>Gewinde / Anschluss</th><td>M24</td></tr><tr><th>Bodenbefestigung</th><td>ja, Befestigungslasche Ø13</td></tr><tr><th>Varianten laut Hersteller</th><td>5</td></tr></tbody></table><p>Technische Angaben nach Herstellerunterlagen, ohne Gewähr. Passende Ausführung, Preis und Lieferzeit nennen wir Ihnen auf Anfrage.</p>",taxable,1,,"Schwerlastfüße, Füße mit Bodenbefestigung",,Elesa+Ganter,Anwendung,Maschine / Anlage,1,1,Funktion,"Höhenverstellung, Hohe Traglast, Bodenbefestigung",1,1,Bauform,Stellfuß,1,1,Material,Stahl,1,1,Gewinde,M24,1,1,Bodenbefestigung,ja,1,1,Durchmesser,80 mm,1,0,,,,,,,,,1,vergleich
simple,BF-V-7CBAC4A5,Halder EH 25120 / 25120.0022,1,0,visible,Nivellierelement mit Durchgangsbohrung für Schraube M10. Preis und Lieferzeit auf Anfrage.,"<p>Nivellierelement mit Durchgangsbohrung für Schraube M10.</p><table><tbody><tr><th>Hersteller</th><td>Halder</td></tr><tr><th>Serie / Artikel</th><td>EH 25120 / 25120.0022</td></tr><tr><th>Maß / Ø (mm)</th><td>45</td></tr><tr><th>Material</th><td>Vergütungsstahl, galvanisch verzinkt, chromatiert</td></tr><tr><th>Gewinde / Anschluss</th><td>Feingewinde M30x1,5; Schraube M10</td></tr><tr><th>Traglast (N)</th><td>120000</td></tr><tr><th>Bodenbefestigung</th><td>ja, Durchgangsbohrung für M10 (Traglast nach Vorspannabzug 92.9 kN)</td></tr><tr><th>Varianten laut Hersteller</th><td>1</td></tr></tbody></table><p>Technische Angaben nach Herstellerunterlagen, ohne Gewähr. Passende Ausführung, Preis und Lieferzeit nennen wir Ihnen auf Anfrage.</p>",taxable,1,,"Schwerlastfüße, Füße mit Bodenbefestigung",,Halder,Anwendung,Maschine / Anlage,1,1,Funktion,"Höhenverstellung, Hohe Traglast, Bodenbefestigung",1,1,Bauform,Stellfuß,1,1,Material,Stahl,1,1,Gewinde,"M10, M30",1,1,Bodenbefestigung,ja,1,1,Traglast,120000 N,1,0,Durchmesser,45 mm,1,0,,,,,1,vergleich
simple,BF-V-082AAF0B,Halder EH 25120 / 25120.0024,1,0,visible,Nivellierelement mit Durchgangsbohrung für Schraube M12. Preis und Lieferzeit auf Anfrage.,"<p>Nivellierelement mit Durchgangsbohrung für Schraube M12.</p><table><tbody><tr><th>Hersteller</th><td>Halder</td></tr><tr><th>Serie / Artikel</th><td>EH 25120 / 25120.0024</td></tr><tr><th>Maß / Ø (mm)</th><td>45</td></tr><tr><th>Material</th><td>Vergütungsstahl, galvanisch verzinkt, chromatiert</td></tr><tr><th>Gewinde / Anschluss</th><td>Feingewinde M30x1,5; Schraube M12</td></tr><tr><th>Traglast (N)</th><td>120000</td></tr><tr><th>Bodenbefestigung</th><td>ja, Durchgangsbohrung für M12 (Traglast nach Vorspannabzug 80.4 kN)</td></tr><tr><th>Varianten laut Hersteller</th><td>1</td></tr></tbody></table><p>Technische Angaben nach Herstellerunterlagen, ohne Gewähr. Passende Ausführung, Preis und Lieferzeit nennen wir Ihnen auf Anfrage.</p>",taxable,1,,"Schwerlastfüße, Füße mit Bodenbefestigung",,Halder,Anwendung,Maschine / Anlage,1,1,Funktion,"Höhenverstellung, Hohe Traglast, Bodenbefestigung",1,1,Bauform,Stellfuß,1,1,Material,Stahl,1,1,Gewinde,"M12, M30",1,1,Bodenbefestigung,ja,1,1,Traglast,120000 N,1,0,Durchmesser,45 mm,1,0,,,,,1,vergleich
simple,BF-V-FA094BEC,Halder EH 25120 / 25120.0026,1,0,visible,Nivellierelement mit Durchgangsbohrung für Schraube M16. Preis und Lieferzeit auf Anfrage.,"<p>Nivellierelement mit Durchgangsbohrung für Schraube M16.</p><table><tbody><tr><th>Hersteller</th><td>Halder</td></tr><tr><th>Serie / Artikel</th><td>EH 25120 / 25120.0026</td></tr><tr><th>Maß / Ø (mm)</th><td>45</td></tr><tr><th>Material</th><td>Vergütungsstahl, galvanisch verzinkt, chromatiert</td></tr><tr><th>Gewinde / Anschluss</th><td>Feingewinde M30x1,5; Schraube M16</td></tr><tr><th>Traglast (N)</th><td>120000</td></tr><tr><th>Bodenbefestigung</th><td>ja, Durchgangsbohrung für M16 (Traglast nach Vorspannabzug 45.5 kN)</td></tr><tr><th>Varianten laut Hersteller</th><td>1</td></tr></tbody></table><p>Technische Angaben nach Herstellerunterlagen, ohne Gewähr. Passende Ausführung, Preis und Lieferzeit nennen wir Ihnen auf Anfrage.</p>",taxable,1,,"Schwerlastfüße, Füße mit Bodenbefestigung",,Halder,Anwendung,Maschine / Anlage,1,1,Funktion,"Höhenverstellung, Hohe Traglast, Bodenbefestigung",1,1,Bauform,Stellfuß,1,1,Material,Stahl,1,1,Gewinde,"M16, M30",1,1,Bodenbefestigung,ja,1,1,Traglast,120000 N,1,0,Durchmesser,45 mm,1,0,,,,,1,vergleich
simple,BF-V-5D0E79A3,Halder EH 25120 / 25120.0032,1,0,visible,Nivellierelement mit Durchgangsbohrung für Schraube M16. Preis und Lieferzeit auf Anfrage.,"<p>Nivellierelement mit Durchgangsbohrung für Schraube M16.</p><table><tbody><tr><th>Hersteller</th><td>Halder</td></tr><tr><th>Serie / Artikel</th><td>EH 25120 / 25120.0032</td></tr><tr><th>Maß / Ø (mm)</th><td>58</td></tr><tr><th>Material</th><td>Vergütungsstahl, galvanisch verzinkt, chromatiert</td></tr><tr><th>Gewinde / Anschluss</th><td>Feingewinde M40x1,5; Schraube M16</td></tr><tr><th>Traglast (N)</th><td>210000</td></tr><tr><th>Bodenbefestigung</th><td>ja, Durchgangsbohrung für M16 (Traglast nach Vorspannabzug 136.0 kN)</td></tr><tr><th>Varianten laut Hersteller</th><td>1</td></tr></tbody></table><p>Technische Angaben nach Herstellerunterlagen, ohne Gewähr. Passende Ausführung, Preis und Lieferzeit nennen wir Ihnen auf Anfrage.</p>",taxable,1,,"Schwerlastfüße, Füße mit Bodenbefestigung",,Halder,Anwendung,Maschine / Anlage,1,1,Funktion,"Höhenverstellung, Hohe Traglast, Bodenbefestigung",1,1,Bauform,Stellfuß,1,1,Material,Stahl,1,1,Gewinde,"M16, M40",1,1,Bodenbefestigung,ja,1,1,Traglast,210000 N,1,0,Durchmesser,58 mm,1,0,,,,,1,vergleich
simple,BF-V-0F768522,Halder EH 25120 / 25120.0034,1,0,visible,Nivellierelement mit Durchgangsbohrung für Schraube M20. Preis und Lieferzeit auf Anfrage.,"<p>Nivellierelement mit Durchgangsbohrung für Schraube M20.</p><table><tbody><tr><th>Hersteller</th><td>Halder</td></tr><tr><th>Serie / Artikel</th><td>EH 25120 / 25120.0034</td></tr><tr><th>Maß / Ø (mm)</th><td>58</td></tr><tr><th>Material</th><td>Vergütungsstahl, galvanisch verzinkt, chromatiert</td></tr><tr><th>Gewinde / Anschluss</th><td>Feingewinde M40x1,5; Schraube M20</td></tr><tr><th>Traglast (N)</th><td>210000</td></tr><tr><th>Bodenbefestigung</th><td>ja, Durchgangsbohrung für M20 (Traglast nach Vorspannabzug 90.0 kN)</td></tr><tr><th>Varianten laut Hersteller</th><td>1</td></tr></tbody></table><p>Technische Angaben nach Herstellerunterlagen, ohne Gewähr. Passende Ausführung, Preis und Lieferzeit nennen wir Ihnen auf Anfrage.</p>",taxable,1,,"Schwerlastfüße, Füße mit Bodenbefestigung",,Halder,Anwendung,Maschine / Anlage,1,1,Funktion,"Höhenverstellung, Hohe Traglast, Bodenbefestigung",1,1,Bauform,Stellfuß,1,1,Material,Stahl,1,1,Gewinde,"M20, M40",1,1,Bodenbefestigung,ja,1,1,Traglast,210000 N,1,0,Durchmesser,58 mm,1,0,,,,,1,vergleich
simple,BF-V-C7EE29C9,Halder EH 25120 / 25120.0036,1,0,visible,Nivellierelement mit Durchgangsbohrung für Schraube M24. Preis und Lieferzeit auf Anfrage.,"<p>Nivellierelement mit Durchgangsbohrung für Schraube M24.</p><table><tbody><tr><th>Hersteller</th><td>Halder</td></tr><tr><th>Serie / Artikel</th><td>EH 25120 / 25120.0036</td></tr><tr><th>Maß / Ø (mm)</th><td>58</td></tr><tr><th>Material</th><td>Vergütungsstahl, galvanisch verzinkt, chromatiert</td></tr><tr><th>Gewinde / Anschluss</th><td>Feingewinde M40x1,5; Schraube M24</td></tr><tr><th>Traglast (N)</th><td>210000</td></tr><tr><th>Bodenbefestigung</th><td>ja, Durchgangsbohrung für M24 (Traglast nach Vorspannabzug 37.0 kN)</td></tr><tr><th>Varianten laut Hersteller</th><td>1</td></tr></tbody></table><p>Technische Angaben nach Herstellerunterlagen, ohne Gewähr. Passende Ausführung, Preis und Lieferzeit nennen wir Ihnen auf Anfrage.</p>",taxable,1,,"Schwerlastfüße, Füße mit Bodenbefestigung",,Halder,Anwendung,Maschine / Anlage,1,1,Funktion,"Höhenverstellung, Hohe Traglast, Bodenbefestigung",1,1,Bauform,Stellfuß,1,1,Material,Stahl,1,1,Gewinde,"M24, M40",1,1,Bodenbefestigung,ja,1,1,Traglast,210000 N,1,0,Durchmesser,58 mm,1,0,,,,,1,vergleich
simple,BF-V-E43B565D,Halder EH 25120 / 25120.0042,1,0,visible,Nivellierelement mit Durchgangsbohrung für Schraube M20. Preis und Lieferzeit auf Anfrage.,"<p>Nivellierelement mit Durchgangsbohrung für Schraube M20.</p><table><tbody><tr><th>Hersteller</th><td>Halder</td></tr><tr><th>Serie / Artikel</th><td>EH 25120 / 25120.0042</td></tr><tr><th>Maß / Ø (mm)</th><td>70</td></tr><tr><th>Material</th><td>Vergütungsstahl, galvanisch verzinkt, chromatiert</td></tr><tr><th>Gewinde / Anschluss</th><td>Feingewinde M50x1,5; Schraube M20</td></tr><tr><th>Traglast (N)</th><td>330000</td></tr><tr><th>Bodenbefestigung</th><td>ja, Durchgangsbohrung für M20 (Traglast nach Vorspannabzug 210.0 kN)</td></tr><tr><th>Varianten laut Hersteller</th><td>1</td></tr></tbody></table><p>Technische Angaben nach Herstellerunterlagen, ohne Gewähr. Passende Ausführung, Preis und Lieferzeit nennen wir Ihnen auf Anfrage.</p>",taxable,1,,"Schwerlastfüße, Füße mit Bodenbefestigung",,Halder,Anwendung,Maschine / Anlage,1,1,Funktion,"Höhenverstellung, Hohe Traglast, Bodenbefestigung",1,1,Bauform,Stellfuß,1,1,Material,Stahl,1,1,Gewinde,"M20, M50",1,1,Bodenbefestigung,ja,1,1,Traglast,330000 N,1,0,Durchmesser,70 mm,1,0,,,,,1,vergleich
simple,BF-V-0A759BBF,Halder EH 25120 / 25120.0044,1,0,visible,Nivellierelement mit Durchgangsbohrung für Schraube M24. Preis und Lieferzeit auf Anfrage.,"<p>Nivellierelement mit Durchgangsbohrung für Schraube M24.</p><table><tbody><tr><th>Hersteller</th><td>Halder</td></tr><tr><th>Serie / Artikel</th><td>EH 25120 / 25120.0044</td></tr><tr><th>Maß / Ø (mm)</th><td>70</td></tr><tr><th>Material</th><td>Vergütungsstahl, galvanisch verzinkt, chromatiert</td></tr><tr><th>Gewinde / Anschluss</th><td>Feingewinde M50x1,5; Schraube M24</td></tr><tr><th>Traglast (N)</th><td>330000</td></tr><tr><th>Bodenbefestigung</th><td>ja, Durchgangsbohrung für M24 (Traglast nach Vorspannabzug 157.0 kN)</td></tr><tr><th>Varianten laut Hersteller</th><td>1</td></tr></tbody></table><p>Technische Angaben nach Herstellerunterlagen, ohne Gewähr. Passende Ausführung, Preis und Lieferzeit nennen wir Ihnen auf Anfrage.</p>",taxable,1,,"Schwerlastfüße, Füße mit Bodenbefestigung",,Halder,Anwendung,Maschine / Anlage,1,1,Funktion,"Höhenverstellung, Hohe Traglast, Bodenbefestigung",1,1,Bauform,Stellfuß,1,1,Material,Stahl,1,1,Gewinde,"M24, M50",1,1,Bodenbefestigung,ja,1,1,Traglast,330000 N,1,0,Durchmesser,70 mm,1,0,,,,,1,vergleich
simple,BF-V-A854E5E7,Halder EH 25120 / 25120.0046,1,0,visible,Nivellierelement mit Durchgangsbohrung für Schraube M30. Preis und Lieferzeit auf Anfrage.,"<p>Nivellierelement mit Durchgangsbohrung für Schraube M30.</p><table><tbody><tr><th>Hersteller</th><td>Halder</td></tr><tr><th>Serie / Artikel</th><td>EH 25120 / 25120.0046</td></tr><tr><th>Maß / Ø (mm)</th><td>70</td></tr><tr><th>Material</th><td>Vergütungsstahl, galvanisch verzinkt, chromatiert</td></tr><tr><th>Gewinde / Anschluss</th><td>Feingewinde M50x1,5; Schraube M30</td></tr><tr><th>Traglast (N)</th><td>330000</td></tr><tr><th>Bodenbefestigung</th><td>ja, Durchgangsbohrung für M30 (Traglast nach Vorspannabzug 53.0 kN)</td></tr><tr><th>Varianten laut Hersteller</th><td>1</td></tr></tbody></table><p>Technische Angaben nach Herstellerunterlagen, ohne Gewähr. Passende Ausführung, Preis und Lieferzeit nennen wir Ihnen auf Anfrage.</p>",taxable,1,,"Schwerlastfüße, Füße mit Bodenbefestigung",,Halder,Anwendung,Maschine / Anlage,1,1,Funktion,"Höhenverstellung, Hohe Traglast, Bodenbefestigung",1,1,Bauform,Stellfuß,1,1,Material,Stahl,1,1,Gewinde,"M30, M50",1,1,Bodenbefestigung,ja,1,1,Traglast,330000 N,1,0,Durchmesser,70 mm,1,0,,,,,1,vergleich
simple,BF-V-36964982,Halder EH 25120 pendelnd / 25120.0226,1,0,visible,"Pendelndes Nivellierelement, gleicht Schiefstellungen aus. Preis und Lieferzeit auf Anfrage.","<p>Pendelndes Nivellierelement, gleicht Schiefstellungen aus.</p><table><tbody><tr><th>Hersteller</th><td>Halder</td></tr><tr><th>Serie / Artikel</th><td>EH 25120 pendelnd / 25120.0226</td></tr><tr><th>Maß / Ø (mm)</th><td>45</td></tr><tr><th>Material</th><td>Vergütungsstahl, galvanisch verzinkt, chromatiert</td></tr><tr><th>Gewinde / Anschluss</th><td>Feingewinde M30x1,5; Schraube M16</td></tr><tr><th>Traglast (N)</th><td>120000</td></tr><tr><th>Bodenbefestigung</th><td>ja, Durchgangsbohrung M16 (Traglast nach Vorspannabzug 45,5 kN)</td></tr><tr><th>Varianten laut Hersteller</th><td>1</td></tr></tbody></table><p>Technische Angaben nach Herstellerunterlagen, ohne Gewähr. Passende Ausführung, Preis und Lieferzeit nennen wir Ihnen auf Anfrage.</p>",taxable,1,,"Schwerlastfüße, Füße mit Bodenbefestigung",,Halder,Anwendung,Maschine / Anlage,1,1,Funktion,"Höhenverstellung, Hohe Traglast, Bodenbefestigung",1,1,Bauform,Stellfuß,1,1,Material,Stahl,1,1,Gewinde,"M16, M30",1,1,Bodenbefestigung,ja,1,1,Traglast,120000 N,1,0,Durchmesser,45 mm,1,0,,,,,1,vergleich
simple,BF-V-D946412C,Martin Levelling MASSIV 45812378/30,1,0,visible,Massiver Stahlfuß gelb lackiert mit zwei Bohrungen. Preis und Lieferzeit auf Anfrage.,"<p>Massiver Stahlfuß gelb lackiert mit zwei Bohrungen.</p><table><tbody><tr><th>Hersteller</th><td>Martin Levelling</td></tr><tr><th>Serie / Artikel</th><td>MASSIV 45812378/30</td></tr><tr><th>Maß / Ø (mm)</th><td>120</td></tr><tr><th>Material</th><td>Stahl verzinkt, gelb lackiert</td></tr><tr><th>Gewinde / Anschluss</th><td>M30 x 200</td></tr><tr><th>Traglast (N)</th><td>60000</td></tr><tr><th>Bodenbefestigung</th><td>ja, zwei Bohrungen Ø12,5 mm</td></tr><tr><th>Varianten laut Hersteller</th><td>1</td></tr></tbody></table><p>Technische Angaben nach Herstellerunterlagen, ohne Gewähr. Passende Ausführung, Preis und Lieferzeit nennen wir Ihnen auf Anfrage.</p>",taxable,1,,"Schwerlastfüße, Füße mit Bodenbefestigung",,Martin Levelling,Anwendung,Maschine / Anlage,1,1,Funktion,"Höhenverstellung, Hohe Traglast, Bodenbefestigung",1,1,Bauform,Stellfuß,1,1,Material,Stahl,1,1,Gewinde,M30,1,1,Bodenbefestigung,ja,1,1,Traglast,60000 N,1,0,Durchmesser,120 mm,1,0,,,,,1,vergleich
simple,BF-V-E23D8B71,Martin Levelling MASSIV 45812406/G,1,0,visible,Massiver Stahlfuß Ø120 mit Bohrungen und NBR-Belag. Preis und Lieferzeit auf Anfrage.,"<p>Massiver Stahlfuß Ø120 mit Bohrungen und NBR-Belag.</p><table><tbody><tr><th>Hersteller</th><td>Martin Levelling</td></tr><tr><th>Serie / Artikel</th><td>MASSIV 45812406/G</td></tr><tr><th>Maß / Ø (mm)</th><td>120</td></tr><tr><th>Material</th><td>Stahl; NBR</td></tr><tr><th>Gewinde / Anschluss</th><td>M24 x 200</td></tr><tr><th>Bodenbefestigung</th><td>ja, Bohrungen</td></tr><tr><th>Varianten laut Hersteller</th><td>1</td></tr></tbody></table><p>Technische Angaben nach Herstellerunterlagen, ohne Gewähr. Passende Ausführung, Preis und Lieferzeit nennen wir Ihnen auf Anfrage.</p>",taxable,1,,"Schwerlastfüße, Füße mit Bodenbefestigung",,Martin Levelling,Anwendung,Maschine / Anlage,1,1,Funktion,"Höhenverstellung, Hohe Traglast, Bodenbefestigung",1,1,Bauform,Stellfuß,1,1,Material,Stahl,1,1,Gewinde,M24,1,1,Bodenbefestigung,ja,1,1,Durchmesser,120 mm,1,0,,,,,,,,,1,vergleich
simple,BF-V-0862A772,Martin Levelling MASSIV 45815516/G,1,0,visible,Massiver Stahlfuß mit Bohrungen und NBR-Belag. Preis und Lieferzeit auf Anfrage.,"<p>Massiver Stahlfuß mit Bohrungen und NBR-Belag.</p><table><tbody><tr><th>Hersteller</th><td>Martin Levelling</td></tr><tr><th>Serie / Artikel</th><td>MASSIV 45815516/G</td></tr><tr><th>Maß / Ø (mm)</th><td>100</td></tr><tr><th>Material</th><td>Stahl; NBR</td></tr><tr><th>Gewinde / Anschluss</th><td>M24 x 150</td></tr><tr><th>Bodenbefestigung</th><td>ja, Bohrungen</td></tr><tr><th>Varianten laut Hersteller</th><td>1</td></tr></tbody></table><p>Technische Angaben nach Herstellerunterlagen, ohne Gewähr. Passende Ausführung, Preis und Lieferzeit nennen wir Ihnen auf Anfrage.</p>",taxable,1,,"Schwerlastfüße, Füße mit Bodenbefestigung",,Martin Levelling,Anwendung,Maschine / Anlage,1,1,Funktion,"Höhenverstellung, Hohe Traglast, Bodenbefestigung",1,1,Bauform,Stellfuß,1,1,Material,Stahl,1,1,Gewinde,M24,1,1,Bodenbefestigung,ja,1,1,Durchmesser,100 mm,1,0,,,,,,,,,1,vergleich
simple,BF-V-F14120C0,Martin Levelling MASSIV 45815520/G,1,0,visible,Massiver Stahlfuß mit Bohrungen und NBR-Belag. Preis und Lieferzeit auf Anfrage.,"<p>Massiver Stahlfuß mit Bohrungen und NBR-Belag.</p><table><tbody><tr><th>Hersteller</th><td>Martin Levelling</td></tr><tr><th>Serie / Artikel</th><td>MASSIV 45815520/G</td></tr><tr><th>Maß / Ø (mm)</th><td>100</td></tr><tr><th>Material</th><td>Stahl; NBR</td></tr><tr><th>Gewinde / Anschluss</th><td>M30 x 225</td></tr><tr><th>Bodenbefestigung</th><td>ja, Bohrungen</td></tr><tr><th>Varianten laut Hersteller</th><td>1</td></tr></tbody></table><p>Technische Angaben nach Herstellerunterlagen, ohne Gewähr. Passende Ausführung, Preis und Lieferzeit nennen wir Ihnen auf Anfrage.</p>",taxable,1,,"Schwerlastfüße, Füße mit Bodenbefestigung",,Martin Levelling,Anwendung,Maschine / Anlage,1,1,Funktion,"Höhenverstellung, Hohe Traglast, Bodenbefestigung",1,1,Bauform,Stellfuß,1,1,Material,Stahl,1,1,Gewinde,M30,1,1,Bodenbefestigung,ja,1,1,Durchmesser,100 mm,1,0,,,,,,,,,1,vergleich
simple,BF-V-CBCE9DF1,Big Foot Systems Fix-it Foot BFF-1211-000 (600x180x95 mm),1,0,visible,Gummisockel mit Aluprofil für Klima-Außengeräte auf Dach oder Boden. Preis und Lieferzeit auf Anfrage.,"<p>Gummisockel mit Aluprofil für Klima-Außengeräte auf Dach oder Boden.</p><table><tbody><tr><th>Hersteller</th><td>Big Foot Systems</td></tr><tr><th>Serie / Artikel</th><td>Fix-it Foot BFF-1211-000 (600x180x95 mm)</td></tr><tr><th>Material</th><td>Recycling-Gummi UV-beständig, Aluprofil 41x20</td></tr><tr><th>Gewinde / Anschluss</th><td>Aluprofil für M10-Befestigung</td></tr><tr><th>Traglast (N)</th><td>2240</td></tr><tr><th>Varianten laut Hersteller</th><td>1</td></tr></tbody></table><p>Technische Angaben nach Herstellerunterlagen, ohne Gewähr. Passende Ausführung, Preis und Lieferzeit nennen wir Ihnen auf Anfrage.</p>",taxable,1,,Schwingungsdämpfer,,Big Foot Systems,Anwendung,"Maschine / Anlage, Klima- / Lüftungsgerät",1,1,Funktion,Schwingungsdämpfung,1,1,Bauform,Schwingungsdämpfer,1,1,Material,"Aluminium, Gummi / Elastomer",1,1,Gewinde,M10,1,1,Traglast,2240 N,1,0,,,,,,,,,,,,,1,vergleich
simple,BF-V-A3F03584,Big Foot Systems Fix-it Foot BFF-1221-000 (1000x180x95 mm),1,0,visible,Gummisockel mit Aluprofil für Klima-Außengeräte auf Dach oder Boden. Preis und Lieferzeit auf Anfrage.,"<p>Gummisockel mit Aluprofil für Klima-Außengeräte auf Dach oder Boden.</p><table><tbody><tr><th>Hersteller</th><td>Big Foot Systems</td></tr><tr><th>Serie / Artikel</th><td>Fix-it Foot BFF-1221-000 (1000x180x95 mm)</td></tr><tr><th>Material</th><td>Recycling-Gummi UV-beständig, Aluprofil 41x20</td></tr><tr><th>Gewinde / Anschluss</th><td>Aluprofil für M10-Befestigung</td></tr><tr><th>Traglast (N)</th><td>2950</td></tr><tr><th>Varianten laut Hersteller</th><td>1</td></tr></tbody></table><p>Technische Angaben nach Herstellerunterlagen, ohne Gewähr. Passende Ausführung, Preis und Lieferzeit nennen wir Ihnen auf Anfrage.</p>",taxable,1,,Schwingungsdämpfer,,Big Foot Systems,Anwendung,"Maschine / Anlage, Klima- / Lüftungsgerät",1,1,Funktion,Schwingungsdämpfung,1,1,Bauform,Schwingungsdämpfer,1,1,Material,"Aluminium, Gummi / Elastomer",1,1,Gewinde,M10,1,1,Traglast,2950 N,1,0,,,,,,,,,,,,,1,vergleich
simple,BF-V-38A95A7B,Big Foot Systems Fix-it Foot BFF-1251-000 (250x180x95 mm),1,0,visible,Gummisockel mit Aluprofil für Klima-Außengeräte auf Dach oder Boden. Preis und Lieferzeit auf Anfrage.,"<p>Gummisockel mit Aluprofil für Klima-Außengeräte auf Dach oder Boden.</p><table><tbody><tr><th>Hersteller</th><td>Big Foot Systems</td></tr><tr><th>Serie / Artikel</th><td>Fix-it Foot BFF-1251-000 (250x180x95 mm)</td></tr><tr><th>Material</th><td>Recycling-Gummi UV-beständig, Aluprofil 41x20</td></tr><tr><th>Gewinde / Anschluss</th><td>Aluprofil für M10-Befestigung</td></tr><tr><th>Traglast (N)</th><td>820</td></tr><tr><th>Varianten laut Hersteller</th><td>1</td></tr></tbody></table><p>Technische Angaben nach Herstellerunterlagen, ohne Gewähr. Passende Ausführung, Preis und Lieferzeit nennen wir Ihnen auf Anfrage.</p>",taxable,1,,Schwingungsdämpfer,,Big Foot Systems,Anwendung,"Maschine / Anlage, Klima- / Lüftungsgerät",1,1,Funktion,Schwingungsdämpfung,1,1,Bauform,Schwingungsdämpfer,1,1,Material,"Aluminium, Gummi / Elastomer",1,1,Gewinde,M10,1,1,Traglast,820 N,1,0,,,,,,,,,,,,,1,vergleich
simple,BF-V-9A500EF6,Big Foot Systems Fix-it Foot BFF-1261-000 (400x180x95 mm),1,0,visible,Gummisockel mit Aluprofil für Klima-Außengeräte auf Dach oder Boden. Preis und Lieferzeit auf Anfrage.,"<p>Gummisockel mit Aluprofil für Klima-Außengeräte auf Dach oder Boden.</p><table><tbody><tr><th>Hersteller</th><td>Big Foot Systems</td></tr><tr><th>Serie / Artikel</th><td>Fix-it Foot BFF-1261-000 (400x180x95 mm)</td></tr><tr><th>Material</th><td>Recycling-Gummi UV-beständig, Aluprofil 41x20</td></tr><tr><th>Gewinde / Anschluss</th><td>Aluprofil für M10-Befestigung</td></tr><tr><th>Traglast (N)</th><td>1280</td></tr><tr><th>Varianten laut Hersteller</th><td>1</td></tr></tbody></table><p>Technische Angaben nach Herstellerunterlagen, ohne Gewähr. Passende Ausführung, Preis und Lieferzeit nennen wir Ihnen auf Anfrage.</p>",taxable,1,,Schwingungsdämpfer,,Big Foot Systems,Anwendung,"Maschine / Anlage, Klima- / Lüftungsgerät",1,1,Funktion,Schwingungsdämpfung,1,1,Bauform,Schwingungsdämpfer,1,1,Material,"Aluminium, Gummi / Elastomer",1,1,Gewinde,M10,1,1,Traglast,1280 N,1,0,,,,,,,,,,,,,1,vergleich
simple,BF-V-B620B045,Big Foot Systems Fix-it Foot Low BFF-1371-000 (500x130x50 mm),1,0,visible,"Flacher Gummisockel für Außengeräte, Rohre und Solartechnik. Preis und Lieferzeit auf Anfrage.","<p>Flacher Gummisockel für Außengeräte, Rohre und Solartechnik.</p><table><tbody><tr><th>Hersteller</th><td>Big Foot Systems</td></tr><tr><th>Serie / Artikel</th><td>Fix-it Foot Low BFF-1371-000 (500x130x50 mm)</td></tr><tr><th>Material</th><td>Gummi UV-beständig, Aluprofil</td></tr><tr><th>Gewinde / Anschluss</th><td>Aluprofil</td></tr><tr><th>Traglast (N)</th><td>1340</td></tr><tr><th>Varianten laut Hersteller</th><td>1</td></tr></tbody></table><p>Technische Angaben nach Herstellerunterlagen, ohne Gewähr. Passende Ausführung, Preis und Lieferzeit nennen wir Ihnen auf Anfrage.</p>",taxable,1,,Schwingungsdämpfer,,Big Foot Systems,Anwendung,"Maschine / Anlage, Klima- / Lüftungsgerät",1,1,Funktion,Schwingungsdämpfung,1,1,Bauform,Schwingungsdämpfer,1,1,Material,"Aluminium, Gummi / Elastomer",1,1,Traglast,1340 N,1,0,,,,,,,,,,,,,,,,,1,vergleich
simple,BF-V-C7ADDF09,Elesa+Ganter AVR-Q-140-100-200-50,1,0,visible,"Quadratische Schwingungsdämpfer-Unterlage, Stahlplatten mit NBR-Gummikörper. Preis und Lieferzeit auf Anfrage.","<p>Quadratische Schwingungsdämpfer-Unterlage, Stahlplatten mit NBR-Gummikörper.</p><table><tbody><tr><th>Hersteller</th><td>Elesa+Ganter</td></tr><tr><th>Serie / Artikel</th><td>AVR-Q-140-100-200-50</td></tr><tr><th>Material</th><td>Stahl verzinkt lackiert, NBR, SBR-Belag</td></tr><tr><th>Traglast (N)</th><td>23000</td></tr><tr><th>Dämpfung / Härte</th><td>50 Shore A</td></tr><tr><th>Varianten laut Hersteller</th><td>1</td></tr></tbody></table><p>Technische Angaben nach Herstellerunterlagen, ohne Gewähr. Passende Ausführung, Preis und Lieferzeit nennen wir Ihnen auf Anfrage.</p>",taxable,1,,Schwingungsdämpfer,,Elesa+Ganter,Anwendung,"Maschine / Anlage, Klima- / Lüftungsgerät",1,1,Funktion,"Schwingungsdämpfung, Hohe Traglast",1,1,Bauform,Schwingungsdämpfer,1,1,Material,"Stahl, Gummi / Elastomer",1,1,Traglast,23000 N,1,0,,,,,,,,,,,,,,,,,1,vergleich
simple,BF-V-9E1256EB,Elesa+Ganter AVR-Q-140-150-200-50,1,0,visible,"Quadratische Schwingungsdämpfer-Unterlage, Stahlplatten mit NBR-Gummikörper. Preis und Lieferzeit auf Anfrage.","<p>Quadratische Schwingungsdämpfer-Unterlage, Stahlplatten mit NBR-Gummikörper.</p><table><tbody><tr><th>Hersteller</th><td>Elesa+Ganter</td></tr><tr><th>Serie / Artikel</th><td>AVR-Q-140-150-200-50</td></tr><tr><th>Material</th><td>Stahl verzinkt lackiert, NBR, SBR-Belag</td></tr><tr><th>Traglast (N)</th><td>21000</td></tr><tr><th>Dämpfung / Härte</th><td>50 Shore A</td></tr><tr><th>Varianten laut Hersteller</th><td>1</td></tr></tbody></table><p>Technische Angaben nach Herstellerunterlagen, ohne Gewähr. Passende Ausführung, Preis und Lieferzeit nennen wir Ihnen auf Anfrage.</p>",taxable,1,,Schwingungsdämpfer,,Elesa+Ganter,Anwendung,"Maschine / Anlage, Klima- / Lüftungsgerät",1,1,Funktion,"Schwingungsdämpfung, Hohe Traglast",1,1,Bauform,Schwingungsdämpfer,1,1,Material,"Stahl, Gummi / Elastomer",1,1,Traglast,21000 N,1,0,,,,,,,,,,,,,,,,,1,vergleich
simple,BF-V-202B220A,Elesa+Ganter AVR-Q-140-50-200-50,1,0,visible,"Quadratische Schwingungsdämpfer-Unterlage, Stahlplatten mit NBR-Gummikörper. Preis und Lieferzeit auf Anfrage.","<p>Quadratische Schwingungsdämpfer-Unterlage, Stahlplatten mit NBR-Gummikörper.</p><table><tbody><tr><th>Hersteller</th><td>Elesa+Ganter</td></tr><tr><th>Serie / Artikel</th><td>AVR-Q-140-50-200-50</td></tr><tr><th>Material</th><td>Stahl verzinkt lackiert, NBR, SBR-Belag</td></tr><tr><th>Traglast (N)</th><td>28000</td></tr><tr><th>Dämpfung / Härte</th><td>50 Shore A</td></tr><tr><th>Varianten laut Hersteller</th><td>1</td></tr></tbody></table><p>Technische Angaben nach Herstellerunterlagen, ohne Gewähr. Passende Ausführung, Preis und Lieferzeit nennen wir Ihnen auf Anfrage.</p>",taxable,1,,Schwingungsdämpfer,,Elesa+Ganter,Anwendung,"Maschine / Anlage, Klima- / Lüftungsgerät",1,1,Funktion,"Schwingungsdämpfung, Hohe Traglast",1,1,Bauform,Schwingungsdämpfer,1,1,Material,"Stahl, Gummi / Elastomer",1,1,Traglast,28000 N,1,0,,,,,,,,,,,,,,,,,1,vergleich
simple,BF-V-1D2BD379,Elesa+Ganter AVR-R-130-30-200-30,1,0,visible,Rechteckiger Gummi-Metall-Dämpfer für schwere Maschinenaufstellung. Preis und Lieferzeit auf Anfrage.,"<p>Rechteckiger Gummi-Metall-Dämpfer für schwere Maschinenaufstellung.</p><table><tbody><tr><th>Hersteller</th><td>Elesa+Ganter</td></tr><tr><th>Serie / Artikel</th><td>AVR-R-130-30-200-30</td></tr><tr><th>Material</th><td>Stahl verzinkt lackiert, NBR</td></tr><tr><th>Gewinde / Anschluss</th><td>M16</td></tr><tr><th>Traglast (N)</th><td>12500</td></tr><tr><th>Dämpfung / Härte</th><td>30 Shore A</td></tr><tr><th>Varianten laut Hersteller</th><td>1</td></tr></tbody></table><p>Technische Angaben nach Herstellerunterlagen, ohne Gewähr. Passende Ausführung, Preis und Lieferzeit nennen wir Ihnen auf Anfrage.</p>",taxable,1,,Schwingungsdämpfer,,Elesa+Ganter,Anwendung,"Maschine / Anlage, Klima- / Lüftungsgerät",1,1,Funktion,Schwingungsdämpfung,1,1,Bauform,Schwingungsdämpfer,1,1,Material,"Stahl, Gummi / Elastomer",1,1,Gewinde,M16,1,1,Traglast,12500 N,1,0,,,,,,,,,,,,,1,vergleich
simple,BF-V-92C29081,Elesa+Ganter AVR-R-220-30-290-30,1,0,visible,Rechteckiger Gummi-Metall-Dämpfer für schwere Maschinenaufstellung. Preis und Lieferzeit auf Anfrage.,"<p>Rechteckiger Gummi-Metall-Dämpfer für schwere Maschinenaufstellung.</p><table><tbody><tr><th>Hersteller</th><td>Elesa+Ganter</td></tr><tr><th>Serie / Artikel</th><td>AVR-R-220-30-290-30</td></tr><tr><th>Material</th><td>Stahl verzinkt lackiert, NBR</td></tr><tr><th>Gewinde / Anschluss</th><td>M16</td></tr><tr><th>Traglast (N)</th><td>21000</td></tr><tr><th>Dämpfung / Härte</th><td>30 Shore A</td></tr><tr><th>Varianten laut Hersteller</th><td>1</td></tr></tbody></table><p>Technische Angaben nach Herstellerunterlagen, ohne Gewähr. Passende Ausführung, Preis und Lieferzeit nennen wir Ihnen auf Anfrage.</p>",taxable,1,,Schwingungsdämpfer,,Elesa+Ganter,Anwendung,"Maschine / Anlage, Klima- / Lüftungsgerät",1,1,Funktion,"Schwingungsdämpfung, Hohe Traglast",1,1,Bauform,Schwingungsdämpfer,1,1,Material,"Stahl, Gummi / Elastomer",1,1,Gewinde,M16,1,1,Traglast,21000 N,1,0,,,,,,,,,,,,,1,vergleich
simple,BF-V-B393E577,Elesa+Ganter AVR-R-220-30-290-50,1,0,visible,Rechteckiger Gummi-Metall-Dämpfer für schwere Maschinenaufstellung. Preis und Lieferzeit auf Anfrage.,"<p>Rechteckiger Gummi-Metall-Dämpfer für schwere Maschinenaufstellung.</p><table><tbody><tr><th>Hersteller</th><td>Elesa+Ganter</td></tr><tr><th>Serie / Artikel</th><td>AVR-R-220-30-290-50</td></tr><tr><th>Material</th><td>Stahl verzinkt lackiert, NBR</td></tr><tr><th>Gewinde / Anschluss</th><td>M16</td></tr><tr><th>Traglast (N)</th><td>30000</td></tr><tr><th>Dämpfung / Härte</th><td>50 Shore A</td></tr><tr><th>Varianten laut Hersteller</th><td>1</td></tr></tbody></table><p>Technische Angaben nach Herstellerunterlagen, ohne Gewähr. Passende Ausführung, Preis und Lieferzeit nennen wir Ihnen auf Anfrage.</p>",taxable,1,,Schwingungsdämpfer,,Elesa+Ganter,Anwendung,"Maschine / Anlage, Klima- / Lüftungsgerät",1,1,Funktion,"Schwingungsdämpfung, Hohe Traglast",1,1,Bauform,Schwingungsdämpfer,1,1,Material,"Stahl, Gummi / Elastomer",1,1,Gewinde,M16,1,1,Traglast,30000 N,1,0,,,,,,,,,,,,,1,vergleich
simple,BF-V-00D4733A,Elesa+Ganter AVR-R-220-30-290-55,1,0,visible,Rechteckiger Gummi-Metall-Dämpfer für schwere Maschinenaufstellung. Preis und Lieferzeit auf Anfrage.,"<p>Rechteckiger Gummi-Metall-Dämpfer für schwere Maschinenaufstellung.</p><table><tbody><tr><th>Hersteller</th><td>Elesa+Ganter</td></tr><tr><th>Serie / Artikel</th><td>AVR-R-220-30-290-55</td></tr><tr><th>Material</th><td>Stahl verzinkt lackiert, NBR</td></tr><tr><th>Gewinde / Anschluss</th><td>M16</td></tr><tr><th>Traglast (N)</th><td>40000</td></tr><tr><th>Dämpfung / Härte</th><td>55 Shore A</td></tr><tr><th>Varianten laut Hersteller</th><td>1</td></tr></tbody></table><p>Technische Angaben nach Herstellerunterlagen, ohne Gewähr. Passende Ausführung, Preis und Lieferzeit nennen wir Ihnen auf Anfrage.</p>",taxable,1,,Schwingungsdämpfer,,Elesa+Ganter,Anwendung,"Maschine / Anlage, Klima- / Lüftungsgerät",1,1,Funktion,"Schwingungsdämpfung, Hohe Traglast",1,1,Bauform,Schwingungsdämpfer,1,1,Material,"Stahl, Gummi / Elastomer",1,1,Gewinde,M16,1,1,Traglast,40000 N,1,0,,,,,,,,,,,,,1,vergleich
simple,BF-V-790A8FAB,Elesa+Ganter AVR-R-220-30-290-60,1,0,visible,Rechteckiger Gummi-Metall-Dämpfer für schwere Maschinenaufstellung. Preis und Lieferzeit auf Anfrage.,"<p>Rechteckiger Gummi-Metall-Dämpfer für schwere Maschinenaufstellung.</p><table><tbody><tr><th>Hersteller</th><td>Elesa+Ganter</td></tr><tr><th>Serie / Artikel</th><td>AVR-R-220-30-290-60</td></tr><tr><th>Material</th><td>Stahl verzinkt lackiert, NBR</td></tr><tr><th>Gewinde / Anschluss</th><td>M16</td></tr><tr><th>Traglast (N)</th><td>49000</td></tr><tr><th>Dämpfung / Härte</th><td>60 Shore A</td></tr><tr><th>Varianten laut Hersteller</th><td>1</td></tr></tbody></table><p>Technische Angaben nach Herstellerunterlagen, ohne Gewähr. Passende Ausführung, Preis und Lieferzeit nennen wir Ihnen auf Anfrage.</p>",taxable,1,,Schwingungsdämpfer,,Elesa+Ganter,Anwendung,"Maschine / Anlage, Klima- / Lüftungsgerät",1,1,Funktion,"Schwingungsdämpfung, Hohe Traglast",1,1,Bauform,Schwingungsdämpfer,1,1,Material,"Stahl, Gummi / Elastomer",1,1,Gewinde,M16,1,1,Traglast,49000 N,1,0,,,,,,,,,,,,,1,vergleich
simple,BF-V-EDB08EF6,Elesa+Ganter AVR-R-220-30-290-80,1,0,visible,Rechteckiger Gummi-Metall-Dämpfer für schwere Maschinenaufstellung. Preis und Lieferzeit auf Anfrage.,"<p>Rechteckiger Gummi-Metall-Dämpfer für schwere Maschinenaufstellung.</p><table><tbody><tr><th>Hersteller</th><td>Elesa+Ganter</td></tr><tr><th>Serie / Artikel</th><td>AVR-R-220-30-290-80</td></tr><tr><th>Material</th><td>Stahl verzinkt lackiert, NBR</td></tr><tr><th>Gewinde / Anschluss</th><td>M16</td></tr><tr><th>Traglast (N)</th><td>100000</td></tr><tr><th>Dämpfung / Härte</th><td>80 Shore A</td></tr><tr><th>Varianten laut Hersteller</th><td>1</td></tr></tbody></table><p>Technische Angaben nach Herstellerunterlagen, ohne Gewähr. Passende Ausführung, Preis und Lieferzeit nennen wir Ihnen auf Anfrage.</p>",taxable,1,,Schwingungsdämpfer,,Elesa+Ganter,Anwendung,"Maschine / Anlage, Klima- / Lüftungsgerät",1,1,Funktion,"Schwingungsdämpfung, Hohe Traglast",1,1,Bauform,Schwingungsdämpfer,1,1,Material,"Stahl, Gummi / Elastomer",1,1,Gewinde,M16,1,1,Traglast,100000 N,1,0,,,,,,,,,,,,,1,vergleich
simple,BF-V-581C4488,Elesa+Ganter AVR-R-90-30-160-30,1,0,visible,Rechteckiger Gummi-Metall-Dämpfer für schwere Maschinenaufstellung. Preis und Lieferzeit auf Anfrage.,"<p>Rechteckiger Gummi-Metall-Dämpfer für schwere Maschinenaufstellung.</p><table><tbody><tr><th>Hersteller</th><td>Elesa+Ganter</td></tr><tr><th>Serie / Artikel</th><td>AVR-R-90-30-160-30</td></tr><tr><th>Material</th><td>Stahl verzinkt lackiert, NBR</td></tr><tr><th>Gewinde / Anschluss</th><td>M16</td></tr><tr><th>Traglast (N)</th><td>8400</td></tr><tr><th>Dämpfung / Härte</th><td>30 Shore A</td></tr><tr><th>Varianten laut Hersteller</th><td>1</td></tr></tbody></table><p>Technische Angaben nach Herstellerunterlagen, ohne Gewähr. Passende Ausführung, Preis und Lieferzeit nennen wir Ihnen auf Anfrage.</p>",taxable,1,,Schwingungsdämpfer,,Elesa+Ganter,Anwendung,"Maschine / Anlage, Klima- / Lüftungsgerät",1,1,Funktion,Schwingungsdämpfung,1,1,Bauform,Schwingungsdämpfer,1,1,Material,"Stahl, Gummi / Elastomer",1,1,Gewinde,M16,1,1,Traglast,8400 N,1,0,,,,,,,,,,,,,1,vergleich
simple,BF-V-DD6C4EA1,Elesa+Ganter DVA.1-10x10-M4,1,0,visible,Zylindrischer Gummipuffer mit beidseitigem Gewindebolzen. Preis und Lieferzeit auf Anfrage.,"<p>Zylindrischer Gummipuffer mit beidseitigem Gewindebolzen.</p><table><tbody><tr><th>Hersteller</th><td>Elesa+Ganter</td></tr><tr><th>Serie / Artikel</th><td>DVA.1-10x10-M4</td></tr><tr><th>Maß / Ø (mm)</th><td>10</td></tr><tr><th>Material</th><td>NR-Gummi, Stahl verzinkt; SST-Variante Edelstahl</td></tr><tr><th>Gewinde / Anschluss</th><td>M4</td></tr><tr><th>Traglast (N)</th><td>75/100/200 (40/55/70 ShA)</td></tr><tr><th>Dämpfung / Härte</th><td>40/55/70 Shore A</td></tr><tr><th>Varianten laut Hersteller</th><td>3+</td></tr></tbody></table><p>Technische Angaben nach Herstellerunterlagen, ohne Gewähr. Passende Ausführung, Preis und Lieferzeit nennen wir Ihnen auf Anfrage.</p>",taxable,1,,Schwingungsdämpfer,,Elesa+Ganter,Anwendung,"Maschine / Anlage, Klima- / Lüftungsgerät",1,1,Funktion,Schwingungsdämpfung,1,1,Bauform,Schwingungsdämpfer,1,1,Material,"Edelstahl, Stahl, Gummi / Elastomer",1,1,Gewinde,M4,1,1,Traglast,75/100/200 (40/55/70 ShA) N,1,0,Durchmesser,10 mm,1,0,,,,,,,,,1,vergleich
simple,BF-V-DC97D292,Elesa+Ganter DVA.1-15x15-M4,1,0,visible,Zylindrischer Gummipuffer mit beidseitigem Gewindebolzen. Preis und Lieferzeit auf Anfrage.,"<p>Zylindrischer Gummipuffer mit beidseitigem Gewindebolzen.</p><table><tbody><tr><th>Hersteller</th><td>Elesa+Ganter</td></tr><tr><th>Serie / Artikel</th><td>DVA.1-15x15-M4</td></tr><tr><th>Maß / Ø (mm)</th><td>15</td></tr><tr><th>Material</th><td>NR-Gummi, Stahl verzinkt; SST-Variante Edelstahl</td></tr><tr><th>Gewinde / Anschluss</th><td>M4</td></tr><tr><th>Traglast (N)</th><td>155/280/513 (40/55/70 ShA)</td></tr><tr><th>Dämpfung / Härte</th><td>40/55/70 Shore A</td></tr><tr><th>Varianten laut Hersteller</th><td>3+</td></tr></tbody></table><p>Technische Angaben nach Herstellerunterlagen, ohne Gewähr. Passende Ausführung, Preis und Lieferzeit nennen wir Ihnen auf Anfrage.</p>",taxable,1,,Schwingungsdämpfer,,Elesa+Ganter,Anwendung,"Maschine / Anlage, Klima- / Lüftungsgerät",1,1,Funktion,Schwingungsdämpfung,1,1,Bauform,Schwingungsdämpfer,1,1,Material,"Edelstahl, Stahl, Gummi / Elastomer",1,1,Gewinde,M4,1,1,Traglast,155/280/513 (40/55/70 ShA) N,1,0,Durchmesser,15 mm,1,0,,,,,,,,,1,vergleich
simple,BF-V-6305D96D,Elesa+Ganter DVA.1-20x20-M6,1,0,visible,Zylindrischer Gummipuffer mit beidseitigem Gewindebolzen. Preis und Lieferzeit auf Anfrage.,"<p>Zylindrischer Gummipuffer mit beidseitigem Gewindebolzen.</p><table><tbody><tr><th>Hersteller</th><td>Elesa+Ganter</td></tr><tr><th>Serie / Artikel</th><td>DVA.1-20x20-M6</td></tr><tr><th>Maß / Ø (mm)</th><td>20</td></tr><tr><th>Material</th><td>NR-Gummi, Stahl verzinkt; SST-Variante Edelstahl</td></tr><tr><th>Gewinde / Anschluss</th><td>M6</td></tr><tr><th>Traglast (N)</th><td>220/430/995 (40/55/70 ShA)</td></tr><tr><th>Dämpfung / Härte</th><td>40/55/70 Shore A</td></tr><tr><th>Varianten laut Hersteller</th><td>3+</td></tr></tbody></table><p>Technische Angaben nach Herstellerunterlagen, ohne Gewähr. Passende Ausführung, Preis und Lieferzeit nennen wir Ihnen auf Anfrage.</p>",taxable,1,,Schwingungsdämpfer,,Elesa+Ganter,Anwendung,"Maschine / Anlage, Klima- / Lüftungsgerät",1,1,Funktion,Schwingungsdämpfung,1,1,Bauform,Schwingungsdämpfer,1,1,Material,"Edelstahl, Stahl, Gummi / Elastomer",1,1,Gewinde,M6,1,1,Traglast,220/430/995 (40/55/70 ShA) N,1,0,Durchmesser,20 mm,1,0,,,,,,,,,1,vergleich
simple,BF-V-7154786E,Elesa+Ganter DVA.1-25x25-M6,1,0,visible,Zylindrischer Gummipuffer mit beidseitigem Gewindebolzen. Preis und Lieferzeit auf Anfrage.,"<p>Zylindrischer Gummipuffer mit beidseitigem Gewindebolzen.</p><table><tbody><tr><th>Hersteller</th><td>Elesa+Ganter</td></tr><tr><th>Serie / Artikel</th><td>DVA.1-25x25-M6</td></tr><tr><th>Maß / Ø (mm)</th><td>25</td></tr><tr><th>Material</th><td>NR-Gummi, Stahl verzinkt; SST-Variante Edelstahl</td></tr><tr><th>Gewinde / Anschluss</th><td>M6</td></tr><tr><th>Traglast (N)</th><td>441/529/1374 (40/55/70 ShA)</td></tr><tr><th>Dämpfung / Härte</th><td>40/55/70 Shore A</td></tr><tr><th>Varianten laut Hersteller</th><td>3+</td></tr></tbody></table><p>Technische Angaben nach Herstellerunterlagen, ohne Gewähr. Passende Ausführung, Preis und Lieferzeit nennen wir Ihnen auf Anfrage.</p>",taxable,1,,Schwingungsdämpfer,,Elesa+Ganter,Anwendung,"Maschine / Anlage, Klima- / Lüftungsgerät",1,1,Funktion,Schwingungsdämpfung,1,1,Bauform,Schwingungsdämpfer,1,1,Material,"Edelstahl, Stahl, Gummi / Elastomer",1,1,Gewinde,M6,1,1,Traglast,441/529/1374 (40/55/70 ShA) N,1,0,Durchmesser,25 mm,1,0,,,,,,,,,1,vergleich
simple,BF-V-589F0C50,Elesa+Ganter DVA.1-30x30-M8,1,0,visible,Zylindrischer Gummipuffer mit beidseitigem Gewindebolzen. Preis und Lieferzeit auf Anfrage.,"<p>Zylindrischer Gummipuffer mit beidseitigem Gewindebolzen.</p><table><tbody><tr><th>Hersteller</th><td>Elesa+Ganter</td></tr><tr><th>Serie / Artikel</th><td>DVA.1-30x30-M8</td></tr><tr><th>Maß / Ø (mm)</th><td>30</td></tr><tr><th>Material</th><td>NR-Gummi, Stahl verzinkt; SST-Variante Edelstahl</td></tr><tr><th>Gewinde / Anschluss</th><td>M8</td></tr><tr><th>Traglast (N)</th><td>500/1055/1960 (40/55/70 ShA)</td></tr><tr><th>Dämpfung / Härte</th><td>40/55/70 Shore A</td></tr><tr><th>Varianten laut Hersteller</th><td>3+</td></tr></tbody></table><p>Technische Angaben nach Herstellerunterlagen, ohne Gewähr. Passende Ausführung, Preis und Lieferzeit nennen wir Ihnen auf Anfrage.</p>",taxable,1,,Schwingungsdämpfer,,Elesa+Ganter,Anwendung,"Maschine / Anlage, Klima- / Lüftungsgerät",1,1,Funktion,Schwingungsdämpfung,1,1,Bauform,Schwingungsdämpfer,1,1,Material,"Edelstahl, Stahl, Gummi / Elastomer",1,1,Gewinde,M8,1,1,Traglast,500/1055/1960 (40/55/70 ShA) N,1,0,Durchmesser,30 mm,1,0,,,,,,,,,1,vergleich
simple,BF-V-4F25E1C5,Elesa+Ganter DVA.1-40x20-M8,1,0,visible,Zylindrischer Gummipuffer mit beidseitigem Gewindebolzen. Preis und Lieferzeit auf Anfrage.,"<p>Zylindrischer Gummipuffer mit beidseitigem Gewindebolzen.</p><table><tbody><tr><th>Hersteller</th><td>Elesa+Ganter</td></tr><tr><th>Serie / Artikel</th><td>DVA.1-40x20-M8</td></tr><tr><th>Maß / Ø (mm)</th><td>40</td></tr><tr><th>Material</th><td>NR-Gummi, Stahl verzinkt; SST-Variante Edelstahl</td></tr><tr><th>Gewinde / Anschluss</th><td>M8</td></tr><tr><th>Traglast (N)</th><td>1800/2430/4450 (40/55/70 ShA)</td></tr><tr><th>Dämpfung / Härte</th><td>40/55/70 Shore A</td></tr><tr><th>Varianten laut Hersteller</th><td>3+</td></tr></tbody></table><p>Technische Angaben nach Herstellerunterlagen, ohne Gewähr. Passende Ausführung, Preis und Lieferzeit nennen wir Ihnen auf Anfrage.</p>",taxable,1,,Schwingungsdämpfer,,Elesa+Ganter,Anwendung,"Maschine / Anlage, Klima- / Lüftungsgerät",1,1,Funktion,Schwingungsdämpfung,1,1,Bauform,Schwingungsdämpfer,1,1,Material,"Edelstahl, Stahl, Gummi / Elastomer",1,1,Gewinde,M8,1,1,Traglast,1800/2430/4450 (40/55/70 ShA) N,1,0,Durchmesser,40 mm,1,0,,,,,,,,,1,vergleich
simple,BF-V-D9213DFE,Elesa+Ganter DVE-100-M16,1,0,visible,"Gummi-Metall-Dämpfer mit quadratischem Flansch, auch Edelstahl. Preis und Lieferzeit auf Anfrage.","<p>Gummi-Metall-Dämpfer mit quadratischem Flansch, auch Edelstahl.</p><table><tbody><tr><th>Hersteller</th><td>Elesa+Ganter</td></tr><tr><th>Serie / Artikel</th><td>DVE-100-M16</td></tr><tr><th>Maß / Ø (mm)</th><td>100</td></tr><tr><th>Material</th><td>NR-Gummi, Stahl verzinkt oder Edelstahl AISI 304</td></tr><tr><th>Gewinde / Anschluss</th><td>M16</td></tr><tr><th>Traglast (N)</th><td>8486 (40 ShA) / 9770 (60 ShA)</td></tr><tr><th>Dämpfung / Härte</th><td>40 oder 60 Shore A</td></tr><tr><th>Varianten laut Hersteller</th><td>2-4</td></tr></tbody></table><p>Technische Angaben nach Herstellerunterlagen, ohne Gewähr. Passende Ausführung, Preis und Lieferzeit nennen wir Ihnen auf Anfrage.</p>",taxable,1,,Schwingungsdämpfer,,Elesa+Ganter,Anwendung,"Maschine / Anlage, Klima- / Lüftungsgerät",1,1,Funktion,Schwingungsdämpfung,1,1,Bauform,Schwingungsdämpfer,1,1,Material,"Edelstahl, Stahl, Gummi / Elastomer",1,1,Gewinde,M16,1,1,Traglast,8486 (40 ShA) / 9770 (60 ShA) N,1,0,Durchmesser,100 mm,1,0,,,,,,,,,1,vergleich
simple,BF-V-18CDE3F8,Elesa+Ganter DVE-18-M6,1,0,visible,"Gummi-Metall-Dämpfer mit ovalem Flansch, auch Edelstahl. Preis und Lieferzeit auf Anfrage.","<p>Gummi-Metall-Dämpfer mit ovalem Flansch, auch Edelstahl.</p><table><tbody><tr><th>Hersteller</th><td>Elesa+Ganter</td></tr><tr><th>Serie / Artikel</th><td>DVE-18-M6</td></tr><tr><th>Maß / Ø (mm)</th><td>18</td></tr><tr><th>Material</th><td>NR-Gummi, Stahl verzinkt oder Edelstahl AISI 304</td></tr><tr><th>Gewinde / Anschluss</th><td>M6</td></tr><tr><th>Traglast (N)</th><td>62,5 (40 ShA) / 141 (60 ShA)</td></tr><tr><th>Dämpfung / Härte</th><td>40 oder 60 Shore A</td></tr><tr><th>Varianten laut Hersteller</th><td>2-4</td></tr></tbody></table><p>Technische Angaben nach Herstellerunterlagen, ohne Gewähr. Passende Ausführung, Preis und Lieferzeit nennen wir Ihnen auf Anfrage.</p>",taxable,1,,Schwingungsdämpfer,,Elesa+Ganter,Anwendung,"Maschine / Anlage, Klima- / Lüftungsgerät",1,1,Funktion,Schwingungsdämpfung,1,1,Bauform,Schwingungsdämpfer,1,1,Material,"Edelstahl, Stahl, Gummi / Elastomer",1,1,Gewinde,M6,1,1,Traglast,"62,5 (40 ShA) / 141 (60 ShA) N",1,0,Durchmesser,18 mm,1,0,,,,,,,,,1,vergleich
simple,BF-V-7C98A4CE,Elesa+Ganter DVE-186-M24,1,0,visible,"Gummi-Metall-Dämpfer mit quadratischem Flansch, auch Edelstahl. Preis und Lieferzeit auf Anfrage.","<p>Gummi-Metall-Dämpfer mit quadratischem Flansch, auch Edelstahl.</p><table><tbody><tr><th>Hersteller</th><td>Elesa+Ganter</td></tr><tr><th>Serie / Artikel</th><td>DVE-186-M24</td></tr><tr><th>Maß / Ø (mm)</th><td>186</td></tr><tr><th>Material</th><td>NR-Gummi, Stahl verzinkt oder Edelstahl AISI 304</td></tr><tr><th>Gewinde / Anschluss</th><td>M24</td></tr><tr><th>Traglast (N)</th><td>10528 (40 ShA) / 20812 (60 ShA)</td></tr><tr><th>Dämpfung / Härte</th><td>40 oder 60 Shore A</td></tr><tr><th>Varianten laut Hersteller</th><td>2-4</td></tr></tbody></table><p>Technische Angaben nach Herstellerunterlagen, ohne Gewähr. Passende Ausführung, Preis und Lieferzeit nennen wir Ihnen auf Anfrage.</p>",taxable,1,,Schwingungsdämpfer,,Elesa+Ganter,Anwendung,"Maschine / Anlage, Klima- / Lüftungsgerät",1,1,Funktion,Schwingungsdämpfung,1,1,Bauform,Schwingungsdämpfer,1,1,Material,"Edelstahl, Stahl, Gummi / Elastomer",1,1,Gewinde,M24,1,1,Traglast,10528 (40 ShA) / 20812 (60 ShA) N,1,0,Durchmesser,186 mm,1,0,,,,,,,,,1,vergleich
simple,BF-V-192BDDE3,Elesa+Ganter DVE-33-M8,1,0,visible,"Gummi-Metall-Dämpfer mit ovalem Flansch, auch Edelstahl. Preis und Lieferzeit auf Anfrage.","<p>Gummi-Metall-Dämpfer mit ovalem Flansch, auch Edelstahl.</p><table><tbody><tr><th>Hersteller</th><td>Elesa+Ganter</td></tr><tr><th>Serie / Artikel</th><td>DVE-33-M8</td></tr><tr><th>Maß / Ø (mm)</th><td>33</td></tr><tr><th>Material</th><td>NR-Gummi, Stahl verzinkt oder Edelstahl AISI 304</td></tr><tr><th>Gewinde / Anschluss</th><td>M8</td></tr><tr><th>Traglast (N)</th><td>378 (40 ShA) / 617 (60 ShA)</td></tr><tr><th>Dämpfung / Härte</th><td>40 oder 60 Shore A</td></tr><tr><th>Varianten laut Hersteller</th><td>2-4</td></tr></tbody></table><p>Technische Angaben nach Herstellerunterlagen, ohne Gewähr. Passende Ausführung, Preis und Lieferzeit nennen wir Ihnen auf Anfrage.</p>",taxable,1,,Schwingungsdämpfer,,Elesa+Ganter,Anwendung,"Maschine / Anlage, Klima- / Lüftungsgerät",1,1,Funktion,Schwingungsdämpfung,1,1,Bauform,Schwingungsdämpfer,1,1,Material,"Edelstahl, Stahl, Gummi / Elastomer",1,1,Gewinde,M8,1,1,Traglast,378 (40 ShA) / 617 (60 ShA) N,1,0,Durchmesser,33 mm,1,0,,,,,,,,,1,vergleich
simple,BF-V-0C01A2F4,Elesa+Ganter DVE-45-M10,1,0,visible,"Gummi-Metall-Dämpfer mit ovalem Flansch, auch Edelstahl. Preis und Lieferzeit auf Anfrage.","<p>Gummi-Metall-Dämpfer mit ovalem Flansch, auch Edelstahl.</p><table><tbody><tr><th>Hersteller</th><td>Elesa+Ganter</td></tr><tr><th>Serie / Artikel</th><td>DVE-45-M10</td></tr><tr><th>Maß / Ø (mm)</th><td>45</td></tr><tr><th>Material</th><td>NR-Gummi, Stahl verzinkt oder Edelstahl AISI 304</td></tr><tr><th>Gewinde / Anschluss</th><td>M10</td></tr><tr><th>Traglast (N)</th><td>643 (40 ShA) / 1374 (60 ShA)</td></tr><tr><th>Dämpfung / Härte</th><td>40 oder 60 Shore A</td></tr><tr><th>Varianten laut Hersteller</th><td>2-4</td></tr></tbody></table><p>Technische Angaben nach Herstellerunterlagen, ohne Gewähr. Passende Ausführung, Preis und Lieferzeit nennen wir Ihnen auf Anfrage.</p>",taxable,1,,Schwingungsdämpfer,,Elesa+Ganter,Anwendung,"Maschine / Anlage, Klima- / Lüftungsgerät",1,1,Funktion,Schwingungsdämpfung,1,1,Bauform,Schwingungsdämpfer,1,1,Material,"Edelstahl, Stahl, Gummi / Elastomer",1,1,Gewinde,M10,1,1,Traglast,643 (40 ShA) / 1374 (60 ShA) N,1,0,Durchmesser,45 mm,1,0,,,,,,,,,1,vergleich
simple,BF-V-71446ED5,Elesa+Ganter DVE-53-M10,1,0,visible,"Gummi-Metall-Dämpfer mit ovalem Flansch, auch Edelstahl. Preis und Lieferzeit auf Anfrage.","<p>Gummi-Metall-Dämpfer mit ovalem Flansch, auch Edelstahl.</p><table><tbody><tr><th>Hersteller</th><td>Elesa+Ganter</td></tr><tr><th>Serie / Artikel</th><td>DVE-53-M10</td></tr><tr><th>Maß / Ø (mm)</th><td>53</td></tr><tr><th>Material</th><td>NR-Gummi, Stahl verzinkt oder Edelstahl AISI 304</td></tr><tr><th>Gewinde / Anschluss</th><td>M10</td></tr><tr><th>Traglast (N)</th><td>855 (40 ShA) / 2307 (60 ShA)</td></tr><tr><th>Dämpfung / Härte</th><td>40 oder 60 Shore A</td></tr><tr><th>Varianten laut Hersteller</th><td>2-4</td></tr></tbody></table><p>Technische Angaben nach Herstellerunterlagen, ohne Gewähr. Passende Ausführung, Preis und Lieferzeit nennen wir Ihnen auf Anfrage.</p>",taxable,1,,Schwingungsdämpfer,,Elesa+Ganter,Anwendung,"Maschine / Anlage, Klima- / Lüftungsgerät",1,1,Funktion,Schwingungsdämpfung,1,1,Bauform,Schwingungsdämpfer,1,1,Material,"Edelstahl, Stahl, Gummi / Elastomer",1,1,Gewinde,M10,1,1,Traglast,855 (40 ShA) / 2307 (60 ShA) N,1,0,Durchmesser,53 mm,1,0,,,,,,,,,1,vergleich
simple,BF-V-EFD2099F,Elesa+Ganter DVE-58-M10,1,0,visible,"Gummi-Metall-Dämpfer mit ovalem Flansch, auch Edelstahl. Preis und Lieferzeit auf Anfrage.","<p>Gummi-Metall-Dämpfer mit ovalem Flansch, auch Edelstahl.</p><table><tbody><tr><th>Hersteller</th><td>Elesa+Ganter</td></tr><tr><th>Serie / Artikel</th><td>DVE-58-M10</td></tr><tr><th>Maß / Ø (mm)</th><td>58</td></tr><tr><th>Material</th><td>NR-Gummi, Stahl verzinkt oder Edelstahl AISI 304</td></tr><tr><th>Gewinde / Anschluss</th><td>M10</td></tr><tr><th>Traglast (N)</th><td>1785 (40 ShA) / 3230 (60 ShA)</td></tr><tr><th>Dämpfung / Härte</th><td>40 oder 60 Shore A</td></tr><tr><th>Varianten laut Hersteller</th><td>2-4</td></tr></tbody></table><p>Technische Angaben nach Herstellerunterlagen, ohne Gewähr. Passende Ausführung, Preis und Lieferzeit nennen wir Ihnen auf Anfrage.</p>",taxable,1,,Schwingungsdämpfer,,Elesa+Ganter,Anwendung,"Maschine / Anlage, Klima- / Lüftungsgerät",1,1,Funktion,Schwingungsdämpfung,1,1,Bauform,Schwingungsdämpfer,1,1,Material,"Edelstahl, Stahl, Gummi / Elastomer",1,1,Gewinde,M10,1,1,Traglast,1785 (40 ShA) / 3230 (60 ShA) N,1,0,Durchmesser,58 mm,1,0,,,,,,,,,1,vergleich
simple,BF-V-775881B0,Elesa+Ganter DVE-78-M12,1,0,visible,"Gummi-Metall-Dämpfer mit quadratischem Flansch, auch Edelstahl. Preis und Lieferzeit auf Anfrage.","<p>Gummi-Metall-Dämpfer mit quadratischem Flansch, auch Edelstahl.</p><table><tbody><tr><th>Hersteller</th><td>Elesa+Ganter</td></tr><tr><th>Serie / Artikel</th><td>DVE-78-M12</td></tr><tr><th>Maß / Ø (mm)</th><td>78</td></tr><tr><th>Material</th><td>NR-Gummi, Stahl verzinkt oder Edelstahl AISI 304</td></tr><tr><th>Gewinde / Anschluss</th><td>M12</td></tr><tr><th>Traglast (N)</th><td>3073 (40 ShA) / 7470 (60 ShA)</td></tr><tr><th>Dämpfung / Härte</th><td>40 oder 60 Shore A</td></tr><tr><th>Varianten laut Hersteller</th><td>2-4</td></tr></tbody></table><p>Technische Angaben nach Herstellerunterlagen, ohne Gewähr. Passende Ausführung, Preis und Lieferzeit nennen wir Ihnen auf Anfrage.</p>",taxable,1,,Schwingungsdämpfer,,Elesa+Ganter,Anwendung,"Maschine / Anlage, Klima- / Lüftungsgerät",1,1,Funktion,Schwingungsdämpfung,1,1,Bauform,Schwingungsdämpfer,1,1,Material,"Edelstahl, Stahl, Gummi / Elastomer",1,1,Gewinde,M12,1,1,Traglast,3073 (40 ShA) / 7470 (60 ShA) N,1,0,Durchmesser,78 mm,1,0,,,,,,,,,1,vergleich
simple,BF-V-F7D13EEB,Getzner Isotop Compact-100,1,0,visible,Kompakter Elastomerdämpfer für kleine Klimageräte und Ventilatoren. Preis und Lieferzeit auf Anfrage.,"<p>Kompakter Elastomerdämpfer für kleine Klimageräte und Ventilatoren.</p><table><tbody><tr><th>Hersteller</th><td>Getzner</td></tr><tr><th>Serie / Artikel</th><td>Isotop Compact-100</td></tr><tr><th>Material</th><td>Sylomer/Sylodyn, Metallkappen</td></tr><tr><th>Gewinde / Anschluss</th><td>M8 Innen-/Außengewinde</td></tr><tr><th>Traglast (N)</th><td>931</td></tr><tr><th>Dämpfung / Härte</th><td>Eigenfrequenz 10-12 Hz</td></tr><tr><th>Varianten laut Hersteller</th><td>4 (T/T, B/T, B/B, B/-)</td></tr></tbody></table><p>Technische Angaben nach Herstellerunterlagen, ohne Gewähr. Passende Ausführung, Preis und Lieferzeit nennen wir Ihnen auf Anfrage.</p>",taxable,1,,Schwingungsdämpfer,,Getzner,Anwendung,"Maschine / Anlage, Klima- / Lüftungsgerät",1,1,Funktion,Schwingungsdämpfung,1,1,Bauform,Schwingungsdämpfer,1,1,Gewinde,M8,1,1,Traglast,931 N,1,0,,,,,,,,,,,,,,,,,1,vergleich
simple,BF-V-63AF7D6C,Getzner Isotop Compact-15 (Best.-Nr. 39506),1,0,visible,Kompakter Elastomerdämpfer für kleine Klimageräte und Ventilatoren. Preis und Lieferzeit auf Anfrage.,"<p>Kompakter Elastomerdämpfer für kleine Klimageräte und Ventilatoren.</p><table><tbody><tr><th>Hersteller</th><td>Getzner</td></tr><tr><th>Serie / Artikel</th><td>Isotop Compact-15 (Best.-Nr. 39506)</td></tr><tr><th>Material</th><td>Sylomer/Sylodyn, Metallkappen</td></tr><tr><th>Gewinde / Anschluss</th><td>M8 Innen-/Außengewinde</td></tr><tr><th>Traglast (N)</th><td>147</td></tr><tr><th>Dämpfung / Härte</th><td>Eigenfrequenz 10-12 Hz</td></tr><tr><th>Varianten laut Hersteller</th><td>4 (T/T, B/T, B/B, B/-)</td></tr></tbody></table><p>Technische Angaben nach Herstellerunterlagen, ohne Gewähr. Passende Ausführung, Preis und Lieferzeit nennen wir Ihnen auf Anfrage.</p>",taxable,1,,Schwingungsdämpfer,,Getzner,Anwendung,"Maschine / Anlage, Klima- / Lüftungsgerät",1,1,Funktion,Schwingungsdämpfung,1,1,Bauform,Schwingungsdämpfer,1,1,Gewinde,M8,1,1,Traglast,147 N,1,0,,,,,,,,,,,,,,,,,1,vergleich
simple,BF-V-488C7B8A,Getzner Isotop Compact-20 (Best.-Nr. 39507),1,0,visible,Kompakter Elastomerdämpfer für kleine Klimageräte und Ventilatoren. Preis und Lieferzeit auf Anfrage.,"<p>Kompakter Elastomerdämpfer für kleine Klimageräte und Ventilatoren.</p><table><tbody><tr><th>Hersteller</th><td>Getzner</td></tr><tr><th>Serie / Artikel</th><td>Isotop Compact-20 (Best.-Nr. 39507)</td></tr><tr><th>Material</th><td>Sylomer/Sylodyn, Metallkappen</td></tr><tr><th>Gewinde / Anschluss</th><td>M8 Innen-/Außengewinde</td></tr><tr><th>Traglast (N)</th><td>264</td></tr><tr><th>Dämpfung / Härte</th><td>Eigenfrequenz 10-12 Hz</td></tr><tr><th>Varianten laut Hersteller</th><td>4 (T/T, B/T, B/B, B/-)</td></tr></tbody></table><p>Technische Angaben nach Herstellerunterlagen, ohne Gewähr. Passende Ausführung, Preis und Lieferzeit nennen wir Ihnen auf Anfrage.</p>",taxable,1,,Schwingungsdämpfer,,Getzner,Anwendung,"Maschine / Anlage, Klima- / Lüftungsgerät",1,1,Funktion,Schwingungsdämpfung,1,1,Bauform,Schwingungsdämpfer,1,1,Gewinde,M8,1,1,Traglast,264 N,1,0,,,,,,,,,,,,,,,,,1,vergleich
simple,BF-V-129A2085,Getzner Isotop Compact-4 (Best.-Nr. 39504),1,0,visible,Kompakter Elastomerdämpfer für kleine Klimageräte und Ventilatoren. Preis und Lieferzeit auf Anfrage.,"<p>Kompakter Elastomerdämpfer für kleine Klimageräte und Ventilatoren.</p><table><tbody><tr><th>Hersteller</th><td>Getzner</td></tr><tr><th>Serie / Artikel</th><td>Isotop Compact-4 (Best.-Nr. 39504)</td></tr><tr><th>Material</th><td>Sylomer/Sylodyn, Metallkappen</td></tr><tr><th>Gewinde / Anschluss</th><td>M8 Innen-/Außengewinde</td></tr><tr><th>Traglast (N)</th><td>41</td></tr><tr><th>Dämpfung / Härte</th><td>Eigenfrequenz 10-12 Hz</td></tr><tr><th>Varianten laut Hersteller</th><td>4 (T/T, B/T, B/B, B/-)</td></tr></tbody></table><p>Technische Angaben nach Herstellerunterlagen, ohne Gewähr. Passende Ausführung, Preis und Lieferzeit nennen wir Ihnen auf Anfrage.</p>",taxable,1,,Schwingungsdämpfer,,Getzner,Anwendung,"Maschine / Anlage, Klima- / Lüftungsgerät",1,1,Funktion,Schwingungsdämpfung,1,1,Bauform,Schwingungsdämpfer,1,1,Gewinde,M8,1,1,Traglast,41 N,1,0,,,,,,,,,,,,,,,,,1,vergleich
simple,BF-V-86682703,Getzner Isotop Compact-40 (Best.-Nr. 38884),1,0,visible,Kompakter Elastomerdämpfer für kleine Klimageräte und Ventilatoren. Preis und Lieferzeit auf Anfrage.,"<p>Kompakter Elastomerdämpfer für kleine Klimageräte und Ventilatoren.</p><table><tbody><tr><th>Hersteller</th><td>Getzner</td></tr><tr><th>Serie / Artikel</th><td>Isotop Compact-40 (Best.-Nr. 38884)</td></tr><tr><th>Material</th><td>Sylomer/Sylodyn, Metallkappen</td></tr><tr><th>Gewinde / Anschluss</th><td>M8 Innen-/Außengewinde</td></tr><tr><th>Traglast (N)</th><td>392</td></tr><tr><th>Dämpfung / Härte</th><td>Eigenfrequenz 10-12 Hz</td></tr><tr><th>Varianten laut Hersteller</th><td>4 (T/T, B/T, B/B, B/-)</td></tr></tbody></table><p>Technische Angaben nach Herstellerunterlagen, ohne Gewähr. Passende Ausführung, Preis und Lieferzeit nennen wir Ihnen auf Anfrage.</p>",taxable,1,,Schwingungsdämpfer,,Getzner,Anwendung,"Maschine / Anlage, Klima- / Lüftungsgerät",1,1,Funktion,Schwingungsdämpfung,1,1,Bauform,Schwingungsdämpfer,1,1,Gewinde,M8,1,1,Traglast,392 N,1,0,,,,,,,,,,,,,,,,,1,vergleich
simple,BF-V-AE9788DE,Getzner Isotop Compact-50 (Best.-Nr. 39508),1,0,visible,Kompakter Elastomerdämpfer für kleine Klimageräte und Ventilatoren. Preis und Lieferzeit auf Anfrage.,"<p>Kompakter Elastomerdämpfer für kleine Klimageräte und Ventilatoren.</p><table><tbody><tr><th>Hersteller</th><td>Getzner</td></tr><tr><th>Serie / Artikel</th><td>Isotop Compact-50 (Best.-Nr. 39508)</td></tr><tr><th>Material</th><td>Sylomer/Sylodyn, Metallkappen</td></tr><tr><th>Gewinde / Anschluss</th><td>M8 Innen-/Außengewinde</td></tr><tr><th>Traglast (N)</th><td>491</td></tr><tr><th>Dämpfung / Härte</th><td>Eigenfrequenz 10-12 Hz</td></tr><tr><th>Varianten laut Hersteller</th><td>4 (T/T, B/T, B/B, B/-)</td></tr></tbody></table><p>Technische Angaben nach Herstellerunterlagen, ohne Gewähr. Passende Ausführung, Preis und Lieferzeit nennen wir Ihnen auf Anfrage.</p>",taxable,1,,Schwingungsdämpfer,,Getzner,Anwendung,"Maschine / Anlage, Klima- / Lüftungsgerät",1,1,Funktion,Schwingungsdämpfung,1,1,Bauform,Schwingungsdämpfer,1,1,Gewinde,M8,1,1,Traglast,491 N,1,0,,,,,,,,,,,,,,,,,1,vergleich
simple,BF-V-BC3D1672,Getzner Isotop Compact-70,1,0,visible,Kompakter Elastomerdämpfer für kleine Klimageräte und Ventilatoren. Preis und Lieferzeit auf Anfrage.,"<p>Kompakter Elastomerdämpfer für kleine Klimageräte und Ventilatoren.</p><table><tbody><tr><th>Hersteller</th><td>Getzner</td></tr><tr><th>Serie / Artikel</th><td>Isotop Compact-70</td></tr><tr><th>Material</th><td>Sylomer/Sylodyn, Metallkappen</td></tr><tr><th>Gewinde / Anschluss</th><td>M8 Innen-/Außengewinde</td></tr><tr><th>Traglast (N)</th><td>765</td></tr><tr><th>Dämpfung / Härte</th><td>Eigenfrequenz 10-12 Hz</td></tr><tr><th>Varianten laut Hersteller</th><td>4 (T/T, B/T, B/B, B/-)</td></tr></tbody></table><p>Technische Angaben nach Herstellerunterlagen, ohne Gewähr. Passende Ausführung, Preis und Lieferzeit nennen wir Ihnen auf Anfrage.</p>",taxable,1,,Schwingungsdämpfer,,Getzner,Anwendung,"Maschine / Anlage, Klima- / Lüftungsgerät",1,1,Funktion,Schwingungsdämpfung,1,1,Bauform,Schwingungsdämpfer,1,1,Gewinde,M8,1,1,Traglast,765 N,1,0,,,,,,,,,,,,,,,,,1,vergleich
simple,BF-V-6C735FA6,Getzner Isotop Compact-9 (Best.-Nr. 39505),1,0,visible,Kompakter Elastomerdämpfer für kleine Klimageräte und Ventilatoren. Preis und Lieferzeit auf Anfrage.,"<p>Kompakter Elastomerdämpfer für kleine Klimageräte und Ventilatoren.</p><table><tbody><tr><th>Hersteller</th><td>Getzner</td></tr><tr><th>Serie / Artikel</th><td>Isotop Compact-9 (Best.-Nr. 39505)</td></tr><tr><th>Material</th><td>Sylomer/Sylodyn, Metallkappen</td></tr><tr><th>Gewinde / Anschluss</th><td>M8 Innen-/Außengewinde</td></tr><tr><th>Traglast (N)</th><td>93</td></tr><tr><th>Dämpfung / Härte</th><td>Eigenfrequenz 10-12 Hz</td></tr><tr><th>Varianten laut Hersteller</th><td>4 (T/T, B/T, B/B, B/-)</td></tr></tbody></table><p>Technische Angaben nach Herstellerunterlagen, ohne Gewähr. Passende Ausführung, Preis und Lieferzeit nennen wir Ihnen auf Anfrage.</p>",taxable,1,,Schwingungsdämpfer,,Getzner,Anwendung,"Maschine / Anlage, Klima- / Lüftungsgerät",1,1,Funktion,Schwingungsdämpfung,1,1,Bauform,Schwingungsdämpfer,1,1,Gewinde,M8,1,1,Traglast,93 N,1,0,,,,,,,,,,,,,,,,,1,vergleich
simple,BF-V-95CB3717,Getzner Isotop DSD 1,1,0,visible,Federisolator mit integriertem Sylodamp-Dämpfer für Pumpen und Aggregate. Preis und Lieferzeit auf Anfrage.,"<p>Federisolator mit integriertem Sylodamp-Dämpfer für Pumpen und Aggregate.</p><table><tbody><tr><th>Hersteller</th><td>Getzner</td></tr><tr><th>Serie / Artikel</th><td>Isotop DSD 1</td></tr><tr><th>Material</th><td>Stahlfeder KTL, Sylodamp</td></tr><tr><th>Gewinde / Anschluss</th><td>M10 Innengewinde</td></tr><tr><th>Traglast (N)</th><td>235</td></tr><tr><th>Dämpfung / Härte</th><td>Eigenfrequenz 5,6 Hz</td></tr><tr><th>Varianten laut Hersteller</th><td>1</td></tr></tbody></table><p>Technische Angaben nach Herstellerunterlagen, ohne Gewähr. Passende Ausführung, Preis und Lieferzeit nennen wir Ihnen auf Anfrage.</p>",taxable,1,,Schwingungsdämpfer,,Getzner,Anwendung,"Maschine / Anlage, Klima- / Lüftungsgerät",1,1,Funktion,Schwingungsdämpfung,1,1,Bauform,Schwingungsdämpfer,1,1,Material,Stahl,1,1,Gewinde,M10,1,1,Traglast,235 N,1,0,,,,,,,,,,,,,1,vergleich
simple,BF-V-F76CA5EA,Getzner Isotop DSD 5,1,0,visible,Federisolator mit integriertem Sylodamp-Dämpfer für Pumpen und Aggregate. Preis und Lieferzeit auf Anfrage.,"<p>Federisolator mit integriertem Sylodamp-Dämpfer für Pumpen und Aggregate.</p><table><tbody><tr><th>Hersteller</th><td>Getzner</td></tr><tr><th>Serie / Artikel</th><td>Isotop DSD 5</td></tr><tr><th>Material</th><td>Stahlfeder KTL, Sylodamp</td></tr><tr><th>Gewinde / Anschluss</th><td>M10 Innengewinde</td></tr><tr><th>Traglast (N)</th><td>1373</td></tr><tr><th>Dämpfung / Härte</th><td>Eigenfrequenz 4,8 Hz</td></tr><tr><th>Varianten laut Hersteller</th><td>1</td></tr></tbody></table><p>Technische Angaben nach Herstellerunterlagen, ohne Gewähr. Passende Ausführung, Preis und Lieferzeit nennen wir Ihnen auf Anfrage.</p>",taxable,1,,Schwingungsdämpfer,,Getzner,Anwendung,"Maschine / Anlage, Klima- / Lüftungsgerät",1,1,Funktion,Schwingungsdämpfung,1,1,Bauform,Schwingungsdämpfer,1,1,Material,Stahl,1,1,Gewinde,M10,1,1,Traglast,1373 N,1,0,,,,,,,,,,,,,1,vergleich
simple,BF-V-629BBBAA,Getzner Isotop DSD 9,1,0,visible,Federisolator mit integriertem Sylodamp-Dämpfer für Pumpen und Aggregate. Preis und Lieferzeit auf Anfrage.,"<p>Federisolator mit integriertem Sylodamp-Dämpfer für Pumpen und Aggregate.</p><table><tbody><tr><th>Hersteller</th><td>Getzner</td></tr><tr><th>Serie / Artikel</th><td>Isotop DSD 9</td></tr><tr><th>Material</th><td>Stahlfeder KTL, Sylodamp</td></tr><tr><th>Gewinde / Anschluss</th><td>M10 Innengewinde</td></tr><tr><th>Traglast (N)</th><td>6377</td></tr><tr><th>Dämpfung / Härte</th><td>Eigenfrequenz 4,6 Hz</td></tr><tr><th>Varianten laut Hersteller</th><td>1</td></tr></tbody></table><p>Technische Angaben nach Herstellerunterlagen, ohne Gewähr. Passende Ausführung, Preis und Lieferzeit nennen wir Ihnen auf Anfrage.</p>",taxable,1,,Schwingungsdämpfer,,Getzner,Anwendung,"Maschine / Anlage, Klima- / Lüftungsgerät",1,1,Funktion,Schwingungsdämpfung,1,1,Bauform,Schwingungsdämpfer,1,1,Material,Stahl,1,1,Gewinde,M10,1,1,Traglast,6377 N,1,0,,,,,,,,,,,,,1,vergleich
simple,BF-V-86276E42,Getzner Isotop SD 1 (Best.-Nr. 39443),1,0,visible,"Stahlfeder-Isolator für Lüftungs- und Klimageräte, sehr tiefe Abstimmung. Preis und Lieferzeit auf Anfrage.","<p>Stahlfeder-Isolator für Lüftungs- und Klimageräte, sehr tiefe Abstimmung.</p><table><tbody><tr><th>Hersteller</th><td>Getzner</td></tr><tr><th>Serie / Artikel</th><td>Isotop SD 1 (Best.-Nr. 39443)</td></tr><tr><th>Maß / Ø (mm)</th><td>70</td></tr><tr><th>Material</th><td>Stahlfeder verzinkt oder KTL</td></tr><tr><th>Gewinde / Anschluss</th><td>M10 Innengewinde</td></tr><tr><th>Traglast (N)</th><td>196</td></tr><tr><th>Dämpfung / Härte</th><td>Eigenfrequenz 3,2-3,4 Hz</td></tr><tr><th>Varianten laut Hersteller</th><td>2</td></tr></tbody></table><p>Technische Angaben nach Herstellerunterlagen, ohne Gewähr. Passende Ausführung, Preis und Lieferzeit nennen wir Ihnen auf Anfrage.</p>",taxable,1,,Schwingungsdämpfer,,Getzner,Anwendung,"Maschine / Anlage, Klima- / Lüftungsgerät",1,1,Funktion,Schwingungsdämpfung,1,1,Bauform,Schwingungsdämpfer,1,1,Material,Stahl,1,1,Gewinde,M10,1,1,Traglast,196 N,1,0,Durchmesser,70 mm,1,0,,,,,,,,,1,vergleich
simple,BF-V-37B55DF4,Getzner Isotop SD 2 (Best.-Nr. 39444),1,0,visible,"Stahlfeder-Isolator für Lüftungs- und Klimageräte, sehr tiefe Abstimmung. Preis und Lieferzeit auf Anfrage.","<p>Stahlfeder-Isolator für Lüftungs- und Klimageräte, sehr tiefe Abstimmung.</p><table><tbody><tr><th>Hersteller</th><td>Getzner</td></tr><tr><th>Serie / Artikel</th><td>Isotop SD 2 (Best.-Nr. 39444)</td></tr><tr><th>Maß / Ø (mm)</th><td>70</td></tr><tr><th>Material</th><td>Stahlfeder verzinkt oder KTL</td></tr><tr><th>Gewinde / Anschluss</th><td>M10 Innengewinde</td></tr><tr><th>Traglast (N)</th><td>324</td></tr><tr><th>Dämpfung / Härte</th><td>Eigenfrequenz 3,2-3,4 Hz</td></tr><tr><th>Varianten laut Hersteller</th><td>2</td></tr></tbody></table><p>Technische Angaben nach Herstellerunterlagen, ohne Gewähr. Passende Ausführung, Preis und Lieferzeit nennen wir Ihnen auf Anfrage.</p>",taxable,1,,Schwingungsdämpfer,,Getzner,Anwendung,"Maschine / Anlage, Klima- / Lüftungsgerät",1,1,Funktion,Schwingungsdämpfung,1,1,Bauform,Schwingungsdämpfer,1,1,Material,Stahl,1,1,Gewinde,M10,1,1,Traglast,324 N,1,0,Durchmesser,70 mm,1,0,,,,,,,,,1,vergleich
simple,BF-V-0BD9119D,Getzner Isotop SD 3 (Best.-Nr. 39003),1,0,visible,"Stahlfeder-Isolator für Lüftungs- und Klimageräte, sehr tiefe Abstimmung. Preis und Lieferzeit auf Anfrage.","<p>Stahlfeder-Isolator für Lüftungs- und Klimageräte, sehr tiefe Abstimmung.</p><table><tbody><tr><th>Hersteller</th><td>Getzner</td></tr><tr><th>Serie / Artikel</th><td>Isotop SD 3 (Best.-Nr. 39003)</td></tr><tr><th>Maß / Ø (mm)</th><td>70</td></tr><tr><th>Material</th><td>Stahlfeder verzinkt oder KTL</td></tr><tr><th>Gewinde / Anschluss</th><td>M10 Innengewinde</td></tr><tr><th>Traglast (N)</th><td>510</td></tr><tr><th>Dämpfung / Härte</th><td>Eigenfrequenz 3,2-3,4 Hz</td></tr><tr><th>Varianten laut Hersteller</th><td>2</td></tr></tbody></table><p>Technische Angaben nach Herstellerunterlagen, ohne Gewähr. Passende Ausführung, Preis und Lieferzeit nennen wir Ihnen auf Anfrage.</p>",taxable,1,,Schwingungsdämpfer,,Getzner,Anwendung,"Maschine / Anlage, Klima- / Lüftungsgerät",1,1,Funktion,Schwingungsdämpfung,1,1,Bauform,Schwingungsdämpfer,1,1,Material,Stahl,1,1,Gewinde,M10,1,1,Traglast,510 N,1,0,Durchmesser,70 mm,1,0,,,,,,,,,1,vergleich
simple,BF-V-8FA0D200,Getzner Isotop SD 4 (Best.-Nr. 39455),1,0,visible,"Stahlfeder-Isolator für Lüftungs- und Klimageräte, sehr tiefe Abstimmung. Preis und Lieferzeit auf Anfrage.","<p>Stahlfeder-Isolator für Lüftungs- und Klimageräte, sehr tiefe Abstimmung.</p><table><tbody><tr><th>Hersteller</th><td>Getzner</td></tr><tr><th>Serie / Artikel</th><td>Isotop SD 4 (Best.-Nr. 39455)</td></tr><tr><th>Maß / Ø (mm)</th><td>70</td></tr><tr><th>Material</th><td>Stahlfeder verzinkt oder KTL</td></tr><tr><th>Gewinde / Anschluss</th><td>M10 Innengewinde</td></tr><tr><th>Traglast (N)</th><td>804</td></tr><tr><th>Dämpfung / Härte</th><td>Eigenfrequenz 3,2-3,4 Hz</td></tr><tr><th>Varianten laut Hersteller</th><td>2</td></tr></tbody></table><p>Technische Angaben nach Herstellerunterlagen, ohne Gewähr. Passende Ausführung, Preis und Lieferzeit nennen wir Ihnen auf Anfrage.</p>",taxable,1,,Schwingungsdämpfer,,Getzner,Anwendung,"Maschine / Anlage, Klima- / Lüftungsgerät",1,1,Funktion,Schwingungsdämpfung,1,1,Bauform,Schwingungsdämpfer,1,1,Material,Stahl,1,1,Gewinde,M10,1,1,Traglast,804 N,1,0,Durchmesser,70 mm,1,0,,,,,,,,,1,vergleich
simple,BF-V-9D45DF37,Getzner Isotop SD 5 (Best.-Nr. 39004),1,0,visible,"Stahlfeder-Isolator für Lüftungs- und Klimageräte, sehr tiefe Abstimmung. Preis und Lieferzeit auf Anfrage.","<p>Stahlfeder-Isolator für Lüftungs- und Klimageräte, sehr tiefe Abstimmung.</p><table><tbody><tr><th>Hersteller</th><td>Getzner</td></tr><tr><th>Serie / Artikel</th><td>Isotop SD 5 (Best.-Nr. 39004)</td></tr><tr><th>Maß / Ø (mm)</th><td>70</td></tr><tr><th>Material</th><td>Stahlfeder verzinkt oder KTL</td></tr><tr><th>Gewinde / Anschluss</th><td>M10 Innengewinde</td></tr><tr><th>Traglast (N)</th><td>1206</td></tr><tr><th>Dämpfung / Härte</th><td>Eigenfrequenz 3,2-3,4 Hz</td></tr><tr><th>Varianten laut Hersteller</th><td>2</td></tr></tbody></table><p>Technische Angaben nach Herstellerunterlagen, ohne Gewähr. Passende Ausführung, Preis und Lieferzeit nennen wir Ihnen auf Anfrage.</p>",taxable,1,,Schwingungsdämpfer,,Getzner,Anwendung,"Maschine / Anlage, Klima- / Lüftungsgerät",1,1,Funktion,Schwingungsdämpfung,1,1,Bauform,Schwingungsdämpfer,1,1,Material,Stahl,1,1,Gewinde,M10,1,1,Traglast,1206 N,1,0,Durchmesser,70 mm,1,0,,,,,,,,,1,vergleich
simple,BF-V-90058B06,Getzner Isotop SD 6 (Best.-Nr. 39456),1,0,visible,"Stahlfeder-Isolator für Lüftungs- und Klimageräte, sehr tiefe Abstimmung. Preis und Lieferzeit auf Anfrage.","<p>Stahlfeder-Isolator für Lüftungs- und Klimageräte, sehr tiefe Abstimmung.</p><table><tbody><tr><th>Hersteller</th><td>Getzner</td></tr><tr><th>Serie / Artikel</th><td>Isotop SD 6 (Best.-Nr. 39456)</td></tr><tr><th>Maß / Ø (mm)</th><td>70</td></tr><tr><th>Material</th><td>Stahlfeder verzinkt oder KTL</td></tr><tr><th>Gewinde / Anschluss</th><td>M10 Innengewinde</td></tr><tr><th>Traglast (N)</th><td>1913</td></tr><tr><th>Dämpfung / Härte</th><td>Eigenfrequenz 3,2-3,4 Hz</td></tr><tr><th>Varianten laut Hersteller</th><td>2</td></tr></tbody></table><p>Technische Angaben nach Herstellerunterlagen, ohne Gewähr. Passende Ausführung, Preis und Lieferzeit nennen wir Ihnen auf Anfrage.</p>",taxable,1,,Schwingungsdämpfer,,Getzner,Anwendung,"Maschine / Anlage, Klima- / Lüftungsgerät",1,1,Funktion,Schwingungsdämpfung,1,1,Bauform,Schwingungsdämpfer,1,1,Material,Stahl,1,1,Gewinde,M10,1,1,Traglast,1913 N,1,0,Durchmesser,70 mm,1,0,,,,,,,,,1,vergleich
simple,BF-V-7926B558,Getzner Isotop SD 7 (Best.-Nr. 39457),1,0,visible,"Stahlfeder-Isolator für Lüftungs- und Klimageräte, sehr tiefe Abstimmung. Preis und Lieferzeit auf Anfrage.","<p>Stahlfeder-Isolator für Lüftungs- und Klimageräte, sehr tiefe Abstimmung.</p><table><tbody><tr><th>Hersteller</th><td>Getzner</td></tr><tr><th>Serie / Artikel</th><td>Isotop SD 7 (Best.-Nr. 39457)</td></tr><tr><th>Maß / Ø (mm)</th><td>70</td></tr><tr><th>Material</th><td>Stahlfeder verzinkt oder KTL</td></tr><tr><th>Gewinde / Anschluss</th><td>M10 Innengewinde</td></tr><tr><th>Traglast (N)</th><td>3041</td></tr><tr><th>Dämpfung / Härte</th><td>Eigenfrequenz 3,2-3,4 Hz</td></tr><tr><th>Varianten laut Hersteller</th><td>2</td></tr></tbody></table><p>Technische Angaben nach Herstellerunterlagen, ohne Gewähr. Passende Ausführung, Preis und Lieferzeit nennen wir Ihnen auf Anfrage.</p>",taxable,1,,Schwingungsdämpfer,,Getzner,Anwendung,"Maschine / Anlage, Klima- / Lüftungsgerät",1,1,Funktion,Schwingungsdämpfung,1,1,Bauform,Schwingungsdämpfer,1,1,Material,Stahl,1,1,Gewinde,M10,1,1,Traglast,3041 N,1,0,Durchmesser,70 mm,1,0,,,,,,,,,1,vergleich
simple,BF-V-2D7F3A15,Getzner Isotop SD 8 (Best.-Nr. 39458),1,0,visible,"Stahlfeder-Isolator für Lüftungs- und Klimageräte, sehr tiefe Abstimmung. Preis und Lieferzeit auf Anfrage.","<p>Stahlfeder-Isolator für Lüftungs- und Klimageräte, sehr tiefe Abstimmung.</p><table><tbody><tr><th>Hersteller</th><td>Getzner</td></tr><tr><th>Serie / Artikel</th><td>Isotop SD 8 (Best.-Nr. 39458)</td></tr><tr><th>Maß / Ø (mm)</th><td>70</td></tr><tr><th>Material</th><td>Stahlfeder verzinkt oder KTL</td></tr><tr><th>Gewinde / Anschluss</th><td>M10 Innengewinde</td></tr><tr><th>Traglast (N)</th><td>4120</td></tr><tr><th>Dämpfung / Härte</th><td>Eigenfrequenz 3,2-3,4 Hz</td></tr><tr><th>Varianten laut Hersteller</th><td>2</td></tr></tbody></table><p>Technische Angaben nach Herstellerunterlagen, ohne Gewähr. Passende Ausführung, Preis und Lieferzeit nennen wir Ihnen auf Anfrage.</p>",taxable,1,,Schwingungsdämpfer,,Getzner,Anwendung,"Maschine / Anlage, Klima- / Lüftungsgerät",1,1,Funktion,Schwingungsdämpfung,1,1,Bauform,Schwingungsdämpfer,1,1,Material,Stahl,1,1,Gewinde,M10,1,1,Traglast,4120 N,1,0,Durchmesser,70 mm,1,0,,,,,,,,,1,vergleich
simple,BF-V-87D287E1,Getzner Isotop SD 9 (Best.-Nr. 39459),1,0,visible,"Stahlfeder-Isolator für Lüftungs- und Klimageräte, sehr tiefe Abstimmung. Preis und Lieferzeit auf Anfrage.","<p>Stahlfeder-Isolator für Lüftungs- und Klimageräte, sehr tiefe Abstimmung.</p><table><tbody><tr><th>Hersteller</th><td>Getzner</td></tr><tr><th>Serie / Artikel</th><td>Isotop SD 9 (Best.-Nr. 39459)</td></tr><tr><th>Maß / Ø (mm)</th><td>70</td></tr><tr><th>Material</th><td>Stahlfeder verzinkt oder KTL</td></tr><tr><th>Gewinde / Anschluss</th><td>M10 Innengewinde</td></tr><tr><th>Traglast (N)</th><td>5150</td></tr><tr><th>Dämpfung / Härte</th><td>Eigenfrequenz 3,2-3,4 Hz</td></tr><tr><th>Varianten laut Hersteller</th><td>2</td></tr></tbody></table><p>Technische Angaben nach Herstellerunterlagen, ohne Gewähr. Passende Ausführung, Preis und Lieferzeit nennen wir Ihnen auf Anfrage.</p>",taxable,1,,Schwingungsdämpfer,,Getzner,Anwendung,"Maschine / Anlage, Klima- / Lüftungsgerät",1,1,Funktion,Schwingungsdämpfung,1,1,Bauform,Schwingungsdämpfer,1,1,Material,Stahl,1,1,Gewinde,M10,1,1,Traglast,5150 N,1,0,Durchmesser,70 mm,1,0,,,,,,,,,1,vergleich
simple,BF-V-11AC5920,Getzner Isotop SE pro 133-1,1,0,visible,"Sandwichelement Stahlplatte mit Sylomer, rutschfest, für Gebäudetechnik. Preis und Lieferzeit auf Anfrage.","<p>Sandwichelement Stahlplatte mit Sylomer, rutschfest, für Gebäudetechnik.</p><table><tbody><tr><th>Hersteller</th><td>Getzner</td></tr><tr><th>Serie / Artikel</th><td>Isotop SE pro 133-1</td></tr><tr><th>Material</th><td>Stahl verzinkt, Sylomer/Sylodyn</td></tr><tr><th>Gewinde / Anschluss</th><td>M12 Innengewinde</td></tr><tr><th>Traglast (N)</th><td>13048</td></tr><tr><th>Dämpfung / Härte</th><td>Eigenfrequenz 7,9-9,6 Hz</td></tr><tr><th>Varianten laut Hersteller</th><td>1</td></tr></tbody></table><p>Technische Angaben nach Herstellerunterlagen, ohne Gewähr. Passende Ausführung, Preis und Lieferzeit nennen wir Ihnen auf Anfrage.</p>",taxable,1,,Schwingungsdämpfer,,Getzner,Anwendung,"Maschine / Anlage, Klima- / Lüftungsgerät",1,1,Funktion,Schwingungsdämpfung,1,1,Bauform,Schwingungsdämpfer,1,1,Material,Stahl,1,1,Gewinde,M12,1,1,Traglast,13048 N,1,0,,,,,,,,,,,,,1,vergleich
simple,BF-V-AC70B2B9,Getzner Isotop SE pro 14-1,1,0,visible,"Sandwichelement Stahlplatte mit Sylomer, rutschfest, für Gebäudetechnik. Preis und Lieferzeit auf Anfrage.","<p>Sandwichelement Stahlplatte mit Sylomer, rutschfest, für Gebäudetechnik.</p><table><tbody><tr><th>Hersteller</th><td>Getzner</td></tr><tr><th>Serie / Artikel</th><td>Isotop SE pro 14-1</td></tr><tr><th>Material</th><td>Stahl verzinkt, Sylomer/Sylodyn</td></tr><tr><th>Gewinde / Anschluss</th><td>M12 Innengewinde</td></tr><tr><th>Traglast (N)</th><td>1452</td></tr><tr><th>Dämpfung / Härte</th><td>Eigenfrequenz 7,9-9,6 Hz</td></tr><tr><th>Varianten laut Hersteller</th><td>1</td></tr></tbody></table><p>Technische Angaben nach Herstellerunterlagen, ohne Gewähr. Passende Ausführung, Preis und Lieferzeit nennen wir Ihnen auf Anfrage.</p>",taxable,1,,Schwingungsdämpfer,,Getzner,Anwendung,"Maschine / Anlage, Klima- / Lüftungsgerät",1,1,Funktion,Schwingungsdämpfung,1,1,Bauform,Schwingungsdämpfer,1,1,Material,Stahl,1,1,Gewinde,M12,1,1,Traglast,1452 N,1,0,,,,,,,,,,,,,1,vergleich
simple,BF-V-51235121,Getzner Isotop SE pro 225-1,1,0,visible,"Sandwichelement Stahlplatte mit Sylomer, rutschfest, für Gebäudetechnik. Preis und Lieferzeit auf Anfrage.","<p>Sandwichelement Stahlplatte mit Sylomer, rutschfest, für Gebäudetechnik.</p><table><tbody><tr><th>Hersteller</th><td>Getzner</td></tr><tr><th>Serie / Artikel</th><td>Isotop SE pro 225-1</td></tr><tr><th>Material</th><td>Stahl verzinkt, Sylomer/Sylodyn</td></tr><tr><th>Gewinde / Anschluss</th><td>M12 Innengewinde</td></tr><tr><th>Traglast (N)</th><td>22073</td></tr><tr><th>Dämpfung / Härte</th><td>Eigenfrequenz 7,9-9,6 Hz</td></tr><tr><th>Varianten laut Hersteller</th><td>1</td></tr></tbody></table><p>Technische Angaben nach Herstellerunterlagen, ohne Gewähr. Passende Ausführung, Preis und Lieferzeit nennen wir Ihnen auf Anfrage.</p>",taxable,1,,Schwingungsdämpfer,,Getzner,Anwendung,"Maschine / Anlage, Klima- / Lüftungsgerät",1,1,Funktion,"Schwingungsdämpfung, Hohe Traglast",1,1,Bauform,Schwingungsdämpfer,1,1,Material,Stahl,1,1,Gewinde,M12,1,1,Traglast,22073 N,1,0,,,,,,,,,,,,,1,vergleich
simple,BF-V-40CC0C5B,Getzner Isotop SE pro 28-1,1,0,visible,"Sandwichelement Stahlplatte mit Sylomer, rutschfest, für Gebäudetechnik. Preis und Lieferzeit auf Anfrage.","<p>Sandwichelement Stahlplatte mit Sylomer, rutschfest, für Gebäudetechnik.</p><table><tbody><tr><th>Hersteller</th><td>Getzner</td></tr><tr><th>Serie / Artikel</th><td>Isotop SE pro 28-1</td></tr><tr><th>Material</th><td>Stahl verzinkt, Sylomer/Sylodyn</td></tr><tr><th>Gewinde / Anschluss</th><td>M12 Innengewinde</td></tr><tr><th>Traglast (N)</th><td>2796</td></tr><tr><th>Dämpfung / Härte</th><td>Eigenfrequenz 7,9-9,6 Hz</td></tr><tr><th>Varianten laut Hersteller</th><td>1</td></tr></tbody></table><p>Technische Angaben nach Herstellerunterlagen, ohne Gewähr. Passende Ausführung, Preis und Lieferzeit nennen wir Ihnen auf Anfrage.</p>",taxable,1,,Schwingungsdämpfer,,Getzner,Anwendung,"Maschine / Anlage, Klima- / Lüftungsgerät",1,1,Funktion,Schwingungsdämpfung,1,1,Bauform,Schwingungsdämpfer,1,1,Material,Stahl,1,1,Gewinde,M12,1,1,Traglast,2796 N,1,0,,,,,,,,,,,,,1,vergleich
simple,BF-V-1CFF975C,Getzner Isotop SE pro 67-1,1,0,visible,"Sandwichelement Stahlplatte mit Sylomer, rutschfest, für Gebäudetechnik. Preis und Lieferzeit auf Anfrage.","<p>Sandwichelement Stahlplatte mit Sylomer, rutschfest, für Gebäudetechnik.</p><table><tbody><tr><th>Hersteller</th><td>Getzner</td></tr><tr><th>Serie / Artikel</th><td>Isotop SE pro 67-1</td></tr><tr><th>Material</th><td>Stahl verzinkt, Sylomer/Sylodyn</td></tr><tr><th>Gewinde / Anschluss</th><td>M12 Innengewinde</td></tr><tr><th>Traglast (N)</th><td>6573</td></tr><tr><th>Dämpfung / Härte</th><td>Eigenfrequenz 7,9-9,6 Hz</td></tr><tr><th>Varianten laut Hersteller</th><td>1</td></tr></tbody></table><p>Technische Angaben nach Herstellerunterlagen, ohne Gewähr. Passende Ausführung, Preis und Lieferzeit nennen wir Ihnen auf Anfrage.</p>",taxable,1,,Schwingungsdämpfer,,Getzner,Anwendung,"Maschine / Anlage, Klima- / Lüftungsgerät",1,1,Funktion,Schwingungsdämpfung,1,1,Bauform,Schwingungsdämpfer,1,1,Material,Stahl,1,1,Gewinde,M12,1,1,Traglast,6573 N,1,0,,,,,,,,,,,,,1,vergleich
simple,BF-V-8477A3EC,Getzner Isotop SE pro 9-1,1,0,visible,"Sandwichelement Stahlplatte mit Sylomer, rutschfest, für Gebäudetechnik. Preis und Lieferzeit auf Anfrage.","<p>Sandwichelement Stahlplatte mit Sylomer, rutschfest, für Gebäudetechnik.</p><table><tbody><tr><th>Hersteller</th><td>Getzner</td></tr><tr><th>Serie / Artikel</th><td>Isotop SE pro 9-1</td></tr><tr><th>Material</th><td>Stahl verzinkt, Sylomer/Sylodyn</td></tr><tr><th>Gewinde / Anschluss</th><td>M12 Innengewinde</td></tr><tr><th>Traglast (N)</th><td>883</td></tr><tr><th>Dämpfung / Härte</th><td>Eigenfrequenz 7,9-9,6 Hz</td></tr><tr><th>Varianten laut Hersteller</th><td>1</td></tr></tbody></table><p>Technische Angaben nach Herstellerunterlagen, ohne Gewähr. Passende Ausführung, Preis und Lieferzeit nennen wir Ihnen auf Anfrage.</p>",taxable,1,,Schwingungsdämpfer,,Getzner,Anwendung,"Maschine / Anlage, Klima- / Lüftungsgerät",1,1,Funktion,Schwingungsdämpfung,1,1,Bauform,Schwingungsdämpfer,1,1,Material,Stahl,1,1,Gewinde,M12,1,1,Traglast,883 N,1,0,,,,,,,,,,,,,1,vergleich
simple,BF-V-94879B3D,Getzner Sylomer CGR-10,1,0,visible,"Verdichter-Tülle für Kälte- und Klimakompressoren, UV-beständig. Preis und Lieferzeit auf Anfrage.","<p>Verdichter-Tülle für Kälte- und Klimakompressoren, UV-beständig.</p><table><tbody><tr><th>Hersteller</th><td>Getzner</td></tr><tr><th>Serie / Artikel</th><td>Sylomer CGR-10</td></tr><tr><th>Material</th><td>Sylomer, Stahlhülse</td></tr><tr><th>Gewinde / Anschluss</th><td>M8</td></tr><tr><th>Traglast (N)</th><td>98</td></tr><tr><th>Dämpfung / Härte</th><td>Eigenfrequenz 12,7-14 Hz</td></tr><tr><th>Varianten laut Hersteller</th><td>1</td></tr></tbody></table><p>Technische Angaben nach Herstellerunterlagen, ohne Gewähr. Passende Ausführung, Preis und Lieferzeit nennen wir Ihnen auf Anfrage.</p>",taxable,1,,Schwingungsdämpfer,,Getzner,Anwendung,"Maschine / Anlage, Klima- / Lüftungsgerät",1,1,Funktion,Schwingungsdämpfung,1,1,Bauform,Schwingungsdämpfer,1,1,Material,Stahl,1,1,Gewinde,M8,1,1,Traglast,98 N,1,0,,,,,,,,,,,,,1,vergleich
simple,BF-V-F8272BA0,Getzner Sylomer CGR-20,1,0,visible,"Verdichter-Tülle für Kälte- und Klimakompressoren, UV-beständig. Preis und Lieferzeit auf Anfrage.","<p>Verdichter-Tülle für Kälte- und Klimakompressoren, UV-beständig.</p><table><tbody><tr><th>Hersteller</th><td>Getzner</td></tr><tr><th>Serie / Artikel</th><td>Sylomer CGR-20</td></tr><tr><th>Material</th><td>Sylomer, Stahlhülse</td></tr><tr><th>Gewinde / Anschluss</th><td>M8</td></tr><tr><th>Traglast (N)</th><td>196</td></tr><tr><th>Dämpfung / Härte</th><td>Eigenfrequenz 12,7-14 Hz</td></tr><tr><th>Varianten laut Hersteller</th><td>1</td></tr></tbody></table><p>Technische Angaben nach Herstellerunterlagen, ohne Gewähr. Passende Ausführung, Preis und Lieferzeit nennen wir Ihnen auf Anfrage.</p>",taxable,1,,Schwingungsdämpfer,,Getzner,Anwendung,"Maschine / Anlage, Klima- / Lüftungsgerät",1,1,Funktion,Schwingungsdämpfung,1,1,Bauform,Schwingungsdämpfer,1,1,Material,Stahl,1,1,Gewinde,M8,1,1,Traglast,196 N,1,0,,,,,,,,,,,,,1,vergleich
simple,BF-V-F5331DFA,Getzner Sylomer CGR-3,1,0,visible,"Verdichter-Tülle für Kälte- und Klimakompressoren, UV-beständig. Preis und Lieferzeit auf Anfrage.","<p>Verdichter-Tülle für Kälte- und Klimakompressoren, UV-beständig.</p><table><tbody><tr><th>Hersteller</th><td>Getzner</td></tr><tr><th>Serie / Artikel</th><td>Sylomer CGR-3</td></tr><tr><th>Material</th><td>Sylomer, Stahlhülse</td></tr><tr><th>Gewinde / Anschluss</th><td>M8</td></tr><tr><th>Traglast (N)</th><td>29</td></tr><tr><th>Dämpfung / Härte</th><td>Eigenfrequenz 12,7-14 Hz</td></tr><tr><th>Varianten laut Hersteller</th><td>1</td></tr></tbody></table><p>Technische Angaben nach Herstellerunterlagen, ohne Gewähr. Passende Ausführung, Preis und Lieferzeit nennen wir Ihnen auf Anfrage.</p>",taxable,1,,Schwingungsdämpfer,,Getzner,Anwendung,"Maschine / Anlage, Klima- / Lüftungsgerät",1,1,Funktion,Schwingungsdämpfung,1,1,Bauform,Schwingungsdämpfer,1,1,Material,Stahl,1,1,Gewinde,M8,1,1,Traglast,29 N,1,0,,,,,,,,,,,,,1,vergleich
simple,BF-V-24ED28FA,Getzner Sylomer CGR-6,1,0,visible,"Verdichter-Tülle für Kälte- und Klimakompressoren, UV-beständig. Preis und Lieferzeit auf Anfrage.","<p>Verdichter-Tülle für Kälte- und Klimakompressoren, UV-beständig.</p><table><tbody><tr><th>Hersteller</th><td>Getzner</td></tr><tr><th>Serie / Artikel</th><td>Sylomer CGR-6</td></tr><tr><th>Material</th><td>Sylomer, Stahlhülse</td></tr><tr><th>Gewinde / Anschluss</th><td>M8</td></tr><tr><th>Traglast (N)</th><td>59</td></tr><tr><th>Dämpfung / Härte</th><td>Eigenfrequenz 12,7-14 Hz</td></tr><tr><th>Varianten laut Hersteller</th><td>1</td></tr></tbody></table><p>Technische Angaben nach Herstellerunterlagen, ohne Gewähr. Passende Ausführung, Preis und Lieferzeit nennen wir Ihnen auf Anfrage.</p>",taxable,1,,Schwingungsdämpfer,,Getzner,Anwendung,"Maschine / Anlage, Klima- / Lüftungsgerät",1,1,Funktion,Schwingungsdämpfung,1,1,Bauform,Schwingungsdämpfer,1,1,Material,Stahl,1,1,Gewinde,M8,1,1,Traglast,59 N,1,0,,,,,,,,,,,,,1,vergleich
simple,BF-V-3BB77D3C,Kipp K0567.01001057,1,0,visible,"Taillierter Gummi-Metall-Puffer Typ AT, beidseitig Außengewinde. Preis und Lieferzeit auf Anfrage.","<p>Taillierter Gummi-Metall-Puffer Typ AT, beidseitig Außengewinde.</p><table><tbody><tr><th>Hersteller</th><td>Kipp</td></tr><tr><th>Serie / Artikel</th><td>K0567.01001057</td></tr><tr><th>Maß / Ø (mm)</th><td>10</td></tr><tr><th>Material</th><td>Naturkautschuk, Stahl verzinkt</td></tr><tr><th>Gewinde / Anschluss</th><td>M4</td></tr><tr><th>Varianten laut Hersteller</th><td>1</td></tr></tbody></table><p>Technische Angaben nach Herstellerunterlagen, ohne Gewähr. Passende Ausführung, Preis und Lieferzeit nennen wir Ihnen auf Anfrage.</p>",taxable,1,,Schwingungsdämpfer,,Kipp,Anwendung,"Maschine / Anlage, Klima- / Lüftungsgerät",1,1,Funktion,Schwingungsdämpfung,1,1,Bauform,Schwingungsdämpfer,1,1,Material,"Stahl, Gummi / Elastomer",1,1,Gewinde,M4,1,1,Durchmesser,10 mm,1,0,,,,,,,,,,,,,1,vergleich
simple,BF-V-687EB24D,Kipp K0567.01501557,1,0,visible,"Taillierter Gummi-Metall-Puffer Typ AT, beidseitig Außengewinde. Preis und Lieferzeit auf Anfrage.","<p>Taillierter Gummi-Metall-Puffer Typ AT, beidseitig Außengewinde.</p><table><tbody><tr><th>Hersteller</th><td>Kipp</td></tr><tr><th>Serie / Artikel</th><td>K0567.01501557</td></tr><tr><th>Maß / Ø (mm)</th><td>15</td></tr><tr><th>Material</th><td>Naturkautschuk, Stahl verzinkt</td></tr><tr><th>Gewinde / Anschluss</th><td>M4</td></tr><tr><th>Varianten laut Hersteller</th><td>1</td></tr></tbody></table><p>Technische Angaben nach Herstellerunterlagen, ohne Gewähr. Passende Ausführung, Preis und Lieferzeit nennen wir Ihnen auf Anfrage.</p>",taxable,1,,Schwingungsdämpfer,,Kipp,Anwendung,"Maschine / Anlage, Klima- / Lüftungsgerät",1,1,Funktion,Schwingungsdämpfung,1,1,Bauform,Schwingungsdämpfer,1,1,Material,"Stahl, Gummi / Elastomer",1,1,Gewinde,M4,1,1,Durchmesser,15 mm,1,0,,,,,,,,,,,,,1,vergleich
simple,BF-V-2CDB3B6F,Kipp K0576.05003555,1,0,visible,"Balliger Gummipuffer Typ KE mit Innengewinde, Höhe 35 mm. Preis und Lieferzeit auf Anfrage.","<p>Balliger Gummipuffer Typ KE mit Innengewinde, Höhe 35 mm.</p><table><tbody><tr><th>Hersteller</th><td>Kipp</td></tr><tr><th>Serie / Artikel</th><td>K0576.05003555</td></tr><tr><th>Maß / Ø (mm)</th><td>50</td></tr><tr><th>Material</th><td>Stahl verzinkt, Naturkautschuk</td></tr><tr><th>Gewinde / Anschluss</th><td>M10</td></tr><tr><th>Traglast (N)</th><td>2200</td></tr><tr><th>Dämpfung / Härte</th><td>55 Shore A</td></tr><tr><th>Varianten laut Hersteller</th><td>1</td></tr></tbody></table><p>Technische Angaben nach Herstellerunterlagen, ohne Gewähr. Passende Ausführung, Preis und Lieferzeit nennen wir Ihnen auf Anfrage.</p>",taxable,1,,Schwingungsdämpfer,,Kipp,Anwendung,"Maschine / Anlage, Klima- / Lüftungsgerät",1,1,Funktion,Schwingungsdämpfung,1,1,Bauform,Schwingungsdämpfer,1,1,Material,"Stahl, Gummi / Elastomer",1,1,Gewinde,M10,1,1,Traglast,2200 N,1,0,Durchmesser,50 mm,1,0,,,,,,,,,1,vergleich
simple,BF-V-897A8F8D,Kipp K0576.05003570,1,0,visible,"Balliger Gummipuffer Typ KE mit Innengewinde, Höhe 35 mm. Preis und Lieferzeit auf Anfrage.","<p>Balliger Gummipuffer Typ KE mit Innengewinde, Höhe 35 mm.</p><table><tbody><tr><th>Hersteller</th><td>Kipp</td></tr><tr><th>Serie / Artikel</th><td>K0576.05003570</td></tr><tr><th>Maß / Ø (mm)</th><td>50</td></tr><tr><th>Material</th><td>Stahl verzinkt, Naturkautschuk</td></tr><tr><th>Gewinde / Anschluss</th><td>M10</td></tr><tr><th>Traglast (N)</th><td>8000</td></tr><tr><th>Dämpfung / Härte</th><td>70 Shore A</td></tr><tr><th>Varianten laut Hersteller</th><td>1</td></tr></tbody></table><p>Technische Angaben nach Herstellerunterlagen, ohne Gewähr. Passende Ausführung, Preis und Lieferzeit nennen wir Ihnen auf Anfrage.</p>",taxable,1,,Schwingungsdämpfer,,Kipp,Anwendung,"Maschine / Anlage, Klima- / Lüftungsgerät",1,1,Funktion,Schwingungsdämpfung,1,1,Bauform,Schwingungsdämpfer,1,1,Material,"Stahl, Gummi / Elastomer",1,1,Gewinde,M10,1,1,Traglast,8000 N,1,0,Durchmesser,50 mm,1,0,,,,,,,,,1,vergleich
simple,BF-V-49F1BA89,Kipp K0576.08006055,1,0,visible,"Balliger Gummipuffer Typ KE mit Innengewinde, Höhe 60 mm. Preis und Lieferzeit auf Anfrage.","<p>Balliger Gummipuffer Typ KE mit Innengewinde, Höhe 60 mm.</p><table><tbody><tr><th>Hersteller</th><td>Kipp</td></tr><tr><th>Serie / Artikel</th><td>K0576.08006055</td></tr><tr><th>Maß / Ø (mm)</th><td>80</td></tr><tr><th>Material</th><td>Stahl verzinkt, Naturkautschuk</td></tr><tr><th>Gewinde / Anschluss</th><td>M12</td></tr><tr><th>Traglast (N)</th><td>11000</td></tr><tr><th>Dämpfung / Härte</th><td>55 Shore A</td></tr><tr><th>Varianten laut Hersteller</th><td>1</td></tr></tbody></table><p>Technische Angaben nach Herstellerunterlagen, ohne Gewähr. Passende Ausführung, Preis und Lieferzeit nennen wir Ihnen auf Anfrage.</p>",taxable,1,,Schwingungsdämpfer,,Kipp,Anwendung,"Maschine / Anlage, Klima- / Lüftungsgerät",1,1,Funktion,Schwingungsdämpfung,1,1,Bauform,Schwingungsdämpfer,1,1,Material,"Stahl, Gummi / Elastomer",1,1,Gewinde,M12,1,1,Traglast,11000 N,1,0,Durchmesser,80 mm,1,0,,,,,,,,,1,vergleich
simple,BF-V-A307B24B,Kipp K0576.08006070,1,0,visible,"Balliger Gummipuffer Typ KE mit Innengewinde, Höhe 60 mm. Preis und Lieferzeit auf Anfrage.","<p>Balliger Gummipuffer Typ KE mit Innengewinde, Höhe 60 mm.</p><table><tbody><tr><th>Hersteller</th><td>Kipp</td></tr><tr><th>Serie / Artikel</th><td>K0576.08006070</td></tr><tr><th>Maß / Ø (mm)</th><td>80</td></tr><tr><th>Material</th><td>Stahl verzinkt, Naturkautschuk</td></tr><tr><th>Gewinde / Anschluss</th><td>M12</td></tr><tr><th>Traglast (N)</th><td>24000</td></tr><tr><th>Dämpfung / Härte</th><td>70 Shore A</td></tr><tr><th>Varianten laut Hersteller</th><td>1</td></tr></tbody></table><p>Technische Angaben nach Herstellerunterlagen, ohne Gewähr. Passende Ausführung, Preis und Lieferzeit nennen wir Ihnen auf Anfrage.</p>",taxable,1,,Schwingungsdämpfer,,Kipp,Anwendung,"Maschine / Anlage, Klima- / Lüftungsgerät",1,1,Funktion,"Schwingungsdämpfung, Hohe Traglast",1,1,Bauform,Schwingungsdämpfer,1,1,Material,"Stahl, Gummi / Elastomer",1,1,Gewinde,M12,1,1,Traglast,24000 N,1,0,Durchmesser,80 mm,1,0,,,,,,,,,1,vergleich
simple,BF-V-D1163685,Kipp K0576.12509055,1,0,visible,"Balliger Gummipuffer Typ KE mit Innengewinde, Höhe 93 mm. Preis und Lieferzeit auf Anfrage.","<p>Balliger Gummipuffer Typ KE mit Innengewinde, Höhe 93 mm.</p><table><tbody><tr><th>Hersteller</th><td>Kipp</td></tr><tr><th>Serie / Artikel</th><td>K0576.12509055</td></tr><tr><th>Maß / Ø (mm)</th><td>125</td></tr><tr><th>Material</th><td>Stahl verzinkt, Naturkautschuk</td></tr><tr><th>Gewinde / Anschluss</th><td>M16</td></tr><tr><th>Traglast (N)</th><td>20000</td></tr><tr><th>Dämpfung / Härte</th><td>55 Shore A</td></tr><tr><th>Varianten laut Hersteller</th><td>1</td></tr></tbody></table><p>Technische Angaben nach Herstellerunterlagen, ohne Gewähr. Passende Ausführung, Preis und Lieferzeit nennen wir Ihnen auf Anfrage.</p>",taxable,1,,Schwingungsdämpfer,,Kipp,Anwendung,"Maschine / Anlage, Klima- / Lüftungsgerät",1,1,Funktion,"Schwingungsdämpfung, Hohe Traglast",1,1,Bauform,Schwingungsdämpfer,1,1,Material,"Stahl, Gummi / Elastomer",1,1,Gewinde,M16,1,1,Traglast,20000 N,1,0,Durchmesser,125 mm,1,0,,,,,,,,,1,vergleich
simple,BF-V-CD5A7308,Kipp K0576.12509070,1,0,visible,"Balliger Gummipuffer Typ KE mit Innengewinde, Höhe 90 mm. Preis und Lieferzeit auf Anfrage.","<p>Balliger Gummipuffer Typ KE mit Innengewinde, Höhe 90 mm.</p><table><tbody><tr><th>Hersteller</th><td>Kipp</td></tr><tr><th>Serie / Artikel</th><td>K0576.12509070</td></tr><tr><th>Maß / Ø (mm)</th><td>125</td></tr><tr><th>Material</th><td>Stahl verzinkt, Naturkautschuk</td></tr><tr><th>Gewinde / Anschluss</th><td>M16</td></tr><tr><th>Traglast (N)</th><td>62000</td></tr><tr><th>Dämpfung / Härte</th><td>70 Shore A</td></tr><tr><th>Varianten laut Hersteller</th><td>1</td></tr></tbody></table><p>Technische Angaben nach Herstellerunterlagen, ohne Gewähr. Passende Ausführung, Preis und Lieferzeit nennen wir Ihnen auf Anfrage.</p>",taxable,1,,Schwingungsdämpfer,,Kipp,Anwendung,"Maschine / Anlage, Klima- / Lüftungsgerät",1,1,Funktion,"Schwingungsdämpfung, Hohe Traglast",1,1,Bauform,Schwingungsdämpfer,1,1,Material,"Stahl, Gummi / Elastomer",1,1,Gewinde,M16,1,1,Traglast,62000 N,1,0,Durchmesser,125 mm,1,0,,,,,,,,,1,vergleich
simple,BF-V-F35F36B9,Nivell Silent-Delta SDM,1,0,visible,Größeres Schwingungslager für schwere Maschinen ab 10 kN. Preis und Lieferzeit auf Anfrage.,"<p>Größeres Schwingungslager für schwere Maschinen ab 10 kN.</p><table><tbody><tr><th>Hersteller</th><td>Nivell</td></tr><tr><th>Serie / Artikel</th><td>Silent-Delta SDM</td></tr><tr><th>Material</th><td>Metall mit Gummieinlage</td></tr><tr><th>Gewinde / Anschluss</th><td>M16 / M20 / M24</td></tr><tr><th>Traglast (N)</th><td>ab 10000</td></tr><tr><th>Dämpfung / Härte</th><td>50/60/80/90 Shore A</td></tr></tbody></table><p>Technische Angaben nach Herstellerunterlagen, ohne Gewähr. Passende Ausführung, Preis und Lieferzeit nennen wir Ihnen auf Anfrage.</p>",taxable,1,,Schwingungsdämpfer,,Nivell,Anwendung,"Maschine / Anlage, Klima- / Lüftungsgerät",1,1,Funktion,Schwingungsdämpfung,1,1,Bauform,Schwingungsdämpfer,1,1,Material,Gummi / Elastomer,1,1,Gewinde,"M16, M20, M24",1,1,Traglast,ab 10000 N,1,0,,,,,,,,,,,,,1,vergleich
simple,BF-V-BB19974D,Nivell Silent-Delta SDS 30,1,0,visible,"Schwingungsisolierendes Maschinenlager, horizontal stabil, Gummieinlage. Preis und Lieferzeit auf Anfrage.","<p>Schwingungsisolierendes Maschinenlager, horizontal stabil, Gummieinlage.</p><table><tbody><tr><th>Hersteller</th><td>Nivell</td></tr><tr><th>Serie / Artikel</th><td>Silent-Delta SDS 30</td></tr><tr><th>Material</th><td>Metall mit einvulkanisiertem Gummi</td></tr><tr><th>Gewinde / Anschluss</th><td>ohne / M16 / M16x105</td></tr><tr><th>Traglast (N)</th><td>2000 max (1000 empfohlen)</td></tr><tr><th>Dämpfung / Härte</th><td>30 Shore A</td></tr><tr><th>Varianten laut Hersteller</th><td>3</td></tr></tbody></table><p>Technische Angaben nach Herstellerunterlagen, ohne Gewähr. Passende Ausführung, Preis und Lieferzeit nennen wir Ihnen auf Anfrage.</p>",taxable,1,,Schwingungsdämpfer,,Nivell,Anwendung,"Maschine / Anlage, Klima- / Lüftungsgerät",1,1,Funktion,Schwingungsdämpfung,1,1,Bauform,Schwingungsdämpfer,1,1,Material,Gummi / Elastomer,1,1,Gewinde,M16,1,1,Traglast,2000 max (1000 empfohlen) N,1,0,,,,,,,,,,,,,1,vergleich
simple,BF-V-5E500513,Nivell Silent-Delta SDS 50,1,0,visible,"Schwingungsisolierendes Maschinenlager, horizontal stabil, Gummieinlage. Preis und Lieferzeit auf Anfrage.","<p>Schwingungsisolierendes Maschinenlager, horizontal stabil, Gummieinlage.</p><table><tbody><tr><th>Hersteller</th><td>Nivell</td></tr><tr><th>Serie / Artikel</th><td>Silent-Delta SDS 50</td></tr><tr><th>Material</th><td>Metall mit einvulkanisiertem Gummi</td></tr><tr><th>Gewinde / Anschluss</th><td>ohne / M16 / M16x105</td></tr><tr><th>Traglast (N)</th><td>5000 max (2500 empfohlen)</td></tr><tr><th>Dämpfung / Härte</th><td>50 Shore A</td></tr><tr><th>Varianten laut Hersteller</th><td>3</td></tr></tbody></table><p>Technische Angaben nach Herstellerunterlagen, ohne Gewähr. Passende Ausführung, Preis und Lieferzeit nennen wir Ihnen auf Anfrage.</p>",taxable,1,,Schwingungsdämpfer,,Nivell,Anwendung,"Maschine / Anlage, Klima- / Lüftungsgerät",1,1,Funktion,Schwingungsdämpfung,1,1,Bauform,Schwingungsdämpfer,1,1,Material,Gummi / Elastomer,1,1,Gewinde,M16,1,1,Traglast,5000 max (2500 empfohlen) N,1,0,,,,,,,,,,,,,1,vergleich
simple,BF-V-40CA6980,Nivell Silent-Delta SDS 70,1,0,visible,"Schwingungsisolierendes Maschinenlager, horizontal stabil, Gummieinlage. Preis und Lieferzeit auf Anfrage.","<p>Schwingungsisolierendes Maschinenlager, horizontal stabil, Gummieinlage.</p><table><tbody><tr><th>Hersteller</th><td>Nivell</td></tr><tr><th>Serie / Artikel</th><td>Silent-Delta SDS 70</td></tr><tr><th>Material</th><td>Metall mit einvulkanisiertem Gummi</td></tr><tr><th>Gewinde / Anschluss</th><td>ohne / M16 / M16x105</td></tr><tr><th>Traglast (N)</th><td>10000 max (3500 empfohlen)</td></tr><tr><th>Dämpfung / Härte</th><td>70 Shore A</td></tr><tr><th>Varianten laut Hersteller</th><td>3</td></tr></tbody></table><p>Technische Angaben nach Herstellerunterlagen, ohne Gewähr. Passende Ausführung, Preis und Lieferzeit nennen wir Ihnen auf Anfrage.</p>",taxable,1,,Schwingungsdämpfer,,Nivell,Anwendung,"Maschine / Anlage, Klima- / Lüftungsgerät",1,1,Funktion,Schwingungsdämpfung,1,1,Bauform,Schwingungsdämpfer,1,1,Material,Gummi / Elastomer,1,1,Gewinde,M16,1,1,Traglast,10000 max (3500 empfohlen) N,1,0,,,,,,,,,,,,,1,vergleich
simple,BF-V-00DF7996,Nivell Silent-Delta SDS 90,1,0,visible,"Schwingungsisolierendes Maschinenlager, horizontal stabil, Gummieinlage. Preis und Lieferzeit auf Anfrage.","<p>Schwingungsisolierendes Maschinenlager, horizontal stabil, Gummieinlage.</p><table><tbody><tr><th>Hersteller</th><td>Nivell</td></tr><tr><th>Serie / Artikel</th><td>Silent-Delta SDS 90</td></tr><tr><th>Material</th><td>Metall mit einvulkanisiertem Gummi</td></tr><tr><th>Gewinde / Anschluss</th><td>ohne / M16 / M16x105</td></tr><tr><th>Traglast (N)</th><td>15000 max (5000 empfohlen)</td></tr><tr><th>Dämpfung / Härte</th><td>90 Shore A</td></tr><tr><th>Varianten laut Hersteller</th><td>3</td></tr></tbody></table><p>Technische Angaben nach Herstellerunterlagen, ohne Gewähr. Passende Ausführung, Preis und Lieferzeit nennen wir Ihnen auf Anfrage.</p>",taxable,1,,Schwingungsdämpfer,,Nivell,Anwendung,"Maschine / Anlage, Klima- / Lüftungsgerät",1,1,Funktion,Schwingungsdämpfung,1,1,Bauform,Schwingungsdämpfer,1,1,Material,Gummi / Elastomer,1,1,Gewinde,M16,1,1,Traglast,15000 max (5000 empfohlen) N,1,0,,,,,,,,,,,,,1,vergleich
